{"CategoryName":"Imported Playbooks","OverviewTemplatesDetails":[],"WidgetTemplates":null,"Definition":{"Identifier":"a0dfa361-0e44-4b07-9bab-32e8b41ceb36","IsEnable":true,"Version":0.0,"IsArchived":false,"IsAutomatic":true,"Name":"Alert Prioritization","Category":2,"Description":"An embedded workflow that can receive inputs and return an output.","Priority":2,"Creator":"25d7f19d-80d3-4b38-971d-b16418374708","VersionCreator":null,"VersionComment":null,"OriginalWorkflowIdentifier":"a0dfa361-0e44-4b07-9bab-32e8b41ceb36","TemplateName":null,"PlaybookType":1,"IsDebugMode":false,"DebugBaseAlertIdentifier":null,"DebugAlertIdentifier":null,"SimulationClone":false,"DefaultAccessLevel":0,"Steps":[{"Identifier":"054958e1-ed57-47ff-b7b1-7daac7b634be","OriginalStepIdentifier":"149ec353-16f2-4eef-a895-7eb3d2ded447","ParentWorkflowIdentifier":"a0dfa361-0e44-4b07-9bab-32e8b41ceb36","ParentStepIdentifiers":["b8165b7d-876b-4401-810f-09db7f8ad3d7"],"ParentStepIdentifier":"b8165b7d-876b-4401-810f-09db7f8ad3d7","PreviousResultCondition":"{}","InstanceName":"Assign Priority","IsAutomatic":true,"Name":"Condition","IsSkippable":false,"Description":"This condition determines the progress of the playbook. Conditions are built based on cases data (cases, alerts, vents, entities and environment properties) as-well as data that comes back from previous playbook steps.","ActionProvider":"Flow","ActionName":"IfFlowCondition","Type":4,"Integration":"Flow","Parameters":[{"ParentStepIdentifier":"054958e1-ed57-47ff-b7b1-7daac7b634be","ParentWorkflowIdentifier":"a0dfa361-0e44-4b07-9bab-32e8b41ceb36","Name":"AssignedUsers","Value":null},{"ParentStepIdentifier":"054958e1-ed57-47ff-b7b1-7daac7b634be","ParentWorkflowIdentifier":"a0dfa361-0e44-4b07-9bab-32e8b41ceb36","Name":"Branches","Value":"[{\"LogicalOperator\":0,\"Conditions\":[{\"Operator\":0,\"FieldName\":\"[Functions_Math Arithmetic_2.ScriptResult]\",\"Type\":2,\"Value\":\"4\"}],\"Order\":1,\"IsDefaultBranch\":false,\"Name\":\"Branch\"},{\"LogicalOperator\":0,\"Conditions\":[],\"Order\":5,\"IsDefaultBranch\":true,\"Name\":\"Branch\"},{\"LogicalOperator\":0,\"Conditions\":[{\"Operator\":0,\"FieldName\":\"[Functions_Math Arithmetic_2.ScriptResult]\",\"Type\":2,\"Value\":\"3\"}],\"Order\":2,\"IsDefaultBranch\":false,\"Name\":\"Branch\"},{\"LogicalOperator\":0,\"Conditions\":[{\"Operator\":0,\"FieldName\":\"[Functions_Math Arithmetic_2.ScriptResult]\",\"Type\":2,\"Value\":\"2\"}],\"Order\":3,\"IsDefaultBranch\":false,\"Name\":\"Branch\"},{\"LogicalOperator\":0,\"Conditions\":[{\"Operator\":0,\"FieldName\":\"[Functions_Math Arithmetic_2.ScriptResult]\",\"Type\":2,\"Value\":\"1\"}],\"Order\":4,\"IsDefaultBranch\":false,\"Name\":\"Branch\"}]"},{"ParentStepIdentifier":"054958e1-ed57-47ff-b7b1-7daac7b634be","ParentWorkflowIdentifier":"a0dfa361-0e44-4b07-9bab-32e8b41ceb36","Name":"ErrorFallbackBranch","Value":null},{"ParentStepIdentifier":"054958e1-ed57-47ff-b7b1-7daac7b634be","ParentWorkflowIdentifier":"a0dfa361-0e44-4b07-9bab-32e8b41ceb36","Name":"HasApprovalLink","Value":null},{"ParentStepIdentifier":"054958e1-ed57-47ff-b7b1-7daac7b634be","ParentWorkflowIdentifier":"a0dfa361-0e44-4b07-9bab-32e8b41ceb36","Name":"MessageToAssignee","Value":null},{"ParentStepIdentifier":"054958e1-ed57-47ff-b7b1-7daac7b634be","ParentWorkflowIdentifier":"a0dfa361-0e44-4b07-9bab-32e8b41ceb36","Name":"PendingActionTimeout","Value":null},{"ParentStepIdentifier":"054958e1-ed57-47ff-b7b1-7daac7b634be","ParentWorkflowIdentifier":"a0dfa361-0e44-4b07-9bab-32e8b41ceb36","Name":"SelectedScopeName","Value":"All entities"}],"AutoSkipOnFailure":false,"IsDebugMockData":false,"StepDebugData":null},{"Identifier":"1e283dfc-feea-4f67-852c-b5671d23d828","OriginalStepIdentifier":"2b366f6b-1941-4193-ac9f-d04053aabcd7","ParentWorkflowIdentifier":"a0dfa361-0e44-4b07-9bab-32e8b41ceb36","ParentStepIdentifiers":["5c2e22ea-786b-440f-8dc9-f1dbd6d4c575"],"ParentStepIdentifier":"5c2e22ea-786b-440f-8dc9-f1dbd6d4c575","PreviousResultCondition":"{\n  \"5c2e22ea-786b-440f-8dc9-f1dbd6d4c575\": \"2\"\n}","InstanceName":"TO INFORMATIONAL","IsAutomatic":true,"Name":"Siemplify_Change Alert Priority","IsSkippable":false,"Description":"Automatically change the alert priority to the given input","ActionProvider":"Scripts","ActionName":"Siemplify_Change Alert Priority","Type":0,"Integration":"Siemplify","Parameters":[{"ParentStepIdentifier":"1e283dfc-feea-4f67-852c-b5671d23d828","ParentWorkflowIdentifier":"a0dfa361-0e44-4b07-9bab-32e8b41ceb36","Name":"AssignedUsers","Value":null},{"ParentStepIdentifier":"1e283dfc-feea-4f67-852c-b5671d23d828","ParentWorkflowIdentifier":"a0dfa361-0e44-4b07-9bab-32e8b41ceb36","Name":"AsyncActionTimeout","Value":"86400"},{"ParentStepIdentifier":"1e283dfc-feea-4f67-852c-b5671d23d828","ParentWorkflowIdentifier":"a0dfa361-0e44-4b07-9bab-32e8b41ceb36","Name":"AsyncPollingInterval","Value":"3600"},{"ParentStepIdentifier":"1e283dfc-feea-4f67-852c-b5671d23d828","ParentWorkflowIdentifier":"a0dfa361-0e44-4b07-9bab-32e8b41ceb36","Name":"FallbackIntegrationInstance","Value":null},{"ParentStepIdentifier":"1e283dfc-feea-4f67-852c-b5671d23d828","ParentWorkflowIdentifier":"a0dfa361-0e44-4b07-9bab-32e8b41ceb36","Name":"HasApprovalLink","Value":null},{"ParentStepIdentifier":"1e283dfc-feea-4f67-852c-b5671d23d828","ParentWorkflowIdentifier":"a0dfa361-0e44-4b07-9bab-32e8b41ceb36","Name":"IntegrationInstance","Value":"5a47e2d9-4731-4b72-91db-6cc0677252d1"},{"ParentStepIdentifier":"1e283dfc-feea-4f67-852c-b5671d23d828","ParentWorkflowIdentifier":"a0dfa361-0e44-4b07-9bab-32e8b41ceb36","Name":"MessageToAssignee","Value":null},{"ParentStepIdentifier":"1e283dfc-feea-4f67-852c-b5671d23d828","ParentWorkflowIdentifier":"a0dfa361-0e44-4b07-9bab-32e8b41ceb36","Name":"PendingActionTimeout","Value":null},{"ParentStepIdentifier":"1e283dfc-feea-4f67-852c-b5671d23d828","ParentWorkflowIdentifier":"a0dfa361-0e44-4b07-9bab-32e8b41ceb36","Name":"ScriptName","Value":"Siemplify_Change Alert Priority"},{"ParentStepIdentifier":"1e283dfc-feea-4f67-852c-b5671d23d828","ParentWorkflowIdentifier":"a0dfa361-0e44-4b07-9bab-32e8b41ceb36","Name":"ScriptParametersEntityFields","Value":"{\"Alert Priority\":\"Informative\"}"},{"ParentStepIdentifier":"1e283dfc-feea-4f67-852c-b5671d23d828","ParentWorkflowIdentifier":"a0dfa361-0e44-4b07-9bab-32e8b41ceb36","Name":"SelectedScopeName","Value":"All entities"}],"AutoSkipOnFailure":false,"IsDebugMockData":false,"StepDebugData":null},{"Identifier":"21a0328c-cf1f-44f3-9a80-88deedec3c0a","OriginalStepIdentifier":"bed94902-feb5-40d7-814a-0915a103a2bb","ParentWorkflowIdentifier":"a0dfa361-0e44-4b07-9bab-32e8b41ceb36","ParentStepIdentifiers":["467b22e4-911f-44df-b91f-b3d1570ea81d"],"ParentStepIdentifier":"467b22e4-911f-44df-b91f-b3d1570ea81d","PreviousResultCondition":"{}","InstanceName":"Add 0,1","IsAutomatic":true,"Name":"Functions_Math Arithmetic","IsSkippable":false,"Description":"A set of built in math operators:\nPlus - returns a result for the sum of 2 arguments\nSub - returns a result for 1 argument minus the other\nMulti - returns a result for 1 argument multiplied by the other\nDiv - returns a result for 1 argument divided by the other\nMod - returns the result of the percentage between 2 arguments","ActionProvider":"Scripts","ActionName":"Functions_Math Arithmetic","Type":0,"Integration":"Functions","Parameters":[{"ParentStepIdentifier":"21a0328c-cf1f-44f3-9a80-88deedec3c0a","ParentWorkflowIdentifier":"a0dfa361-0e44-4b07-9bab-32e8b41ceb36","Name":"AssignedUsers","Value":null},{"ParentStepIdentifier":"21a0328c-cf1f-44f3-9a80-88deedec3c0a","ParentWorkflowIdentifier":"a0dfa361-0e44-4b07-9bab-32e8b41ceb36","Name":"AsyncActionTimeout","Value":"86400"},{"ParentStepIdentifier":"21a0328c-cf1f-44f3-9a80-88deedec3c0a","ParentWorkflowIdentifier":"a0dfa361-0e44-4b07-9bab-32e8b41ceb36","Name":"AsyncPollingInterval","Value":"3600"},{"ParentStepIdentifier":"21a0328c-cf1f-44f3-9a80-88deedec3c0a","ParentWorkflowIdentifier":"a0dfa361-0e44-4b07-9bab-32e8b41ceb36","Name":"FallbackIntegrationInstance","Value":null},{"ParentStepIdentifier":"21a0328c-cf1f-44f3-9a80-88deedec3c0a","ParentWorkflowIdentifier":"a0dfa361-0e44-4b07-9bab-32e8b41ceb36","Name":"HasApprovalLink","Value":null},{"ParentStepIdentifier":"21a0328c-cf1f-44f3-9a80-88deedec3c0a","ParentWorkflowIdentifier":"a0dfa361-0e44-4b07-9bab-32e8b41ceb36","Name":"IntegrationInstance","Value":"2e96d39b-28a0-4d9c-ac90-4c704183566e"},{"ParentStepIdentifier":"21a0328c-cf1f-44f3-9a80-88deedec3c0a","ParentWorkflowIdentifier":"a0dfa361-0e44-4b07-9bab-32e8b41ceb36","Name":"MessageToAssignee","Value":null},{"ParentStepIdentifier":"21a0328c-cf1f-44f3-9a80-88deedec3c0a","ParentWorkflowIdentifier":"a0dfa361-0e44-4b07-9bab-32e8b41ceb36","Name":"PendingActionTimeout","Value":null},{"ParentStepIdentifier":"21a0328c-cf1f-44f3-9a80-88deedec3c0a","ParentWorkflowIdentifier":"a0dfa361-0e44-4b07-9bab-32e8b41ceb36","Name":"ScriptName","Value":"Functions_Math Arithmetic"},{"ParentStepIdentifier":"21a0328c-cf1f-44f3-9a80-88deedec3c0a","ParentWorkflowIdentifier":"a0dfa361-0e44-4b07-9bab-32e8b41ceb36","Name":"ScriptParametersEntityFields","Value":"{\"Function\":\"Plus\",\"Arg 2\":\"0.1\",\"Arg 1\":\"[Divide 2.ScriptResult]\"}"},{"ParentStepIdentifier":"21a0328c-cf1f-44f3-9a80-88deedec3c0a","ParentWorkflowIdentifier":"a0dfa361-0e44-4b07-9bab-32e8b41ceb36","Name":"SelectedScopeName","Value":"All entities"}],"AutoSkipOnFailure":false,"IsDebugMockData":false,"StepDebugData":null},{"Identifier":"3ca3df88-c648-4085-ae2a-e2d3ccf2a4e2","OriginalStepIdentifier":"bd081581-0d8c-409a-9abc-3fb94148316e","ParentWorkflowIdentifier":"a0dfa361-0e44-4b07-9bab-32e8b41ceb36","ParentStepIdentifiers":["d47f1bd8-cfe6-424d-9f17-a9a54d360d8a"],"ParentStepIdentifier":"d47f1bd8-cfe6-424d-9f17-a9a54d360d8a","PreviousResultCondition":"{}","InstanceName":"Output_1","IsAutomatic":true,"Name":"Output","IsSkippable":false,"Description":"","ActionProvider":"Flow","ActionName":"OutputAction","Type":6,"Integration":"Flow","Parameters":[{"ParentStepIdentifier":"3ca3df88-c648-4085-ae2a-e2d3ccf2a4e2","ParentWorkflowIdentifier":"a0dfa361-0e44-4b07-9bab-32e8b41ceb36","Name":"NestedWorkflowOutput","Value":null}],"AutoSkipOnFailure":false,"IsDebugMockData":false,"StepDebugData":null},{"Identifier":"3d7f3018-6042-4b23-9524-77b4c2cecb49","OriginalStepIdentifier":"b4c35a62-e19b-446d-b1bb-839b8734b280","ParentWorkflowIdentifier":"a0dfa361-0e44-4b07-9bab-32e8b41ceb36","ParentStepIdentifiers":["49e0bb73-7cc6-4dba-9510-feedd5a86d41"],"ParentStepIdentifier":"49e0bb73-7cc6-4dba-9510-feedd5a86d41","PreviousResultCondition":"{}","InstanceName":"Output_5","IsAutomatic":true,"Name":"Output","IsSkippable":false,"Description":"","ActionProvider":"Flow","ActionName":"OutputAction","Type":6,"Integration":"Flow","Parameters":[{"ParentStepIdentifier":"3d7f3018-6042-4b23-9524-77b4c2cecb49","ParentWorkflowIdentifier":"a0dfa361-0e44-4b07-9bab-32e8b41ceb36","Name":"NestedWorkflowOutput","Value":null}],"AutoSkipOnFailure":false,"IsDebugMockData":false,"StepDebugData":null},{"Identifier":"41d272f4-0aa0-4bd5-88d2-c5c083940850","OriginalStepIdentifier":"f22d9613-e6dc-4cb2-b487-ab5bf39d5aa1","ParentWorkflowIdentifier":"a0dfa361-0e44-4b07-9bab-32e8b41ceb36","ParentStepIdentifiers":["21a0328c-cf1f-44f3-9a80-88deedec3c0a"],"ParentStepIdentifier":"21a0328c-cf1f-44f3-9a80-88deedec3c0a","PreviousResultCondition":"{}","InstanceName":"round 2","IsAutomatic":true,"Name":"Functions_Math Functions","IsSkippable":false,"Description":"A set of built-in Python functions - \nAbs - returns the absolute value of a number\nFloat - returns a floating point number\nDisplay - converts the number to include commas where needed\nHex - converts a number into a hexadecimal value\nInt - returns an integer number\nMax - returns the largest item in an iterable \nMin - returns the smallest item in an iterable\nRound - rounds a number\nSort - returns a sorted number\nSum - sums the items of an iterator","ActionProvider":"Scripts","ActionName":"Functions_Math Functions","Type":0,"Integration":"Functions","Parameters":[{"ParentStepIdentifier":"41d272f4-0aa0-4bd5-88d2-c5c083940850","ParentWorkflowIdentifier":"a0dfa361-0e44-4b07-9bab-32e8b41ceb36","Name":"AssignedUsers","Value":null},{"ParentStepIdentifier":"41d272f4-0aa0-4bd5-88d2-c5c083940850","ParentWorkflowIdentifier":"a0dfa361-0e44-4b07-9bab-32e8b41ceb36","Name":"AsyncActionTimeout","Value":"86400"},{"ParentStepIdentifier":"41d272f4-0aa0-4bd5-88d2-c5c083940850","ParentWorkflowIdentifier":"a0dfa361-0e44-4b07-9bab-32e8b41ceb36","Name":"AsyncPollingInterval","Value":"3600"},{"ParentStepIdentifier":"41d272f4-0aa0-4bd5-88d2-c5c083940850","ParentWorkflowIdentifier":"a0dfa361-0e44-4b07-9bab-32e8b41ceb36","Name":"FallbackIntegrationInstance","Value":null},{"ParentStepIdentifier":"41d272f4-0aa0-4bd5-88d2-c5c083940850","ParentWorkflowIdentifier":"a0dfa361-0e44-4b07-9bab-32e8b41ceb36","Name":"HasApprovalLink","Value":null},{"ParentStepIdentifier":"41d272f4-0aa0-4bd5-88d2-c5c083940850","ParentWorkflowIdentifier":"a0dfa361-0e44-4b07-9bab-32e8b41ceb36","Name":"IntegrationInstance","Value":"2e96d39b-28a0-4d9c-ac90-4c704183566e"},{"ParentStepIdentifier":"41d272f4-0aa0-4bd5-88d2-c5c083940850","ParentWorkflowIdentifier":"a0dfa361-0e44-4b07-9bab-32e8b41ceb36","Name":"MessageToAssignee","Value":null},{"ParentStepIdentifier":"41d272f4-0aa0-4bd5-88d2-c5c083940850","ParentWorkflowIdentifier":"a0dfa361-0e44-4b07-9bab-32e8b41ceb36","Name":"PendingActionTimeout","Value":null},{"ParentStepIdentifier":"41d272f4-0aa0-4bd5-88d2-c5c083940850","ParentWorkflowIdentifier":"a0dfa361-0e44-4b07-9bab-32e8b41ceb36","Name":"ScriptName","Value":"Functions_Math Functions"},{"ParentStepIdentifier":"41d272f4-0aa0-4bd5-88d2-c5c083940850","ParentWorkflowIdentifier":"a0dfa361-0e44-4b07-9bab-32e8b41ceb36","Name":"ScriptParametersEntityFields","Value":"{\"Function\":\"Round\",\"Numbers\":\"[Add 0,1.ScriptResult]\"}"},{"ParentStepIdentifier":"41d272f4-0aa0-4bd5-88d2-c5c083940850","ParentWorkflowIdentifier":"a0dfa361-0e44-4b07-9bab-32e8b41ceb36","Name":"SelectedScopeName","Value":"All entities"}],"AutoSkipOnFailure":false,"IsDebugMockData":false,"StepDebugData":null},{"Identifier":"467b22e4-911f-44df-b91f-b3d1570ea81d","OriginalStepIdentifier":"e3cef64e-d2ae-4a9f-905f-3f48ff3a3fe3","ParentWorkflowIdentifier":"a0dfa361-0e44-4b07-9bab-32e8b41ceb36","ParentStepIdentifiers":["fd39e3f8-3dc6-458c-a505-596f7e845f5d"],"ParentStepIdentifier":"fd39e3f8-3dc6-458c-a505-596f7e845f5d","PreviousResultCondition":"{}","InstanceName":"Divide 2","IsAutomatic":true,"Name":"Functions_Math Arithmetic","IsSkippable":false,"Description":"A set of built in math operators:\nPlus - returns a result for the sum of 2 arguments\nSub - returns a result for 1 argument minus the other\nMulti - returns a result for 1 argument multiplied by the other\nDiv - returns a result for 1 argument divided by the other\nMod - returns the result of the percentage between 2 arguments","ActionProvider":"Scripts","ActionName":"Functions_Math Arithmetic","Type":0,"Integration":"Functions","Parameters":[{"ParentStepIdentifier":"467b22e4-911f-44df-b91f-b3d1570ea81d","ParentWorkflowIdentifier":"a0dfa361-0e44-4b07-9bab-32e8b41ceb36","Name":"AssignedUsers","Value":null},{"ParentStepIdentifier":"467b22e4-911f-44df-b91f-b3d1570ea81d","ParentWorkflowIdentifier":"a0dfa361-0e44-4b07-9bab-32e8b41ceb36","Name":"AsyncActionTimeout","Value":"86400"},{"ParentStepIdentifier":"467b22e4-911f-44df-b91f-b3d1570ea81d","ParentWorkflowIdentifier":"a0dfa361-0e44-4b07-9bab-32e8b41ceb36","Name":"AsyncPollingInterval","Value":"3600"},{"ParentStepIdentifier":"467b22e4-911f-44df-b91f-b3d1570ea81d","ParentWorkflowIdentifier":"a0dfa361-0e44-4b07-9bab-32e8b41ceb36","Name":"FallbackIntegrationInstance","Value":null},{"ParentStepIdentifier":"467b22e4-911f-44df-b91f-b3d1570ea81d","ParentWorkflowIdentifier":"a0dfa361-0e44-4b07-9bab-32e8b41ceb36","Name":"HasApprovalLink","Value":null},{"ParentStepIdentifier":"467b22e4-911f-44df-b91f-b3d1570ea81d","ParentWorkflowIdentifier":"a0dfa361-0e44-4b07-9bab-32e8b41ceb36","Name":"IntegrationInstance","Value":"2e96d39b-28a0-4d9c-ac90-4c704183566e"},{"ParentStepIdentifier":"467b22e4-911f-44df-b91f-b3d1570ea81d","ParentWorkflowIdentifier":"a0dfa361-0e44-4b07-9bab-32e8b41ceb36","Name":"MessageToAssignee","Value":null},{"ParentStepIdentifier":"467b22e4-911f-44df-b91f-b3d1570ea81d","ParentWorkflowIdentifier":"a0dfa361-0e44-4b07-9bab-32e8b41ceb36","Name":"PendingActionTimeout","Value":null},{"ParentStepIdentifier":"467b22e4-911f-44df-b91f-b3d1570ea81d","ParentWorkflowIdentifier":"a0dfa361-0e44-4b07-9bab-32e8b41ceb36","Name":"ScriptName","Value":"Functions_Math Arithmetic"},{"ParentStepIdentifier":"467b22e4-911f-44df-b91f-b3d1570ea81d","ParentWorkflowIdentifier":"a0dfa361-0e44-4b07-9bab-32e8b41ceb36","Name":"ScriptParametersEntityFields","Value":"{\"Function\":\"Div\",\"Arg 2\":\"2\",\"Arg 1\":\"[Round.ScriptResult]\"}"},{"ParentStepIdentifier":"467b22e4-911f-44df-b91f-b3d1570ea81d","ParentWorkflowIdentifier":"a0dfa361-0e44-4b07-9bab-32e8b41ceb36","Name":"SelectedScopeName","Value":"All entities"}],"AutoSkipOnFailure":false,"IsDebugMockData":false,"StepDebugData":null},{"Identifier":"49e0bb73-7cc6-4dba-9510-feedd5a86d41","OriginalStepIdentifier":"f7e3599e-ca59-4276-b76f-1e8e6584a2c6","ParentWorkflowIdentifier":"a0dfa361-0e44-4b07-9bab-32e8b41ceb36","ParentStepIdentifiers":["054958e1-ed57-47ff-b7b1-7daac7b634be"],"ParentStepIdentifier":"054958e1-ed57-47ff-b7b1-7daac7b634be","PreviousResultCondition":"{\n  \"054958e1-ed57-47ff-b7b1-7daac7b634be\": \"2\"\n}","InstanceName":"HIGH ","IsAutomatic":true,"Name":"Siemplify_Change Alert Priority","IsSkippable":false,"Description":"Automatically change the alert priority to the given input","ActionProvider":"Scripts","ActionName":"Siemplify_Change Alert Priority","Type":0,"Integration":"Siemplify","Parameters":[{"ParentStepIdentifier":"49e0bb73-7cc6-4dba-9510-feedd5a86d41","ParentWorkflowIdentifier":"a0dfa361-0e44-4b07-9bab-32e8b41ceb36","Name":"AssignedUsers","Value":null},{"ParentStepIdentifier":"49e0bb73-7cc6-4dba-9510-feedd5a86d41","ParentWorkflowIdentifier":"a0dfa361-0e44-4b07-9bab-32e8b41ceb36","Name":"AsyncActionTimeout","Value":"86400"},{"ParentStepIdentifier":"49e0bb73-7cc6-4dba-9510-feedd5a86d41","ParentWorkflowIdentifier":"a0dfa361-0e44-4b07-9bab-32e8b41ceb36","Name":"AsyncPollingInterval","Value":"3600"},{"ParentStepIdentifier":"49e0bb73-7cc6-4dba-9510-feedd5a86d41","ParentWorkflowIdentifier":"a0dfa361-0e44-4b07-9bab-32e8b41ceb36","Name":"FallbackIntegrationInstance","Value":null},{"ParentStepIdentifier":"49e0bb73-7cc6-4dba-9510-feedd5a86d41","ParentWorkflowIdentifier":"a0dfa361-0e44-4b07-9bab-32e8b41ceb36","Name":"HasApprovalLink","Value":null},{"ParentStepIdentifier":"49e0bb73-7cc6-4dba-9510-feedd5a86d41","ParentWorkflowIdentifier":"a0dfa361-0e44-4b07-9bab-32e8b41ceb36","Name":"IntegrationInstance","Value":"5a47e2d9-4731-4b72-91db-6cc0677252d1"},{"ParentStepIdentifier":"49e0bb73-7cc6-4dba-9510-feedd5a86d41","ParentWorkflowIdentifier":"a0dfa361-0e44-4b07-9bab-32e8b41ceb36","Name":"MessageToAssignee","Value":null},{"ParentStepIdentifier":"49e0bb73-7cc6-4dba-9510-feedd5a86d41","ParentWorkflowIdentifier":"a0dfa361-0e44-4b07-9bab-32e8b41ceb36","Name":"PendingActionTimeout","Value":null},{"ParentStepIdentifier":"49e0bb73-7cc6-4dba-9510-feedd5a86d41","ParentWorkflowIdentifier":"a0dfa361-0e44-4b07-9bab-32e8b41ceb36","Name":"ScriptName","Value":"Siemplify_Change Alert Priority"},{"ParentStepIdentifier":"49e0bb73-7cc6-4dba-9510-feedd5a86d41","ParentWorkflowIdentifier":"a0dfa361-0e44-4b07-9bab-32e8b41ceb36","Name":"ScriptParametersEntityFields","Value":"{\"Alert Priority\":\"High\"}"},{"ParentStepIdentifier":"49e0bb73-7cc6-4dba-9510-feedd5a86d41","ParentWorkflowIdentifier":"a0dfa361-0e44-4b07-9bab-32e8b41ceb36","Name":"SelectedScopeName","Value":"All entities"}],"AutoSkipOnFailure":false,"IsDebugMockData":false,"StepDebugData":null},{"Identifier":"4c1c1e69-2539-4c8d-8d5f-9a37ed8d6195","OriginalStepIdentifier":"82580aab-1b35-431a-9437-f1bfb8abb9f0","ParentWorkflowIdentifier":"a0dfa361-0e44-4b07-9bab-32e8b41ceb36","ParentStepIdentifiers":["a7a1d000-7a4e-47d6-8362-07735ffc7481"],"ParentStepIdentifier":"a7a1d000-7a4e-47d6-8362-07735ffc7481","PreviousResultCondition":"{}","InstanceName":"Output_2","IsAutomatic":true,"Name":"Output","IsSkippable":false,"Description":"","ActionProvider":"Flow","ActionName":"OutputAction","Type":6,"Integration":"Flow","Parameters":[{"ParentStepIdentifier":"4c1c1e69-2539-4c8d-8d5f-9a37ed8d6195","ParentWorkflowIdentifier":"a0dfa361-0e44-4b07-9bab-32e8b41ceb36","Name":"NestedWorkflowOutput","Value":null}],"AutoSkipOnFailure":false,"IsDebugMockData":false,"StepDebugData":null},{"Identifier":"5c2e22ea-786b-440f-8dc9-f1dbd6d4c575","OriginalStepIdentifier":"97f462d0-60ef-497b-8858-ce467e1de03d","ParentWorkflowIdentifier":"a0dfa361-0e44-4b07-9bab-32e8b41ceb36","ParentStepIdentifiers":[],"ParentStepIdentifier":"","PreviousResultCondition":null,"InstanceName":"Condition_1","IsAutomatic":true,"Name":"Condition","IsSkippable":false,"Description":"This condition determines the progress of the playbook. Conditions are built based on cases data (cases, alerts, vents, entities and environment properties) as-well as data that comes back from previous playbook steps.","ActionProvider":"Flow","ActionName":"IfFlowCondition","Type":4,"Integration":"Flow","Parameters":[{"ParentStepIdentifier":"5c2e22ea-786b-440f-8dc9-f1dbd6d4c575","ParentWorkflowIdentifier":"a0dfa361-0e44-4b07-9bab-32e8b41ceb36","Name":"AssignedUsers","Value":null},{"ParentStepIdentifier":"5c2e22ea-786b-440f-8dc9-f1dbd6d4c575","ParentWorkflowIdentifier":"a0dfa361-0e44-4b07-9bab-32e8b41ceb36","Name":"Branches","Value":"[{\"LogicalOperator\":0,\"Conditions\":[{\"Operator\":3,\"FieldName\":\"[Alert.ALERT_SCORE]\",\"Type\":2,\"Value\":\"100\"}],\"Order\":1,\"IsDefaultBranch\":false,\"Name\":\"Branch\"},{\"LogicalOperator\":0,\"Conditions\":[],\"Order\":3,\"IsDefaultBranch\":true,\"Name\":\"Branch\"},{\"LogicalOperator\":0,\"Conditions\":[{\"Operator\":4,\"FieldName\":\"[Alert.ALERT_SCORE]\",\"Type\":2,\"Value\":\"0\"}],\"Order\":2,\"IsDefaultBranch\":false,\"Name\":\"Branch\"}]"},{"ParentStepIdentifier":"5c2e22ea-786b-440f-8dc9-f1dbd6d4c575","ParentWorkflowIdentifier":"a0dfa361-0e44-4b07-9bab-32e8b41ceb36","Name":"ErrorFallbackBranch","Value":null},{"ParentStepIdentifier":"5c2e22ea-786b-440f-8dc9-f1dbd6d4c575","ParentWorkflowIdentifier":"a0dfa361-0e44-4b07-9bab-32e8b41ceb36","Name":"HasApprovalLink","Value":null},{"ParentStepIdentifier":"5c2e22ea-786b-440f-8dc9-f1dbd6d4c575","ParentWorkflowIdentifier":"a0dfa361-0e44-4b07-9bab-32e8b41ceb36","Name":"MessageToAssignee","Value":null},{"ParentStepIdentifier":"5c2e22ea-786b-440f-8dc9-f1dbd6d4c575","ParentWorkflowIdentifier":"a0dfa361-0e44-4b07-9bab-32e8b41ceb36","Name":"PendingActionTimeout","Value":null},{"ParentStepIdentifier":"5c2e22ea-786b-440f-8dc9-f1dbd6d4c575","ParentWorkflowIdentifier":"a0dfa361-0e44-4b07-9bab-32e8b41ceb36","Name":"SelectedScopeName","Value":"All entities"}],"AutoSkipOnFailure":false,"IsDebugMockData":false,"StepDebugData":null},{"Identifier":"867a4eed-19d7-40a3-a99a-08f90f215a7b","OriginalStepIdentifier":"97a02f58-8aef-44cf-9250-a5146e8372d4","ParentWorkflowIdentifier":"a0dfa361-0e44-4b07-9bab-32e8b41ceb36","ParentStepIdentifiers":["bbe26020-cda0-4bc8-9d4a-0ce6f0d6b02c"],"ParentStepIdentifier":"bbe26020-cda0-4bc8-9d4a-0ce6f0d6b02c","PreviousResultCondition":"{}","InstanceName":"Output_6","IsAutomatic":true,"Name":"Output","IsSkippable":false,"Description":"","ActionProvider":"Flow","ActionName":"OutputAction","Type":6,"Integration":"Flow","Parameters":[{"ParentStepIdentifier":"867a4eed-19d7-40a3-a99a-08f90f215a7b","ParentWorkflowIdentifier":"a0dfa361-0e44-4b07-9bab-32e8b41ceb36","Name":"NestedWorkflowOutput","Value":null}],"AutoSkipOnFailure":false,"IsDebugMockData":false,"StepDebugData":null},{"Identifier":"a5af8aad-8d5a-4a90-8a35-32c8a09f699a","OriginalStepIdentifier":"6c48d2b0-f19e-471f-8209-bb341814f9bb","ParentWorkflowIdentifier":"a0dfa361-0e44-4b07-9bab-32e8b41ceb36","ParentStepIdentifiers":["054958e1-ed57-47ff-b7b1-7daac7b634be"],"ParentStepIdentifier":"054958e1-ed57-47ff-b7b1-7daac7b634be","PreviousResultCondition":"{\n  \"054958e1-ed57-47ff-b7b1-7daac7b634be\": \"5\"\n}","InstanceName":"INFORMATIONAL","IsAutomatic":true,"Name":"Siemplify_Change Alert Priority","IsSkippable":false,"Description":"Automatically change the alert priority to the given input","ActionProvider":"Scripts","ActionName":"Siemplify_Change Alert Priority","Type":0,"Integration":"Siemplify","Parameters":[{"ParentStepIdentifier":"a5af8aad-8d5a-4a90-8a35-32c8a09f699a","ParentWorkflowIdentifier":"a0dfa361-0e44-4b07-9bab-32e8b41ceb36","Name":"AssignedUsers","Value":null},{"ParentStepIdentifier":"a5af8aad-8d5a-4a90-8a35-32c8a09f699a","ParentWorkflowIdentifier":"a0dfa361-0e44-4b07-9bab-32e8b41ceb36","Name":"AsyncActionTimeout","Value":"86400"},{"ParentStepIdentifier":"a5af8aad-8d5a-4a90-8a35-32c8a09f699a","ParentWorkflowIdentifier":"a0dfa361-0e44-4b07-9bab-32e8b41ceb36","Name":"AsyncPollingInterval","Value":"3600"},{"ParentStepIdentifier":"a5af8aad-8d5a-4a90-8a35-32c8a09f699a","ParentWorkflowIdentifier":"a0dfa361-0e44-4b07-9bab-32e8b41ceb36","Name":"FallbackIntegrationInstance","Value":null},{"ParentStepIdentifier":"a5af8aad-8d5a-4a90-8a35-32c8a09f699a","ParentWorkflowIdentifier":"a0dfa361-0e44-4b07-9bab-32e8b41ceb36","Name":"HasApprovalLink","Value":null},{"ParentStepIdentifier":"a5af8aad-8d5a-4a90-8a35-32c8a09f699a","ParentWorkflowIdentifier":"a0dfa361-0e44-4b07-9bab-32e8b41ceb36","Name":"IntegrationInstance","Value":"5a47e2d9-4731-4b72-91db-6cc0677252d1"},{"ParentStepIdentifier":"a5af8aad-8d5a-4a90-8a35-32c8a09f699a","ParentWorkflowIdentifier":"a0dfa361-0e44-4b07-9bab-32e8b41ceb36","Name":"MessageToAssignee","Value":null},{"ParentStepIdentifier":"a5af8aad-8d5a-4a90-8a35-32c8a09f699a","ParentWorkflowIdentifier":"a0dfa361-0e44-4b07-9bab-32e8b41ceb36","Name":"PendingActionTimeout","Value":null},{"ParentStepIdentifier":"a5af8aad-8d5a-4a90-8a35-32c8a09f699a","ParentWorkflowIdentifier":"a0dfa361-0e44-4b07-9bab-32e8b41ceb36","Name":"ScriptName","Value":"Siemplify_Change Alert Priority"},{"ParentStepIdentifier":"a5af8aad-8d5a-4a90-8a35-32c8a09f699a","ParentWorkflowIdentifier":"a0dfa361-0e44-4b07-9bab-32e8b41ceb36","Name":"ScriptParametersEntityFields","Value":"{\"Alert Priority\":\"Informative\"}"},{"ParentStepIdentifier":"a5af8aad-8d5a-4a90-8a35-32c8a09f699a","ParentWorkflowIdentifier":"a0dfa361-0e44-4b07-9bab-32e8b41ceb36","Name":"SelectedScopeName","Value":"All entities"}],"AutoSkipOnFailure":false,"IsDebugMockData":false,"StepDebugData":null},{"Identifier":"a7a1d000-7a4e-47d6-8362-07735ffc7481","OriginalStepIdentifier":"9314b1de-433f-4615-b2ec-468c3ef7b747","ParentWorkflowIdentifier":"a0dfa361-0e44-4b07-9bab-32e8b41ceb36","ParentStepIdentifiers":["054958e1-ed57-47ff-b7b1-7daac7b634be"],"ParentStepIdentifier":"054958e1-ed57-47ff-b7b1-7daac7b634be","PreviousResultCondition":"{\n  \"054958e1-ed57-47ff-b7b1-7daac7b634be\": \"1\"\n}","InstanceName":"CRITICAL","IsAutomatic":true,"Name":"Siemplify_Change Alert Priority","IsSkippable":false,"Description":"Automatically change the alert priority to the given input","ActionProvider":"Scripts","ActionName":"Siemplify_Change Alert Priority","Type":0,"Integration":"Siemplify","Parameters":[{"ParentStepIdentifier":"a7a1d000-7a4e-47d6-8362-07735ffc7481","ParentWorkflowIdentifier":"a0dfa361-0e44-4b07-9bab-32e8b41ceb36","Name":"AssignedUsers","Value":null},{"ParentStepIdentifier":"a7a1d000-7a4e-47d6-8362-07735ffc7481","ParentWorkflowIdentifier":"a0dfa361-0e44-4b07-9bab-32e8b41ceb36","Name":"AsyncActionTimeout","Value":"86400"},{"ParentStepIdentifier":"a7a1d000-7a4e-47d6-8362-07735ffc7481","ParentWorkflowIdentifier":"a0dfa361-0e44-4b07-9bab-32e8b41ceb36","Name":"AsyncPollingInterval","Value":"3600"},{"ParentStepIdentifier":"a7a1d000-7a4e-47d6-8362-07735ffc7481","ParentWorkflowIdentifier":"a0dfa361-0e44-4b07-9bab-32e8b41ceb36","Name":"FallbackIntegrationInstance","Value":null},{"ParentStepIdentifier":"a7a1d000-7a4e-47d6-8362-07735ffc7481","ParentWorkflowIdentifier":"a0dfa361-0e44-4b07-9bab-32e8b41ceb36","Name":"HasApprovalLink","Value":null},{"ParentStepIdentifier":"a7a1d000-7a4e-47d6-8362-07735ffc7481","ParentWorkflowIdentifier":"a0dfa361-0e44-4b07-9bab-32e8b41ceb36","Name":"IntegrationInstance","Value":"5a47e2d9-4731-4b72-91db-6cc0677252d1"},{"ParentStepIdentifier":"a7a1d000-7a4e-47d6-8362-07735ffc7481","ParentWorkflowIdentifier":"a0dfa361-0e44-4b07-9bab-32e8b41ceb36","Name":"MessageToAssignee","Value":null},{"ParentStepIdentifier":"a7a1d000-7a4e-47d6-8362-07735ffc7481","ParentWorkflowIdentifier":"a0dfa361-0e44-4b07-9bab-32e8b41ceb36","Name":"PendingActionTimeout","Value":null},{"ParentStepIdentifier":"a7a1d000-7a4e-47d6-8362-07735ffc7481","ParentWorkflowIdentifier":"a0dfa361-0e44-4b07-9bab-32e8b41ceb36","Name":"ScriptName","Value":"Siemplify_Change Alert Priority"},{"ParentStepIdentifier":"a7a1d000-7a4e-47d6-8362-07735ffc7481","ParentWorkflowIdentifier":"a0dfa361-0e44-4b07-9bab-32e8b41ceb36","Name":"ScriptParametersEntityFields","Value":"{\"Alert Priority\":\"Critical\"}"},{"ParentStepIdentifier":"a7a1d000-7a4e-47d6-8362-07735ffc7481","ParentWorkflowIdentifier":"a0dfa361-0e44-4b07-9bab-32e8b41ceb36","Name":"SelectedScopeName","Value":"All entities"}],"AutoSkipOnFailure":false,"IsDebugMockData":false,"StepDebugData":null},{"Identifier":"b13e6676-f6c5-4ff3-855d-aae0f5680dcb","OriginalStepIdentifier":"ac183455-de59-4811-a3ec-f3094b0d7d21","ParentWorkflowIdentifier":"a0dfa361-0e44-4b07-9bab-32e8b41ceb36","ParentStepIdentifiers":["054958e1-ed57-47ff-b7b1-7daac7b634be"],"ParentStepIdentifier":"054958e1-ed57-47ff-b7b1-7daac7b634be","PreviousResultCondition":"{\n  \"054958e1-ed57-47ff-b7b1-7daac7b634be\": \"4\"\n}","InstanceName":"LOW  ","IsAutomatic":true,"Name":"Siemplify_Change Alert Priority","IsSkippable":false,"Description":"Automatically change the alert priority to the given input","ActionProvider":"Scripts","ActionName":"Siemplify_Change Alert Priority","Type":0,"Integration":"Siemplify","Parameters":[{"ParentStepIdentifier":"b13e6676-f6c5-4ff3-855d-aae0f5680dcb","ParentWorkflowIdentifier":"a0dfa361-0e44-4b07-9bab-32e8b41ceb36","Name":"AssignedUsers","Value":null},{"ParentStepIdentifier":"b13e6676-f6c5-4ff3-855d-aae0f5680dcb","ParentWorkflowIdentifier":"a0dfa361-0e44-4b07-9bab-32e8b41ceb36","Name":"AsyncActionTimeout","Value":"86400"},{"ParentStepIdentifier":"b13e6676-f6c5-4ff3-855d-aae0f5680dcb","ParentWorkflowIdentifier":"a0dfa361-0e44-4b07-9bab-32e8b41ceb36","Name":"AsyncPollingInterval","Value":"3600"},{"ParentStepIdentifier":"b13e6676-f6c5-4ff3-855d-aae0f5680dcb","ParentWorkflowIdentifier":"a0dfa361-0e44-4b07-9bab-32e8b41ceb36","Name":"FallbackIntegrationInstance","Value":null},{"ParentStepIdentifier":"b13e6676-f6c5-4ff3-855d-aae0f5680dcb","ParentWorkflowIdentifier":"a0dfa361-0e44-4b07-9bab-32e8b41ceb36","Name":"HasApprovalLink","Value":null},{"ParentStepIdentifier":"b13e6676-f6c5-4ff3-855d-aae0f5680dcb","ParentWorkflowIdentifier":"a0dfa361-0e44-4b07-9bab-32e8b41ceb36","Name":"IntegrationInstance","Value":"5a47e2d9-4731-4b72-91db-6cc0677252d1"},{"ParentStepIdentifier":"b13e6676-f6c5-4ff3-855d-aae0f5680dcb","ParentWorkflowIdentifier":"a0dfa361-0e44-4b07-9bab-32e8b41ceb36","Name":"MessageToAssignee","Value":null},{"ParentStepIdentifier":"b13e6676-f6c5-4ff3-855d-aae0f5680dcb","ParentWorkflowIdentifier":"a0dfa361-0e44-4b07-9bab-32e8b41ceb36","Name":"PendingActionTimeout","Value":null},{"ParentStepIdentifier":"b13e6676-f6c5-4ff3-855d-aae0f5680dcb","ParentWorkflowIdentifier":"a0dfa361-0e44-4b07-9bab-32e8b41ceb36","Name":"ScriptName","Value":"Siemplify_Change Alert Priority"},{"ParentStepIdentifier":"b13e6676-f6c5-4ff3-855d-aae0f5680dcb","ParentWorkflowIdentifier":"a0dfa361-0e44-4b07-9bab-32e8b41ceb36","Name":"ScriptParametersEntityFields","Value":"{\"Alert Priority\":\"Low\"}"},{"ParentStepIdentifier":"b13e6676-f6c5-4ff3-855d-aae0f5680dcb","ParentWorkflowIdentifier":"a0dfa361-0e44-4b07-9bab-32e8b41ceb36","Name":"SelectedScopeName","Value":"All entities"}],"AutoSkipOnFailure":false,"IsDebugMockData":false,"StepDebugData":null},{"Identifier":"b791b515-6b82-4f8b-acf0-a59bbceb0a03","OriginalStepIdentifier":"fed795ef-cd9f-4439-bc21-797a9f34606b","ParentWorkflowIdentifier":"a0dfa361-0e44-4b07-9bab-32e8b41ceb36","ParentStepIdentifiers":["1e283dfc-feea-4f67-852c-b5671d23d828"],"ParentStepIdentifier":"1e283dfc-feea-4f67-852c-b5671d23d828","PreviousResultCondition":"{}","InstanceName":"Output_3","IsAutomatic":true,"Name":"Output","IsSkippable":false,"Description":"","ActionProvider":"Flow","ActionName":"OutputAction","Type":6,"Integration":"Flow","Parameters":[{"ParentStepIdentifier":"b791b515-6b82-4f8b-acf0-a59bbceb0a03","ParentWorkflowIdentifier":"a0dfa361-0e44-4b07-9bab-32e8b41ceb36","Name":"NestedWorkflowOutput","Value":null}],"AutoSkipOnFailure":false,"IsDebugMockData":false,"StepDebugData":null},{"Identifier":"b8165b7d-876b-4401-810f-09db7f8ad3d7","OriginalStepIdentifier":"a7ac4b16-3de1-4459-a48e-8f57a3c49d25","ParentWorkflowIdentifier":"a0dfa361-0e44-4b07-9bab-32e8b41ceb36","ParentStepIdentifiers":["41d272f4-0aa0-4bd5-88d2-c5c083940850"],"ParentStepIdentifier":"41d272f4-0aa0-4bd5-88d2-c5c083940850","PreviousResultCondition":"{}","InstanceName":"Functions_Math Arithmetic_2","IsAutomatic":true,"Name":"Functions_Math Arithmetic","IsSkippable":false,"Description":"A set of built in math operators:\nPlus - returns a result for the sum of 2 arguments\nSub - returns a result for 1 argument minus the other\nMulti - returns a result for 1 argument multiplied by the other\nDiv - returns a result for 1 argument divided by the other\nMod - returns the result of the percentage between 2 arguments","ActionProvider":"Scripts","ActionName":"Functions_Math Arithmetic","Type":0,"Integration":"Functions","Parameters":[{"ParentStepIdentifier":"b8165b7d-876b-4401-810f-09db7f8ad3d7","ParentWorkflowIdentifier":"a0dfa361-0e44-4b07-9bab-32e8b41ceb36","Name":"AssignedUsers","Value":null},{"ParentStepIdentifier":"b8165b7d-876b-4401-810f-09db7f8ad3d7","ParentWorkflowIdentifier":"a0dfa361-0e44-4b07-9bab-32e8b41ceb36","Name":"AsyncActionTimeout","Value":"86400"},{"ParentStepIdentifier":"b8165b7d-876b-4401-810f-09db7f8ad3d7","ParentWorkflowIdentifier":"a0dfa361-0e44-4b07-9bab-32e8b41ceb36","Name":"AsyncPollingInterval","Value":"3600"},{"ParentStepIdentifier":"b8165b7d-876b-4401-810f-09db7f8ad3d7","ParentWorkflowIdentifier":"a0dfa361-0e44-4b07-9bab-32e8b41ceb36","Name":"FallbackIntegrationInstance","Value":null},{"ParentStepIdentifier":"b8165b7d-876b-4401-810f-09db7f8ad3d7","ParentWorkflowIdentifier":"a0dfa361-0e44-4b07-9bab-32e8b41ceb36","Name":"HasApprovalLink","Value":null},{"ParentStepIdentifier":"b8165b7d-876b-4401-810f-09db7f8ad3d7","ParentWorkflowIdentifier":"a0dfa361-0e44-4b07-9bab-32e8b41ceb36","Name":"IntegrationInstance","Value":"2e96d39b-28a0-4d9c-ac90-4c704183566e"},{"ParentStepIdentifier":"b8165b7d-876b-4401-810f-09db7f8ad3d7","ParentWorkflowIdentifier":"a0dfa361-0e44-4b07-9bab-32e8b41ceb36","Name":"MessageToAssignee","Value":null},{"ParentStepIdentifier":"b8165b7d-876b-4401-810f-09db7f8ad3d7","ParentWorkflowIdentifier":"a0dfa361-0e44-4b07-9bab-32e8b41ceb36","Name":"PendingActionTimeout","Value":null},{"ParentStepIdentifier":"b8165b7d-876b-4401-810f-09db7f8ad3d7","ParentWorkflowIdentifier":"a0dfa361-0e44-4b07-9bab-32e8b41ceb36","Name":"ScriptName","Value":"Functions_Math Arithmetic"},{"ParentStepIdentifier":"b8165b7d-876b-4401-810f-09db7f8ad3d7","ParentWorkflowIdentifier":"a0dfa361-0e44-4b07-9bab-32e8b41ceb36","Name":"ScriptParametersEntityFields","Value":"{\"Function\":\"Sub\",\"Arg 2\":\"1\",\"Arg 1\":\"[round 2.ScriptResult]\"}"},{"ParentStepIdentifier":"b8165b7d-876b-4401-810f-09db7f8ad3d7","ParentWorkflowIdentifier":"a0dfa361-0e44-4b07-9bab-32e8b41ceb36","Name":"SelectedScopeName","Value":"All entities"}],"AutoSkipOnFailure":false,"IsDebugMockData":false,"StepDebugData":null},{"Identifier":"bbe26020-cda0-4bc8-9d4a-0ce6f0d6b02c","OriginalStepIdentifier":"a50fe310-e944-45bb-9c4b-25efde3c0f43","ParentWorkflowIdentifier":"a0dfa361-0e44-4b07-9bab-32e8b41ceb36","ParentStepIdentifiers":["054958e1-ed57-47ff-b7b1-7daac7b634be"],"ParentStepIdentifier":"054958e1-ed57-47ff-b7b1-7daac7b634be","PreviousResultCondition":"{\n  \"054958e1-ed57-47ff-b7b1-7daac7b634be\": \"3\"\n}","InstanceName":"MEDIUM","IsAutomatic":true,"Name":"Siemplify_Change Alert Priority","IsSkippable":false,"Description":"Automatically change the alert priority to the given input","ActionProvider":"Scripts","ActionName":"Siemplify_Change Alert Priority","Type":0,"Integration":"Siemplify","Parameters":[{"ParentStepIdentifier":"bbe26020-cda0-4bc8-9d4a-0ce6f0d6b02c","ParentWorkflowIdentifier":"a0dfa361-0e44-4b07-9bab-32e8b41ceb36","Name":"AssignedUsers","Value":null},{"ParentStepIdentifier":"bbe26020-cda0-4bc8-9d4a-0ce6f0d6b02c","ParentWorkflowIdentifier":"a0dfa361-0e44-4b07-9bab-32e8b41ceb36","Name":"AsyncActionTimeout","Value":"86400"},{"ParentStepIdentifier":"bbe26020-cda0-4bc8-9d4a-0ce6f0d6b02c","ParentWorkflowIdentifier":"a0dfa361-0e44-4b07-9bab-32e8b41ceb36","Name":"AsyncPollingInterval","Value":"3600"},{"ParentStepIdentifier":"bbe26020-cda0-4bc8-9d4a-0ce6f0d6b02c","ParentWorkflowIdentifier":"a0dfa361-0e44-4b07-9bab-32e8b41ceb36","Name":"FallbackIntegrationInstance","Value":null},{"ParentStepIdentifier":"bbe26020-cda0-4bc8-9d4a-0ce6f0d6b02c","ParentWorkflowIdentifier":"a0dfa361-0e44-4b07-9bab-32e8b41ceb36","Name":"HasApprovalLink","Value":null},{"ParentStepIdentifier":"bbe26020-cda0-4bc8-9d4a-0ce6f0d6b02c","ParentWorkflowIdentifier":"a0dfa361-0e44-4b07-9bab-32e8b41ceb36","Name":"IntegrationInstance","Value":"5a47e2d9-4731-4b72-91db-6cc0677252d1"},{"ParentStepIdentifier":"bbe26020-cda0-4bc8-9d4a-0ce6f0d6b02c","ParentWorkflowIdentifier":"a0dfa361-0e44-4b07-9bab-32e8b41ceb36","Name":"MessageToAssignee","Value":null},{"ParentStepIdentifier":"bbe26020-cda0-4bc8-9d4a-0ce6f0d6b02c","ParentWorkflowIdentifier":"a0dfa361-0e44-4b07-9bab-32e8b41ceb36","Name":"PendingActionTimeout","Value":null},{"ParentStepIdentifier":"bbe26020-cda0-4bc8-9d4a-0ce6f0d6b02c","ParentWorkflowIdentifier":"a0dfa361-0e44-4b07-9bab-32e8b41ceb36","Name":"ScriptName","Value":"Siemplify_Change Alert Priority"},{"ParentStepIdentifier":"bbe26020-cda0-4bc8-9d4a-0ce6f0d6b02c","ParentWorkflowIdentifier":"a0dfa361-0e44-4b07-9bab-32e8b41ceb36","Name":"ScriptParametersEntityFields","Value":"{\"Alert Priority\":\"Medium\"}"},{"ParentStepIdentifier":"bbe26020-cda0-4bc8-9d4a-0ce6f0d6b02c","ParentWorkflowIdentifier":"a0dfa361-0e44-4b07-9bab-32e8b41ceb36","Name":"SelectedScopeName","Value":"All entities"}],"AutoSkipOnFailure":false,"IsDebugMockData":false,"StepDebugData":null},{"Identifier":"d47f1bd8-cfe6-424d-9f17-a9a54d360d8a","OriginalStepIdentifier":"44d054ce-1d42-4fc4-a4db-0bdd6116e26d","ParentWorkflowIdentifier":"a0dfa361-0e44-4b07-9bab-32e8b41ceb36","ParentStepIdentifiers":["5c2e22ea-786b-440f-8dc9-f1dbd6d4c575"],"ParentStepIdentifier":"5c2e22ea-786b-440f-8dc9-f1dbd6d4c575","PreviousResultCondition":"{\n  \"5c2e22ea-786b-440f-8dc9-f1dbd6d4c575\": \"1\"\n}","InstanceName":"TO CRITICAL","IsAutomatic":true,"Name":"Siemplify_Change Alert Priority","IsSkippable":false,"Description":"Automatically change the alert priority to the given input","ActionProvider":"Scripts","ActionName":"Siemplify_Change Alert Priority","Type":0,"Integration":"Siemplify","Parameters":[{"ParentStepIdentifier":"d47f1bd8-cfe6-424d-9f17-a9a54d360d8a","ParentWorkflowIdentifier":"a0dfa361-0e44-4b07-9bab-32e8b41ceb36","Name":"AssignedUsers","Value":null},{"ParentStepIdentifier":"d47f1bd8-cfe6-424d-9f17-a9a54d360d8a","ParentWorkflowIdentifier":"a0dfa361-0e44-4b07-9bab-32e8b41ceb36","Name":"AsyncActionTimeout","Value":"86400"},{"ParentStepIdentifier":"d47f1bd8-cfe6-424d-9f17-a9a54d360d8a","ParentWorkflowIdentifier":"a0dfa361-0e44-4b07-9bab-32e8b41ceb36","Name":"AsyncPollingInterval","Value":"3600"},{"ParentStepIdentifier":"d47f1bd8-cfe6-424d-9f17-a9a54d360d8a","ParentWorkflowIdentifier":"a0dfa361-0e44-4b07-9bab-32e8b41ceb36","Name":"FallbackIntegrationInstance","Value":null},{"ParentStepIdentifier":"d47f1bd8-cfe6-424d-9f17-a9a54d360d8a","ParentWorkflowIdentifier":"a0dfa361-0e44-4b07-9bab-32e8b41ceb36","Name":"HasApprovalLink","Value":null},{"ParentStepIdentifier":"d47f1bd8-cfe6-424d-9f17-a9a54d360d8a","ParentWorkflowIdentifier":"a0dfa361-0e44-4b07-9bab-32e8b41ceb36","Name":"IntegrationInstance","Value":"5a47e2d9-4731-4b72-91db-6cc0677252d1"},{"ParentStepIdentifier":"d47f1bd8-cfe6-424d-9f17-a9a54d360d8a","ParentWorkflowIdentifier":"a0dfa361-0e44-4b07-9bab-32e8b41ceb36","Name":"MessageToAssignee","Value":null},{"ParentStepIdentifier":"d47f1bd8-cfe6-424d-9f17-a9a54d360d8a","ParentWorkflowIdentifier":"a0dfa361-0e44-4b07-9bab-32e8b41ceb36","Name":"PendingActionTimeout","Value":null},{"ParentStepIdentifier":"d47f1bd8-cfe6-424d-9f17-a9a54d360d8a","ParentWorkflowIdentifier":"a0dfa361-0e44-4b07-9bab-32e8b41ceb36","Name":"ScriptName","Value":"Siemplify_Change Alert Priority"},{"ParentStepIdentifier":"d47f1bd8-cfe6-424d-9f17-a9a54d360d8a","ParentWorkflowIdentifier":"a0dfa361-0e44-4b07-9bab-32e8b41ceb36","Name":"ScriptParametersEntityFields","Value":"{\"Alert Priority\":\"Critical\"}"},{"ParentStepIdentifier":"d47f1bd8-cfe6-424d-9f17-a9a54d360d8a","ParentWorkflowIdentifier":"a0dfa361-0e44-4b07-9bab-32e8b41ceb36","Name":"SelectedScopeName","Value":"All entities"}],"AutoSkipOnFailure":false,"IsDebugMockData":false,"StepDebugData":null},{"Identifier":"f10ceec9-ee78-4cc7-8096-9b17fbf8ac20","OriginalStepIdentifier":"e011fac5-f4d0-44ff-bdc0-d46c51c882c2","ParentWorkflowIdentifier":"a0dfa361-0e44-4b07-9bab-32e8b41ceb36","ParentStepIdentifiers":["a5af8aad-8d5a-4a90-8a35-32c8a09f699a"],"ParentStepIdentifier":"a5af8aad-8d5a-4a90-8a35-32c8a09f699a","PreviousResultCondition":"{}","InstanceName":"Output_4","IsAutomatic":true,"Name":"Output","IsSkippable":false,"Description":"","ActionProvider":"Flow","ActionName":"OutputAction","Type":6,"Integration":"Flow","Parameters":[{"ParentStepIdentifier":"f10ceec9-ee78-4cc7-8096-9b17fbf8ac20","ParentWorkflowIdentifier":"a0dfa361-0e44-4b07-9bab-32e8b41ceb36","Name":"NestedWorkflowOutput","Value":null}],"AutoSkipOnFailure":false,"IsDebugMockData":false,"StepDebugData":null},{"Identifier":"f19df412-5e94-480b-b668-dc5029afbe2d","OriginalStepIdentifier":"310ec565-0186-41a8-a266-26636c07f7d4","ParentWorkflowIdentifier":"a0dfa361-0e44-4b07-9bab-32e8b41ceb36","ParentStepIdentifiers":["5c2e22ea-786b-440f-8dc9-f1dbd6d4c575"],"ParentStepIdentifier":"5c2e22ea-786b-440f-8dc9-f1dbd6d4c575","PreviousResultCondition":"{\n  \"5c2e22ea-786b-440f-8dc9-f1dbd6d4c575\": \"3\"\n}","InstanceName":"Div by 10","IsAutomatic":true,"Name":"Functions_Math Arithmetic","IsSkippable":false,"Description":"A set of built in math operators:\nPlus - returns a result for the sum of 2 arguments\nSub - returns a result for 1 argument minus the other\nMulti - returns a result for 1 argument multiplied by the other\nDiv - returns a result for 1 argument divided by the other\nMod - returns the result of the percentage between 2 arguments","ActionProvider":"Scripts","ActionName":"Functions_Math Arithmetic","Type":0,"Integration":"Functions","Parameters":[{"ParentStepIdentifier":"f19df412-5e94-480b-b668-dc5029afbe2d","ParentWorkflowIdentifier":"a0dfa361-0e44-4b07-9bab-32e8b41ceb36","Name":"AssignedUsers","Value":null},{"ParentStepIdentifier":"f19df412-5e94-480b-b668-dc5029afbe2d","ParentWorkflowIdentifier":"a0dfa361-0e44-4b07-9bab-32e8b41ceb36","Name":"AsyncActionTimeout","Value":"86400"},{"ParentStepIdentifier":"f19df412-5e94-480b-b668-dc5029afbe2d","ParentWorkflowIdentifier":"a0dfa361-0e44-4b07-9bab-32e8b41ceb36","Name":"AsyncPollingInterval","Value":"3600"},{"ParentStepIdentifier":"f19df412-5e94-480b-b668-dc5029afbe2d","ParentWorkflowIdentifier":"a0dfa361-0e44-4b07-9bab-32e8b41ceb36","Name":"FallbackIntegrationInstance","Value":null},{"ParentStepIdentifier":"f19df412-5e94-480b-b668-dc5029afbe2d","ParentWorkflowIdentifier":"a0dfa361-0e44-4b07-9bab-32e8b41ceb36","Name":"HasApprovalLink","Value":null},{"ParentStepIdentifier":"f19df412-5e94-480b-b668-dc5029afbe2d","ParentWorkflowIdentifier":"a0dfa361-0e44-4b07-9bab-32e8b41ceb36","Name":"IntegrationInstance","Value":"2e96d39b-28a0-4d9c-ac90-4c704183566e"},{"ParentStepIdentifier":"f19df412-5e94-480b-b668-dc5029afbe2d","ParentWorkflowIdentifier":"a0dfa361-0e44-4b07-9bab-32e8b41ceb36","Name":"MessageToAssignee","Value":null},{"ParentStepIdentifier":"f19df412-5e94-480b-b668-dc5029afbe2d","ParentWorkflowIdentifier":"a0dfa361-0e44-4b07-9bab-32e8b41ceb36","Name":"PendingActionTimeout","Value":null},{"ParentStepIdentifier":"f19df412-5e94-480b-b668-dc5029afbe2d","ParentWorkflowIdentifier":"a0dfa361-0e44-4b07-9bab-32e8b41ceb36","Name":"ScriptName","Value":"Functions_Math Arithmetic"},{"ParentStepIdentifier":"f19df412-5e94-480b-b668-dc5029afbe2d","ParentWorkflowIdentifier":"a0dfa361-0e44-4b07-9bab-32e8b41ceb36","Name":"ScriptParametersEntityFields","Value":"{\"Function\":\"Div\",\"Arg 2\":\"10\",\"Arg 1\":\"[Alert.ALERT_SCORE]\"}"},{"ParentStepIdentifier":"f19df412-5e94-480b-b668-dc5029afbe2d","ParentWorkflowIdentifier":"a0dfa361-0e44-4b07-9bab-32e8b41ceb36","Name":"SelectedScopeName","Value":"All entities"}],"AutoSkipOnFailure":false,"IsDebugMockData":false,"StepDebugData":null},{"Identifier":"fd39e3f8-3dc6-458c-a505-596f7e845f5d","OriginalStepIdentifier":"8d04ddd8-5e87-4ee3-a88f-e2462c0039f4","ParentWorkflowIdentifier":"a0dfa361-0e44-4b07-9bab-32e8b41ceb36","ParentStepIdentifiers":["f19df412-5e94-480b-b668-dc5029afbe2d"],"ParentStepIdentifier":"f19df412-5e94-480b-b668-dc5029afbe2d","PreviousResultCondition":"{}","InstanceName":"Round","IsAutomatic":true,"Name":"Functions_Math Functions","IsSkippable":false,"Description":"A set of built-in Python functions - \nAbs - returns the absolute value of a number\nFloat - returns a floating point number\nDisplay - converts the number to include commas where needed\nHex - converts a number into a hexadecimal value\nInt - returns an integer number\nMax - returns the largest item in an iterable \nMin - returns the smallest item in an iterable\nRound - rounds a number\nSort - returns a sorted number\nSum - sums the items of an iterator","ActionProvider":"Scripts","ActionName":"Functions_Math Functions","Type":0,"Integration":"Functions","Parameters":[{"ParentStepIdentifier":"fd39e3f8-3dc6-458c-a505-596f7e845f5d","ParentWorkflowIdentifier":"a0dfa361-0e44-4b07-9bab-32e8b41ceb36","Name":"AssignedUsers","Value":null},{"ParentStepIdentifier":"fd39e3f8-3dc6-458c-a505-596f7e845f5d","ParentWorkflowIdentifier":"a0dfa361-0e44-4b07-9bab-32e8b41ceb36","Name":"AsyncActionTimeout","Value":"86400"},{"ParentStepIdentifier":"fd39e3f8-3dc6-458c-a505-596f7e845f5d","ParentWorkflowIdentifier":"a0dfa361-0e44-4b07-9bab-32e8b41ceb36","Name":"AsyncPollingInterval","Value":"3600"},{"ParentStepIdentifier":"fd39e3f8-3dc6-458c-a505-596f7e845f5d","ParentWorkflowIdentifier":"a0dfa361-0e44-4b07-9bab-32e8b41ceb36","Name":"FallbackIntegrationInstance","Value":null},{"ParentStepIdentifier":"fd39e3f8-3dc6-458c-a505-596f7e845f5d","ParentWorkflowIdentifier":"a0dfa361-0e44-4b07-9bab-32e8b41ceb36","Name":"HasApprovalLink","Value":null},{"ParentStepIdentifier":"fd39e3f8-3dc6-458c-a505-596f7e845f5d","ParentWorkflowIdentifier":"a0dfa361-0e44-4b07-9bab-32e8b41ceb36","Name":"IntegrationInstance","Value":"2e96d39b-28a0-4d9c-ac90-4c704183566e"},{"ParentStepIdentifier":"fd39e3f8-3dc6-458c-a505-596f7e845f5d","ParentWorkflowIdentifier":"a0dfa361-0e44-4b07-9bab-32e8b41ceb36","Name":"MessageToAssignee","Value":null},{"ParentStepIdentifier":"fd39e3f8-3dc6-458c-a505-596f7e845f5d","ParentWorkflowIdentifier":"a0dfa361-0e44-4b07-9bab-32e8b41ceb36","Name":"PendingActionTimeout","Value":null},{"ParentStepIdentifier":"fd39e3f8-3dc6-458c-a505-596f7e845f5d","ParentWorkflowIdentifier":"a0dfa361-0e44-4b07-9bab-32e8b41ceb36","Name":"ScriptName","Value":"Functions_Math Functions"},{"ParentStepIdentifier":"fd39e3f8-3dc6-458c-a505-596f7e845f5d","ParentWorkflowIdentifier":"a0dfa361-0e44-4b07-9bab-32e8b41ceb36","Name":"ScriptParametersEntityFields","Value":"{\"Function\":\"Round\",\"Numbers\":\"[Div by 10.ScriptResult]\"}"},{"ParentStepIdentifier":"fd39e3f8-3dc6-458c-a505-596f7e845f5d","ParentWorkflowIdentifier":"a0dfa361-0e44-4b07-9bab-32e8b41ceb36","Name":"SelectedScopeName","Value":"All entities"}],"AutoSkipOnFailure":false,"IsDebugMockData":false,"StepDebugData":null},{"Identifier":"fe668d1e-8472-454f-a6e6-47c11e1a9368","OriginalStepIdentifier":"df48a674-0f05-4afe-ae55-0e5ff448136a","ParentWorkflowIdentifier":"a0dfa361-0e44-4b07-9bab-32e8b41ceb36","ParentStepIdentifiers":["b13e6676-f6c5-4ff3-855d-aae0f5680dcb"],"ParentStepIdentifier":"b13e6676-f6c5-4ff3-855d-aae0f5680dcb","PreviousResultCondition":"{}","InstanceName":"Output_7","IsAutomatic":true,"Name":"Output","IsSkippable":false,"Description":"","ActionProvider":"Flow","ActionName":"OutputAction","Type":6,"Integration":"Flow","Parameters":[{"ParentStepIdentifier":"fe668d1e-8472-454f-a6e6-47c11e1a9368","ParentWorkflowIdentifier":"a0dfa361-0e44-4b07-9bab-32e8b41ceb36","Name":"NestedWorkflowOutput","Value":null}],"AutoSkipOnFailure":false,"IsDebugMockData":false,"StepDebugData":null}],"Triggers":[{"Identifier":"07dd6f26-e9a3-4b10-9ab1-4d8785d615cd","IsEnabled":true,"DefinitionIdentifier":"a0dfa361-0e44-4b07-9bab-32e8b41ceb36","Type":11,"WorkflowName":null,"LogicalOperator":0,"Conditions":[],"Environments":["Default Environment"]}],"OverviewTemplates":[],"Permissions":[],"Environments":["Default Environment"]}}