{"CategoryName":"Imported Playbooks","OverviewTemplatesDetails":[],"WidgetTemplates":null,"Definition":{"Identifier":"6494ff98-c121-476c-97fc-c2733de0df1e","IsEnable":true,"Version":0.0,"IsArchived":false,"IsAutomatic":true,"Name":"Ask User - Slack - V2","Category":2,"Description":"An embedded workflow that can receive inputs and return an output.","Priority":2,"Creator":"25d7f19d-80d3-4b38-971d-b16418374708","VersionCreator":null,"VersionComment":null,"OriginalWorkflowIdentifier":"6494ff98-c121-476c-97fc-c2733de0df1e","TemplateName":null,"PlaybookType":1,"IsDebugMode":false,"DebugBaseAlertIdentifier":null,"DebugAlertIdentifier":null,"SimulationClone":false,"DefaultAccessLevel":0,"Steps":[{"Identifier":"089a82ec-2aa2-41ac-a677-854fabaeec79","OriginalStepIdentifier":"1e4a56f6-4402-4aaf-8447-0e8d4c764a53","ParentWorkflowIdentifier":"6494ff98-c121-476c-97fc-c2733de0df1e","ParentStepIdentifiers":["45c08e85-8f27-4e96-b395-a99c518e80f3"],"ParentStepIdentifier":"45c08e85-8f27-4e96-b395-a99c518e80f3","PreviousResultCondition":"{}","InstanceName":"Tools_Set Channel ID_1","IsAutomatic":true,"Name":"Tools_Set Context Value","IsSkippable":false,"Description":"The action sets a key and value in a specific context (alert or case)","ActionProvider":"Scripts","ActionName":"Tools_Set Context Value","Type":0,"Integration":"Tools","Parameters":[{"ParentStepIdentifier":"089a82ec-2aa2-41ac-a677-854fabaeec79","ParentWorkflowIdentifier":"6494ff98-c121-476c-97fc-c2733de0df1e","Name":"AssignedUsers","Value":null},{"ParentStepIdentifier":"089a82ec-2aa2-41ac-a677-854fabaeec79","ParentWorkflowIdentifier":"6494ff98-c121-476c-97fc-c2733de0df1e","Name":"AsyncActionTimeout","Value":"86400"},{"ParentStepIdentifier":"089a82ec-2aa2-41ac-a677-854fabaeec79","ParentWorkflowIdentifier":"6494ff98-c121-476c-97fc-c2733de0df1e","Name":"AsyncPollingInterval","Value":"3600"},{"ParentStepIdentifier":"089a82ec-2aa2-41ac-a677-854fabaeec79","ParentWorkflowIdentifier":"6494ff98-c121-476c-97fc-c2733de0df1e","Name":"FallbackIntegrationInstance","Value":null},{"ParentStepIdentifier":"089a82ec-2aa2-41ac-a677-854fabaeec79","ParentWorkflowIdentifier":"6494ff98-c121-476c-97fc-c2733de0df1e","Name":"HasApprovalLink","Value":null},{"ParentStepIdentifier":"089a82ec-2aa2-41ac-a677-854fabaeec79","ParentWorkflowIdentifier":"6494ff98-c121-476c-97fc-c2733de0df1e","Name":"IntegrationInstance","Value":"2e787919-e84d-4616-9029-2cf1a5b8cbb3"},{"ParentStepIdentifier":"089a82ec-2aa2-41ac-a677-854fabaeec79","ParentWorkflowIdentifier":"6494ff98-c121-476c-97fc-c2733de0df1e","Name":"MessageToAssignee","Value":null},{"ParentStepIdentifier":"089a82ec-2aa2-41ac-a677-854fabaeec79","ParentWorkflowIdentifier":"6494ff98-c121-476c-97fc-c2733de0df1e","Name":"PendingActionTimeout","Value":null},{"ParentStepIdentifier":"089a82ec-2aa2-41ac-a677-854fabaeec79","ParentWorkflowIdentifier":"6494ff98-c121-476c-97fc-c2733de0df1e","Name":"ScriptName","Value":"Tools_Set Context Value"},{"ParentStepIdentifier":"089a82ec-2aa2-41ac-a677-854fabaeec79","ParentWorkflowIdentifier":"6494ff98-c121-476c-97fc-c2733de0df1e","Name":"ScriptParametersEntityFields","Value":"{\"Value\":\"[Slack - Send Block by Id 0-5.JsonResult| \\\"channel\\\"]\",\"Key\":\"openQuestionChannelId\",\"Scope\":\"Alert\"}"},{"ParentStepIdentifier":"089a82ec-2aa2-41ac-a677-854fabaeec79","ParentWorkflowIdentifier":"6494ff98-c121-476c-97fc-c2733de0df1e","Name":"SelectedScopeName","Value":"All entities"}],"AutoSkipOnFailure":true,"IsDebugMockData":false,"StepDebugData":null},{"Identifier":"097120cb-f93e-4cda-883c-e4fff40a6dce","OriginalStepIdentifier":"d2a8765c-78a6-4c76-8029-6526e2fa1f64","ParentWorkflowIdentifier":"6494ff98-c121-476c-97fc-c2733de0df1e","ParentStepIdentifiers":["fb83e69b-c701-463c-9ba1-871ac4701e73"],"ParentStepIdentifier":"fb83e69b-c701-463c-9ba1-871ac4701e73","PreviousResultCondition":"{\n  \"fb83e69b-c701-463c-9ba1-871ac4701e73\": \"1\"\n}","InstanceName":"Slack - Send Block by Email","IsAutomatic":true,"Name":"Slack Custom_Send Message by Name or Email","IsSkippable":false,"Description":"Sends a message to a slack user by their email/name, containing the given text or slack blocks.","ActionProvider":"Scripts","ActionName":"Slack Custom_Send Message by Name or Email","Type":0,"Integration":"Slack Custom","Parameters":[{"ParentStepIdentifier":"097120cb-f93e-4cda-883c-e4fff40a6dce","ParentWorkflowIdentifier":"6494ff98-c121-476c-97fc-c2733de0df1e","Name":"AssignedUsers","Value":null},{"ParentStepIdentifier":"097120cb-f93e-4cda-883c-e4fff40a6dce","ParentWorkflowIdentifier":"6494ff98-c121-476c-97fc-c2733de0df1e","Name":"AsyncActionTimeout","Value":"86400"},{"ParentStepIdentifier":"097120cb-f93e-4cda-883c-e4fff40a6dce","ParentWorkflowIdentifier":"6494ff98-c121-476c-97fc-c2733de0df1e","Name":"AsyncPollingInterval","Value":"30"},{"ParentStepIdentifier":"097120cb-f93e-4cda-883c-e4fff40a6dce","ParentWorkflowIdentifier":"6494ff98-c121-476c-97fc-c2733de0df1e","Name":"FallbackIntegrationInstance","Value":null},{"ParentStepIdentifier":"097120cb-f93e-4cda-883c-e4fff40a6dce","ParentWorkflowIdentifier":"6494ff98-c121-476c-97fc-c2733de0df1e","Name":"HasApprovalLink","Value":null},{"ParentStepIdentifier":"097120cb-f93e-4cda-883c-e4fff40a6dce","ParentWorkflowIdentifier":"6494ff98-c121-476c-97fc-c2733de0df1e","Name":"IntegrationInstance","Value":"a7738dc0-48ab-4c12-b48a-6bdd32a2cdf9"},{"ParentStepIdentifier":"097120cb-f93e-4cda-883c-e4fff40a6dce","ParentWorkflowIdentifier":"6494ff98-c121-476c-97fc-c2733de0df1e","Name":"MessageToAssignee","Value":null},{"ParentStepIdentifier":"097120cb-f93e-4cda-883c-e4fff40a6dce","ParentWorkflowIdentifier":"6494ff98-c121-476c-97fc-c2733de0df1e","Name":"PendingActionTimeout","Value":null},{"ParentStepIdentifier":"097120cb-f93e-4cda-883c-e4fff40a6dce","ParentWorkflowIdentifier":"6494ff98-c121-476c-97fc-c2733de0df1e","Name":"ScriptName","Value":"Slack Custom_Send Message by Name or Email"},{"ParentStepIdentifier":"097120cb-f93e-4cda-883c-e4fff40a6dce","ParentWorkflowIdentifier":"6494ff98-c121-476c-97fc-c2733de0df1e","Name":"ScriptParametersEntityFields","Value":"{\"Message\":\"[Build Slack Block.JsonResult| \\\"result\\\"]\",\"Recipient\":\"[Input.Target User (Full Name, Email, Id)]\",\"Message Type\":\"Block\",\"Recipient Type\":\"Email\"}"},{"ParentStepIdentifier":"097120cb-f93e-4cda-883c-e4fff40a6dce","ParentWorkflowIdentifier":"6494ff98-c121-476c-97fc-c2733de0df1e","Name":"SelectedScopeName","Value":"All entities"}],"AutoSkipOnFailure":true,"IsDebugMockData":false,"StepDebugData":null},{"Identifier":"0e844810-3178-4e46-92d1-4e55a9ad2df0","OriginalStepIdentifier":"49bea9bc-2416-4a5c-852b-382499b4c30c","ParentWorkflowIdentifier":"6494ff98-c121-476c-97fc-c2733de0df1e","ParentStepIdentifiers":["dc1a3fd3-7f3f-426e-bf98-7e512fbbfab5"],"ParentStepIdentifier":"dc1a3fd3-7f3f-426e-bf98-7e512fbbfab5","PreviousResultCondition":"{}","InstanceName":"Output_1","IsAutomatic":true,"Name":"Output","IsSkippable":false,"Description":"","ActionProvider":"Flow","ActionName":"OutputAction","Type":6,"Integration":"Flow","Parameters":[{"ParentStepIdentifier":"0e844810-3178-4e46-92d1-4e55a9ad2df0","ParentWorkflowIdentifier":"6494ff98-c121-476c-97fc-c2733de0df1e","Name":"NestedWorkflowOutput","Value":"[Get Webhook Response.JsonResult| \"data.query.Answer\"]"}],"AutoSkipOnFailure":false,"IsDebugMockData":false,"StepDebugData":null},{"Identifier":"0f7bf975-d225-41dd-aa58-4a86ab65c7b8","OriginalStepIdentifier":"99b77329-17d3-43a5-95ae-fddd622c0ac6","ParentWorkflowIdentifier":"6494ff98-c121-476c-97fc-c2733de0df1e","ParentStepIdentifiers":["fd12b626-a527-4fee-be88-fd57fa1cb860"],"ParentStepIdentifier":"fd12b626-a527-4fee-be88-fd57fa1cb860","PreviousResultCondition":"{\n  \"fd12b626-a527-4fee-be88-fd57fa1cb860\": \"1\"\n}","InstanceName":"Tools_Set Message TS","IsAutomatic":true,"Name":"Tools_Set Context Value","IsSkippable":false,"Description":"The action sets a key and value in a specific context (alert or case)","ActionProvider":"Scripts","ActionName":"Tools_Set Context Value","Type":0,"Integration":"Tools","Parameters":[{"ParentStepIdentifier":"0f7bf975-d225-41dd-aa58-4a86ab65c7b8","ParentWorkflowIdentifier":"6494ff98-c121-476c-97fc-c2733de0df1e","Name":"AssignedUsers","Value":null},{"ParentStepIdentifier":"0f7bf975-d225-41dd-aa58-4a86ab65c7b8","ParentWorkflowIdentifier":"6494ff98-c121-476c-97fc-c2733de0df1e","Name":"AsyncActionTimeout","Value":"86400"},{"ParentStepIdentifier":"0f7bf975-d225-41dd-aa58-4a86ab65c7b8","ParentWorkflowIdentifier":"6494ff98-c121-476c-97fc-c2733de0df1e","Name":"AsyncPollingInterval","Value":"3600"},{"ParentStepIdentifier":"0f7bf975-d225-41dd-aa58-4a86ab65c7b8","ParentWorkflowIdentifier":"6494ff98-c121-476c-97fc-c2733de0df1e","Name":"FallbackIntegrationInstance","Value":null},{"ParentStepIdentifier":"0f7bf975-d225-41dd-aa58-4a86ab65c7b8","ParentWorkflowIdentifier":"6494ff98-c121-476c-97fc-c2733de0df1e","Name":"HasApprovalLink","Value":null},{"ParentStepIdentifier":"0f7bf975-d225-41dd-aa58-4a86ab65c7b8","ParentWorkflowIdentifier":"6494ff98-c121-476c-97fc-c2733de0df1e","Name":"IntegrationInstance","Value":"2e787919-e84d-4616-9029-2cf1a5b8cbb3"},{"ParentStepIdentifier":"0f7bf975-d225-41dd-aa58-4a86ab65c7b8","ParentWorkflowIdentifier":"6494ff98-c121-476c-97fc-c2733de0df1e","Name":"MessageToAssignee","Value":null},{"ParentStepIdentifier":"0f7bf975-d225-41dd-aa58-4a86ab65c7b8","ParentWorkflowIdentifier":"6494ff98-c121-476c-97fc-c2733de0df1e","Name":"PendingActionTimeout","Value":null},{"ParentStepIdentifier":"0f7bf975-d225-41dd-aa58-4a86ab65c7b8","ParentWorkflowIdentifier":"6494ff98-c121-476c-97fc-c2733de0df1e","Name":"ScriptName","Value":"Tools_Set Context Value"},{"ParentStepIdentifier":"0f7bf975-d225-41dd-aa58-4a86ab65c7b8","ParentWorkflowIdentifier":"6494ff98-c121-476c-97fc-c2733de0df1e","Name":"ScriptParametersEntityFields","Value":"{\"Value\":\"[Slack - Send Block by Email.JsonResult| \\\"ts\\\"]\",\"Key\":\"openQuestionTS\",\"Scope\":\"Alert\"}"},{"ParentStepIdentifier":"0f7bf975-d225-41dd-aa58-4a86ab65c7b8","ParentWorkflowIdentifier":"6494ff98-c121-476c-97fc-c2733de0df1e","Name":"SelectedScopeName","Value":"All entities"}],"AutoSkipOnFailure":true,"IsDebugMockData":false,"StepDebugData":null},{"Identifier":"16d59c2b-e2c7-433a-951f-2c74cacdd0dc","OriginalStepIdentifier":"8b554dc8-1ff2-4af0-ba51-497e690eedec","ParentWorkflowIdentifier":"6494ff98-c121-476c-97fc-c2733de0df1e","ParentStepIdentifiers":["787bf13c-0a23-44e1-9fb5-1dcb5d640a9f"],"ParentStepIdentifier":"787bf13c-0a23-44e1-9fb5-1dcb5d640a9f","PreviousResultCondition":"{}","InstanceName":"Tools_Get Channel Id","IsAutomatic":true,"Name":"Tools_Get Context Value","IsSkippable":false,"Description":"The action gets a key and value in a specific context (alert or case)","ActionProvider":"Scripts","ActionName":"Tools_Get Context Value","Type":0,"Integration":"Tools","Parameters":[{"ParentStepIdentifier":"16d59c2b-e2c7-433a-951f-2c74cacdd0dc","ParentWorkflowIdentifier":"6494ff98-c121-476c-97fc-c2733de0df1e","Name":"AssignedUsers","Value":null},{"ParentStepIdentifier":"16d59c2b-e2c7-433a-951f-2c74cacdd0dc","ParentWorkflowIdentifier":"6494ff98-c121-476c-97fc-c2733de0df1e","Name":"AsyncActionTimeout","Value":"86400"},{"ParentStepIdentifier":"16d59c2b-e2c7-433a-951f-2c74cacdd0dc","ParentWorkflowIdentifier":"6494ff98-c121-476c-97fc-c2733de0df1e","Name":"AsyncPollingInterval","Value":"3600"},{"ParentStepIdentifier":"16d59c2b-e2c7-433a-951f-2c74cacdd0dc","ParentWorkflowIdentifier":"6494ff98-c121-476c-97fc-c2733de0df1e","Name":"FallbackIntegrationInstance","Value":null},{"ParentStepIdentifier":"16d59c2b-e2c7-433a-951f-2c74cacdd0dc","ParentWorkflowIdentifier":"6494ff98-c121-476c-97fc-c2733de0df1e","Name":"HasApprovalLink","Value":null},{"ParentStepIdentifier":"16d59c2b-e2c7-433a-951f-2c74cacdd0dc","ParentWorkflowIdentifier":"6494ff98-c121-476c-97fc-c2733de0df1e","Name":"IntegrationInstance","Value":"2e787919-e84d-4616-9029-2cf1a5b8cbb3"},{"ParentStepIdentifier":"16d59c2b-e2c7-433a-951f-2c74cacdd0dc","ParentWorkflowIdentifier":"6494ff98-c121-476c-97fc-c2733de0df1e","Name":"MessageToAssignee","Value":null},{"ParentStepIdentifier":"16d59c2b-e2c7-433a-951f-2c74cacdd0dc","ParentWorkflowIdentifier":"6494ff98-c121-476c-97fc-c2733de0df1e","Name":"PendingActionTimeout","Value":null},{"ParentStepIdentifier":"16d59c2b-e2c7-433a-951f-2c74cacdd0dc","ParentWorkflowIdentifier":"6494ff98-c121-476c-97fc-c2733de0df1e","Name":"ScriptName","Value":"Tools_Get Context Value"},{"ParentStepIdentifier":"16d59c2b-e2c7-433a-951f-2c74cacdd0dc","ParentWorkflowIdentifier":"6494ff98-c121-476c-97fc-c2733de0df1e","Name":"ScriptParametersEntityFields","Value":"{\"Scope\":\"Alert\",\"Key\":\"openQuestionChannelId\"}"},{"ParentStepIdentifier":"16d59c2b-e2c7-433a-951f-2c74cacdd0dc","ParentWorkflowIdentifier":"6494ff98-c121-476c-97fc-c2733de0df1e","Name":"SelectedScopeName","Value":"All entities"}],"AutoSkipOnFailure":true,"IsDebugMockData":false,"StepDebugData":null},{"Identifier":"1865ef06-ad66-4c04-a47d-fd6b2ff42de5","OriginalStepIdentifier":"badf4dfa-dc08-486a-9917-748fc38bc01a","ParentWorkflowIdentifier":"6494ff98-c121-476c-97fc-c2733de0df1e","ParentStepIdentifiers":["0f7bf975-d225-41dd-aa58-4a86ab65c7b8"],"ParentStepIdentifier":"0f7bf975-d225-41dd-aa58-4a86ab65c7b8","PreviousResultCondition":"{}","InstanceName":"Tools_Set Channel ID","IsAutomatic":true,"Name":"Tools_Set Context Value","IsSkippable":false,"Description":"The action sets a key and value in a specific context (alert or case)","ActionProvider":"Scripts","ActionName":"Tools_Set Context Value","Type":0,"Integration":"Tools","Parameters":[{"ParentStepIdentifier":"1865ef06-ad66-4c04-a47d-fd6b2ff42de5","ParentWorkflowIdentifier":"6494ff98-c121-476c-97fc-c2733de0df1e","Name":"AssignedUsers","Value":null},{"ParentStepIdentifier":"1865ef06-ad66-4c04-a47d-fd6b2ff42de5","ParentWorkflowIdentifier":"6494ff98-c121-476c-97fc-c2733de0df1e","Name":"AsyncActionTimeout","Value":"86400"},{"ParentStepIdentifier":"1865ef06-ad66-4c04-a47d-fd6b2ff42de5","ParentWorkflowIdentifier":"6494ff98-c121-476c-97fc-c2733de0df1e","Name":"AsyncPollingInterval","Value":"3600"},{"ParentStepIdentifier":"1865ef06-ad66-4c04-a47d-fd6b2ff42de5","ParentWorkflowIdentifier":"6494ff98-c121-476c-97fc-c2733de0df1e","Name":"FallbackIntegrationInstance","Value":null},{"ParentStepIdentifier":"1865ef06-ad66-4c04-a47d-fd6b2ff42de5","ParentWorkflowIdentifier":"6494ff98-c121-476c-97fc-c2733de0df1e","Name":"HasApprovalLink","Value":null},{"ParentStepIdentifier":"1865ef06-ad66-4c04-a47d-fd6b2ff42de5","ParentWorkflowIdentifier":"6494ff98-c121-476c-97fc-c2733de0df1e","Name":"IntegrationInstance","Value":"2e787919-e84d-4616-9029-2cf1a5b8cbb3"},{"ParentStepIdentifier":"1865ef06-ad66-4c04-a47d-fd6b2ff42de5","ParentWorkflowIdentifier":"6494ff98-c121-476c-97fc-c2733de0df1e","Name":"MessageToAssignee","Value":null},{"ParentStepIdentifier":"1865ef06-ad66-4c04-a47d-fd6b2ff42de5","ParentWorkflowIdentifier":"6494ff98-c121-476c-97fc-c2733de0df1e","Name":"PendingActionTimeout","Value":null},{"ParentStepIdentifier":"1865ef06-ad66-4c04-a47d-fd6b2ff42de5","ParentWorkflowIdentifier":"6494ff98-c121-476c-97fc-c2733de0df1e","Name":"ScriptName","Value":"Tools_Set Context Value"},{"ParentStepIdentifier":"1865ef06-ad66-4c04-a47d-fd6b2ff42de5","ParentWorkflowIdentifier":"6494ff98-c121-476c-97fc-c2733de0df1e","Name":"ScriptParametersEntityFields","Value":"{\"Value\":\"[Slack - Send Block by Email.JsonResult| \\\"channel\\\"]\",\"Key\":\"openQuestionChannelId\",\"Scope\":\"Alert\"}"},{"ParentStepIdentifier":"1865ef06-ad66-4c04-a47d-fd6b2ff42de5","ParentWorkflowIdentifier":"6494ff98-c121-476c-97fc-c2733de0df1e","Name":"SelectedScopeName","Value":"All entities"}],"AutoSkipOnFailure":true,"IsDebugMockData":false,"StepDebugData":null},{"Identifier":"18964f98-93b6-4772-8a06-8b75273043b0","OriginalStepIdentifier":"a63b17a9-5964-454a-b2dc-92e084dfcac5","ParentWorkflowIdentifier":"6494ff98-c121-476c-97fc-c2733de0df1e","ParentStepIdentifiers":["1b179430-7eb3-4cb4-9ad0-2a50a1e49004"],"ParentStepIdentifier":"1b179430-7eb3-4cb4-9ad0-2a50a1e49004","PreviousResultCondition":"{}","InstanceName":"Email in answer?","IsAutomatic":true,"Name":"Condition","IsSkippable":false,"Description":"This condition determines the progress of the playbook. Conditions are built based on cases data (cases, alerts, vents, entities and environment properties) as-well as data that comes back from previous playbook steps.","ActionProvider":"Flow","ActionName":"IfFlowCondition","Type":4,"Integration":"Flow","Parameters":[{"ParentStepIdentifier":"18964f98-93b6-4772-8a06-8b75273043b0","ParentWorkflowIdentifier":"6494ff98-c121-476c-97fc-c2733de0df1e","Name":"AssignedUsers","Value":null},{"ParentStepIdentifier":"18964f98-93b6-4772-8a06-8b75273043b0","ParentWorkflowIdentifier":"6494ff98-c121-476c-97fc-c2733de0df1e","Name":"Branches","Value":"[{\"LogicalOperator\":0,\"Conditions\":[{\"Operator\":1,\"FieldName\":\"[Slack Custom_Wait For Reply.JsonResult| \\\"text\\\"]\",\"Type\":2,\"Value\":\"@\"}],\"Order\":1,\"IsDefaultBranch\":false,\"Name\":\"Yes\"},{\"LogicalOperator\":0,\"Conditions\":[],\"Order\":2,\"IsDefaultBranch\":true,\"Name\":\"Branch\"}]"},{"ParentStepIdentifier":"18964f98-93b6-4772-8a06-8b75273043b0","ParentWorkflowIdentifier":"6494ff98-c121-476c-97fc-c2733de0df1e","Name":"ErrorFallbackBranch","Value":null},{"ParentStepIdentifier":"18964f98-93b6-4772-8a06-8b75273043b0","ParentWorkflowIdentifier":"6494ff98-c121-476c-97fc-c2733de0df1e","Name":"HasApprovalLink","Value":null},{"ParentStepIdentifier":"18964f98-93b6-4772-8a06-8b75273043b0","ParentWorkflowIdentifier":"6494ff98-c121-476c-97fc-c2733de0df1e","Name":"MessageToAssignee","Value":null},{"ParentStepIdentifier":"18964f98-93b6-4772-8a06-8b75273043b0","ParentWorkflowIdentifier":"6494ff98-c121-476c-97fc-c2733de0df1e","Name":"PendingActionTimeout","Value":null},{"ParentStepIdentifier":"18964f98-93b6-4772-8a06-8b75273043b0","ParentWorkflowIdentifier":"6494ff98-c121-476c-97fc-c2733de0df1e","Name":"SelectedScopeName","Value":"All entities"}],"AutoSkipOnFailure":false,"IsDebugMockData":false,"StepDebugData":null},{"Identifier":"1b179430-7eb3-4cb4-9ad0-2a50a1e49004","OriginalStepIdentifier":"efaafc93-0b0e-45fc-9015-769c912b31c9","ParentWorkflowIdentifier":"6494ff98-c121-476c-97fc-c2733de0df1e","ParentStepIdentifiers":["16d59c2b-e2c7-433a-951f-2c74cacdd0dc"],"ParentStepIdentifier":"16d59c2b-e2c7-433a-951f-2c74cacdd0dc","PreviousResultCondition":"{}","InstanceName":"Slack Custom_Wait For Reply","IsAutomatic":true,"Name":"Slack Custom_Wait For Reply","IsSkippable":false,"Description":"Wait for a thread reply to a message in a channel.","ActionProvider":"Scripts","ActionName":"Slack Custom_Wait For Reply","Type":0,"Integration":"Slack Custom","Parameters":[{"ParentStepIdentifier":"1b179430-7eb3-4cb4-9ad0-2a50a1e49004","ParentWorkflowIdentifier":"6494ff98-c121-476c-97fc-c2733de0df1e","Name":"AssignedUsers","Value":null},{"ParentStepIdentifier":"1b179430-7eb3-4cb4-9ad0-2a50a1e49004","ParentWorkflowIdentifier":"6494ff98-c121-476c-97fc-c2733de0df1e","Name":"AsyncActionTimeout","Value":"86400"},{"ParentStepIdentifier":"1b179430-7eb3-4cb4-9ad0-2a50a1e49004","ParentWorkflowIdentifier":"6494ff98-c121-476c-97fc-c2733de0df1e","Name":"AsyncPollingInterval","Value":"30"},{"ParentStepIdentifier":"1b179430-7eb3-4cb4-9ad0-2a50a1e49004","ParentWorkflowIdentifier":"6494ff98-c121-476c-97fc-c2733de0df1e","Name":"FallbackIntegrationInstance","Value":null},{"ParentStepIdentifier":"1b179430-7eb3-4cb4-9ad0-2a50a1e49004","ParentWorkflowIdentifier":"6494ff98-c121-476c-97fc-c2733de0df1e","Name":"HasApprovalLink","Value":null},{"ParentStepIdentifier":"1b179430-7eb3-4cb4-9ad0-2a50a1e49004","ParentWorkflowIdentifier":"6494ff98-c121-476c-97fc-c2733de0df1e","Name":"IntegrationInstance","Value":"a7738dc0-48ab-4c12-b48a-6bdd32a2cdf9"},{"ParentStepIdentifier":"1b179430-7eb3-4cb4-9ad0-2a50a1e49004","ParentWorkflowIdentifier":"6494ff98-c121-476c-97fc-c2733de0df1e","Name":"MessageToAssignee","Value":null},{"ParentStepIdentifier":"1b179430-7eb3-4cb4-9ad0-2a50a1e49004","ParentWorkflowIdentifier":"6494ff98-c121-476c-97fc-c2733de0df1e","Name":"PendingActionTimeout","Value":null},{"ParentStepIdentifier":"1b179430-7eb3-4cb4-9ad0-2a50a1e49004","ParentWorkflowIdentifier":"6494ff98-c121-476c-97fc-c2733de0df1e","Name":"ScriptName","Value":"Slack Custom_Wait For Reply"},{"ParentStepIdentifier":"1b179430-7eb3-4cb4-9ad0-2a50a1e49004","ParentWorkflowIdentifier":"6494ff98-c121-476c-97fc-c2733de0df1e","Name":"ScriptParametersEntityFields","Value":"{\"Message Timestamp\":\"[Tools_Get Message TS.ScriptResult]\",\"Channel\":\"\",\"Channel ID\":\"[Tools_Get Channel Id.ScriptResult]\"}"},{"ParentStepIdentifier":"1b179430-7eb3-4cb4-9ad0-2a50a1e49004","ParentWorkflowIdentifier":"6494ff98-c121-476c-97fc-c2733de0df1e","Name":"SelectedScopeName","Value":"All entities"}],"AutoSkipOnFailure":true,"IsDebugMockData":false,"StepDebugData":null},{"Identifier":"2df7560d-e1ae-4145-8e9c-f67b37ebb056","OriginalStepIdentifier":"19f75263-910f-43c1-bb36-3544bc43d265","ParentWorkflowIdentifier":"6494ff98-c121-476c-97fc-c2733de0df1e","ParentStepIdentifiers":["fd12b626-a527-4fee-be88-fd57fa1cb860"],"ParentStepIdentifier":"fd12b626-a527-4fee-be88-fd57fa1cb860","PreviousResultCondition":"{\n  \"fd12b626-a527-4fee-be88-fd57fa1cb860\": \"3\"\n}","InstanceName":"Tools_Set Message TS_2","IsAutomatic":true,"Name":"Tools_Set Context Value","IsSkippable":false,"Description":"The action sets a key and value in a specific context (alert or case)","ActionProvider":"Scripts","ActionName":"Tools_Set Context Value","Type":0,"Integration":"Tools","Parameters":[{"ParentStepIdentifier":"2df7560d-e1ae-4145-8e9c-f67b37ebb056","ParentWorkflowIdentifier":"6494ff98-c121-476c-97fc-c2733de0df1e","Name":"AssignedUsers","Value":null},{"ParentStepIdentifier":"2df7560d-e1ae-4145-8e9c-f67b37ebb056","ParentWorkflowIdentifier":"6494ff98-c121-476c-97fc-c2733de0df1e","Name":"AsyncActionTimeout","Value":"86400"},{"ParentStepIdentifier":"2df7560d-e1ae-4145-8e9c-f67b37ebb056","ParentWorkflowIdentifier":"6494ff98-c121-476c-97fc-c2733de0df1e","Name":"AsyncPollingInterval","Value":"3600"},{"ParentStepIdentifier":"2df7560d-e1ae-4145-8e9c-f67b37ebb056","ParentWorkflowIdentifier":"6494ff98-c121-476c-97fc-c2733de0df1e","Name":"FallbackIntegrationInstance","Value":null},{"ParentStepIdentifier":"2df7560d-e1ae-4145-8e9c-f67b37ebb056","ParentWorkflowIdentifier":"6494ff98-c121-476c-97fc-c2733de0df1e","Name":"HasApprovalLink","Value":null},{"ParentStepIdentifier":"2df7560d-e1ae-4145-8e9c-f67b37ebb056","ParentWorkflowIdentifier":"6494ff98-c121-476c-97fc-c2733de0df1e","Name":"IntegrationInstance","Value":"2e787919-e84d-4616-9029-2cf1a5b8cbb3"},{"ParentStepIdentifier":"2df7560d-e1ae-4145-8e9c-f67b37ebb056","ParentWorkflowIdentifier":"6494ff98-c121-476c-97fc-c2733de0df1e","Name":"MessageToAssignee","Value":null},{"ParentStepIdentifier":"2df7560d-e1ae-4145-8e9c-f67b37ebb056","ParentWorkflowIdentifier":"6494ff98-c121-476c-97fc-c2733de0df1e","Name":"PendingActionTimeout","Value":null},{"ParentStepIdentifier":"2df7560d-e1ae-4145-8e9c-f67b37ebb056","ParentWorkflowIdentifier":"6494ff98-c121-476c-97fc-c2733de0df1e","Name":"ScriptName","Value":"Tools_Set Context Value"},{"ParentStepIdentifier":"2df7560d-e1ae-4145-8e9c-f67b37ebb056","ParentWorkflowIdentifier":"6494ff98-c121-476c-97fc-c2733de0df1e","Name":"ScriptParametersEntityFields","Value":"{\"Value\":\"[Slack - Send Block by Id 6-9.JsonResult| \\\"ts\\\"]\",\"Key\":\"openQuestionTS\",\"Scope\":\"Alert\"}"},{"ParentStepIdentifier":"2df7560d-e1ae-4145-8e9c-f67b37ebb056","ParentWorkflowIdentifier":"6494ff98-c121-476c-97fc-c2733de0df1e","Name":"SelectedScopeName","Value":"All entities"}],"AutoSkipOnFailure":true,"IsDebugMockData":false,"StepDebugData":null},{"Identifier":"323f8bb6-44ac-40a3-be47-936742ae9a45","OriginalStepIdentifier":"266ccba9-d5f8-4955-a887-622c71e21a43","ParentWorkflowIdentifier":"6494ff98-c121-476c-97fc-c2733de0df1e","ParentStepIdentifiers":["d258a15e-29e8-4b76-8ea3-f7ce736b2f61"],"ParentStepIdentifier":"d258a15e-29e8-4b76-8ea3-f7ce736b2f61","PreviousResultCondition":"{\n  \"d258a15e-29e8-4b76-8ea3-f7ce736b2f61\": \"1\"\n}","InstanceName":"Tools_Set Recipient","IsAutomatic":true,"Name":"Tools_Set Context Value","IsSkippable":false,"Description":"The action sets a key and value in a specific context (alert or case)","ActionProvider":"Scripts","ActionName":"Tools_Set Context Value","Type":0,"Integration":"Tools","Parameters":[{"ParentStepIdentifier":"323f8bb6-44ac-40a3-be47-936742ae9a45","ParentWorkflowIdentifier":"6494ff98-c121-476c-97fc-c2733de0df1e","Name":"AssignedUsers","Value":null},{"ParentStepIdentifier":"323f8bb6-44ac-40a3-be47-936742ae9a45","ParentWorkflowIdentifier":"6494ff98-c121-476c-97fc-c2733de0df1e","Name":"AsyncActionTimeout","Value":"86400"},{"ParentStepIdentifier":"323f8bb6-44ac-40a3-be47-936742ae9a45","ParentWorkflowIdentifier":"6494ff98-c121-476c-97fc-c2733de0df1e","Name":"AsyncPollingInterval","Value":"3600"},{"ParentStepIdentifier":"323f8bb6-44ac-40a3-be47-936742ae9a45","ParentWorkflowIdentifier":"6494ff98-c121-476c-97fc-c2733de0df1e","Name":"FallbackIntegrationInstance","Value":null},{"ParentStepIdentifier":"323f8bb6-44ac-40a3-be47-936742ae9a45","ParentWorkflowIdentifier":"6494ff98-c121-476c-97fc-c2733de0df1e","Name":"HasApprovalLink","Value":null},{"ParentStepIdentifier":"323f8bb6-44ac-40a3-be47-936742ae9a45","ParentWorkflowIdentifier":"6494ff98-c121-476c-97fc-c2733de0df1e","Name":"IntegrationInstance","Value":"2e787919-e84d-4616-9029-2cf1a5b8cbb3"},{"ParentStepIdentifier":"323f8bb6-44ac-40a3-be47-936742ae9a45","ParentWorkflowIdentifier":"6494ff98-c121-476c-97fc-c2733de0df1e","Name":"MessageToAssignee","Value":null},{"ParentStepIdentifier":"323f8bb6-44ac-40a3-be47-936742ae9a45","ParentWorkflowIdentifier":"6494ff98-c121-476c-97fc-c2733de0df1e","Name":"PendingActionTimeout","Value":null},{"ParentStepIdentifier":"323f8bb6-44ac-40a3-be47-936742ae9a45","ParentWorkflowIdentifier":"6494ff98-c121-476c-97fc-c2733de0df1e","Name":"ScriptName","Value":"Tools_Set Context Value"},{"ParentStepIdentifier":"323f8bb6-44ac-40a3-be47-936742ae9a45","ParentWorkflowIdentifier":"6494ff98-c121-476c-97fc-c2733de0df1e","Name":"ScriptParametersEntityFields","Value":"{\"Value\":\"[Input.Target User (Full Name, Email, Id)]\",\"Key\":\"slackRecipient\",\"Scope\":\"Alert\"}"},{"ParentStepIdentifier":"323f8bb6-44ac-40a3-be47-936742ae9a45","ParentWorkflowIdentifier":"6494ff98-c121-476c-97fc-c2733de0df1e","Name":"SelectedScopeName","Value":"All entities"}],"AutoSkipOnFailure":false,"IsDebugMockData":false,"StepDebugData":null},{"Identifier":"33cd622e-0ac2-4e2b-a3d0-18548d2c3272","OriginalStepIdentifier":"d168d4cd-fe6e-4fae-b39d-2feadfcd997d","ParentWorkflowIdentifier":"6494ff98-c121-476c-97fc-c2733de0df1e","ParentStepIdentifiers":["18964f98-93b6-4772-8a06-8b75273043b0"],"ParentStepIdentifier":"18964f98-93b6-4772-8a06-8b75273043b0","PreviousResultCondition":"{\n  \"18964f98-93b6-4772-8a06-8b75273043b0\": \"2\"\n}","InstanceName":"Functions_Clean Answer","IsAutomatic":true,"Name":"Functions_String Functions","IsSkippable":false,"Description":"This action includes basic Pythonic string functions as mentioned below - \nLower - converts a string into lower case.\nUpper - converts a string into upper case.\nCount - returns the number of times a specified value occurs in a string.\nFind - searches the string for a specified value and returns the position of where it was found.\nIsAlpha - returns \"True\" if all characters in the string are in the alphabet.\nIsDigit - returns \"True\" if all characters in the string are digits.\nReplace - returns a string where a specified value is replaced with a specified value.\nStrip - returns a trimmed version of the string.\nTitle - converts the first character of each word to uppercase.\nSplit - Splits the input string into a list using Param 1 as the separator.  Defaults to comma.","ActionProvider":"Scripts","ActionName":"Functions_String Functions","Type":0,"Integration":"Functions","Parameters":[{"ParentStepIdentifier":"33cd622e-0ac2-4e2b-a3d0-18548d2c3272","ParentWorkflowIdentifier":"6494ff98-c121-476c-97fc-c2733de0df1e","Name":"AssignedUsers","Value":null},{"ParentStepIdentifier":"33cd622e-0ac2-4e2b-a3d0-18548d2c3272","ParentWorkflowIdentifier":"6494ff98-c121-476c-97fc-c2733de0df1e","Name":"AsyncActionTimeout","Value":"86400"},{"ParentStepIdentifier":"33cd622e-0ac2-4e2b-a3d0-18548d2c3272","ParentWorkflowIdentifier":"6494ff98-c121-476c-97fc-c2733de0df1e","Name":"AsyncPollingInterval","Value":"3600"},{"ParentStepIdentifier":"33cd622e-0ac2-4e2b-a3d0-18548d2c3272","ParentWorkflowIdentifier":"6494ff98-c121-476c-97fc-c2733de0df1e","Name":"FallbackIntegrationInstance","Value":null},{"ParentStepIdentifier":"33cd622e-0ac2-4e2b-a3d0-18548d2c3272","ParentWorkflowIdentifier":"6494ff98-c121-476c-97fc-c2733de0df1e","Name":"HasApprovalLink","Value":null},{"ParentStepIdentifier":"33cd622e-0ac2-4e2b-a3d0-18548d2c3272","ParentWorkflowIdentifier":"6494ff98-c121-476c-97fc-c2733de0df1e","Name":"IntegrationInstance","Value":"2e96d39b-28a0-4d9c-ac90-4c704183566e"},{"ParentStepIdentifier":"33cd622e-0ac2-4e2b-a3d0-18548d2c3272","ParentWorkflowIdentifier":"6494ff98-c121-476c-97fc-c2733de0df1e","Name":"MessageToAssignee","Value":null},{"ParentStepIdentifier":"33cd622e-0ac2-4e2b-a3d0-18548d2c3272","ParentWorkflowIdentifier":"6494ff98-c121-476c-97fc-c2733de0df1e","Name":"PendingActionTimeout","Value":null},{"ParentStepIdentifier":"33cd622e-0ac2-4e2b-a3d0-18548d2c3272","ParentWorkflowIdentifier":"6494ff98-c121-476c-97fc-c2733de0df1e","Name":"ScriptName","Value":"Functions_String Functions"},{"ParentStepIdentifier":"33cd622e-0ac2-4e2b-a3d0-18548d2c3272","ParentWorkflowIdentifier":"6494ff98-c121-476c-97fc-c2733de0df1e","Name":"ScriptParametersEntityFields","Value":"{\"Param 2\":\" \",\"Param 1\":\"\",\"Input\":\"[Slack Custom_Wait For Reply.JsonResult| \\\"text\\\"]\",\"Function\":\"Strip\"}"},{"ParentStepIdentifier":"33cd622e-0ac2-4e2b-a3d0-18548d2c3272","ParentWorkflowIdentifier":"6494ff98-c121-476c-97fc-c2733de0df1e","Name":"SelectedScopeName","Value":"All entities"}],"AutoSkipOnFailure":true,"IsDebugMockData":false,"StepDebugData":null},{"Identifier":"411693e8-ea4e-4633-af36-444589e23f4b","OriginalStepIdentifier":"02bfe734-0ea9-4c11-8dd9-8dc784138150","ParentWorkflowIdentifier":"6494ff98-c121-476c-97fc-c2733de0df1e","ParentStepIdentifiers":["2df7560d-e1ae-4145-8e9c-f67b37ebb056"],"ParentStepIdentifier":"2df7560d-e1ae-4145-8e9c-f67b37ebb056","PreviousResultCondition":"{}","InstanceName":"Tools_Set Channel ID_2","IsAutomatic":true,"Name":"Tools_Set Context Value","IsSkippable":false,"Description":"The action sets a key and value in a specific context (alert or case)","ActionProvider":"Scripts","ActionName":"Tools_Set Context Value","Type":0,"Integration":"Tools","Parameters":[{"ParentStepIdentifier":"411693e8-ea4e-4633-af36-444589e23f4b","ParentWorkflowIdentifier":"6494ff98-c121-476c-97fc-c2733de0df1e","Name":"AssignedUsers","Value":null},{"ParentStepIdentifier":"411693e8-ea4e-4633-af36-444589e23f4b","ParentWorkflowIdentifier":"6494ff98-c121-476c-97fc-c2733de0df1e","Name":"AsyncActionTimeout","Value":"86400"},{"ParentStepIdentifier":"411693e8-ea4e-4633-af36-444589e23f4b","ParentWorkflowIdentifier":"6494ff98-c121-476c-97fc-c2733de0df1e","Name":"AsyncPollingInterval","Value":"3600"},{"ParentStepIdentifier":"411693e8-ea4e-4633-af36-444589e23f4b","ParentWorkflowIdentifier":"6494ff98-c121-476c-97fc-c2733de0df1e","Name":"FallbackIntegrationInstance","Value":null},{"ParentStepIdentifier":"411693e8-ea4e-4633-af36-444589e23f4b","ParentWorkflowIdentifier":"6494ff98-c121-476c-97fc-c2733de0df1e","Name":"HasApprovalLink","Value":null},{"ParentStepIdentifier":"411693e8-ea4e-4633-af36-444589e23f4b","ParentWorkflowIdentifier":"6494ff98-c121-476c-97fc-c2733de0df1e","Name":"IntegrationInstance","Value":"2e787919-e84d-4616-9029-2cf1a5b8cbb3"},{"ParentStepIdentifier":"411693e8-ea4e-4633-af36-444589e23f4b","ParentWorkflowIdentifier":"6494ff98-c121-476c-97fc-c2733de0df1e","Name":"MessageToAssignee","Value":null},{"ParentStepIdentifier":"411693e8-ea4e-4633-af36-444589e23f4b","ParentWorkflowIdentifier":"6494ff98-c121-476c-97fc-c2733de0df1e","Name":"PendingActionTimeout","Value":null},{"ParentStepIdentifier":"411693e8-ea4e-4633-af36-444589e23f4b","ParentWorkflowIdentifier":"6494ff98-c121-476c-97fc-c2733de0df1e","Name":"ScriptName","Value":"Tools_Set Context Value"},{"ParentStepIdentifier":"411693e8-ea4e-4633-af36-444589e23f4b","ParentWorkflowIdentifier":"6494ff98-c121-476c-97fc-c2733de0df1e","Name":"ScriptParametersEntityFields","Value":"{\"Value\":\"[Slack - Send Block by Id 6-9.JsonResult| \\\"channel\\\"]\",\"Key\":\"openQuestionChannelId\",\"Scope\":\"Alert\"}"},{"ParentStepIdentifier":"411693e8-ea4e-4633-af36-444589e23f4b","ParentWorkflowIdentifier":"6494ff98-c121-476c-97fc-c2733de0df1e","Name":"SelectedScopeName","Value":"All entities"}],"AutoSkipOnFailure":true,"IsDebugMockData":false,"StepDebugData":null},{"Identifier":"42714e2c-d3fa-493b-b0e2-570eccd6886f","OriginalStepIdentifier":"96117a4c-4ab3-4e30-88b4-399ef45c590b","ParentWorkflowIdentifier":"6494ff98-c121-476c-97fc-c2733de0df1e","ParentStepIdentifiers":["951f7b8a-b0e6-44e7-bd71-6cba6424b959"],"ParentStepIdentifier":"951f7b8a-b0e6-44e7-bd71-6cba6424b959","PreviousResultCondition":"{\n  \"951f7b8a-b0e6-44e7-bd71-6cba6424b959\": \"1\"\n}","InstanceName":"Get Webhook Response","IsAutomatic":true,"Name":"Webhook_Get Webhook Response","IsSkippable":false,"Description":"Fetch data of requests for the URL: {Base URL}/{Token ID}","ActionProvider":"Scripts","ActionName":"Webhook_Get Webhook Response","Type":0,"Integration":"Webhook","Parameters":[{"ParentStepIdentifier":"42714e2c-d3fa-493b-b0e2-570eccd6886f","ParentWorkflowIdentifier":"6494ff98-c121-476c-97fc-c2733de0df1e","Name":"AssignedUsers","Value":null},{"ParentStepIdentifier":"42714e2c-d3fa-493b-b0e2-570eccd6886f","ParentWorkflowIdentifier":"6494ff98-c121-476c-97fc-c2733de0df1e","Name":"AsyncActionTimeout","Value":"86400"},{"ParentStepIdentifier":"42714e2c-d3fa-493b-b0e2-570eccd6886f","ParentWorkflowIdentifier":"6494ff98-c121-476c-97fc-c2733de0df1e","Name":"AsyncPollingInterval","Value":"30"},{"ParentStepIdentifier":"42714e2c-d3fa-493b-b0e2-570eccd6886f","ParentWorkflowIdentifier":"6494ff98-c121-476c-97fc-c2733de0df1e","Name":"FallbackIntegrationInstance","Value":null},{"ParentStepIdentifier":"42714e2c-d3fa-493b-b0e2-570eccd6886f","ParentWorkflowIdentifier":"6494ff98-c121-476c-97fc-c2733de0df1e","Name":"HasApprovalLink","Value":null},{"ParentStepIdentifier":"42714e2c-d3fa-493b-b0e2-570eccd6886f","ParentWorkflowIdentifier":"6494ff98-c121-476c-97fc-c2733de0df1e","Name":"IntegrationInstance","Value":"ad70f0d2-6351-4811-bd28-96b7c7a81b30"},{"ParentStepIdentifier":"42714e2c-d3fa-493b-b0e2-570eccd6886f","ParentWorkflowIdentifier":"6494ff98-c121-476c-97fc-c2733de0df1e","Name":"MessageToAssignee","Value":null},{"ParentStepIdentifier":"42714e2c-d3fa-493b-b0e2-570eccd6886f","ParentWorkflowIdentifier":"6494ff98-c121-476c-97fc-c2733de0df1e","Name":"PendingActionTimeout","Value":null},{"ParentStepIdentifier":"42714e2c-d3fa-493b-b0e2-570eccd6886f","ParentWorkflowIdentifier":"6494ff98-c121-476c-97fc-c2733de0df1e","Name":"ScriptName","Value":"Webhook_Get Webhook Response"},{"ParentStepIdentifier":"42714e2c-d3fa-493b-b0e2-570eccd6886f","ParentWorkflowIdentifier":"6494ff98-c121-476c-97fc-c2733de0df1e","Name":"ScriptParametersEntityFields","Value":"{\"Pending Condition\":\"AwaitClick\",\"TimeFrame\":\"5\",\"Responses To Retrieve\":\"All\",\"Token ID\":\"[Create Webhook.JsonResult| \\\"uuid\\\"]\"}"},{"ParentStepIdentifier":"42714e2c-d3fa-493b-b0e2-570eccd6886f","ParentWorkflowIdentifier":"6494ff98-c121-476c-97fc-c2733de0df1e","Name":"SelectedScopeName","Value":"All entities"}],"AutoSkipOnFailure":false,"IsDebugMockData":false,"StepDebugData":null},{"Identifier":"45c08e85-8f27-4e96-b395-a99c518e80f3","OriginalStepIdentifier":"944a2a8b-4683-4834-ad38-43ab6269d234","ParentWorkflowIdentifier":"6494ff98-c121-476c-97fc-c2733de0df1e","ParentStepIdentifiers":["fd12b626-a527-4fee-be88-fd57fa1cb860"],"ParentStepIdentifier":"fd12b626-a527-4fee-be88-fd57fa1cb860","PreviousResultCondition":"{\n  \"fd12b626-a527-4fee-be88-fd57fa1cb860\": \"2\"\n}","InstanceName":"Tools_Set Message TS_1","IsAutomatic":true,"Name":"Tools_Set Context Value","IsSkippable":false,"Description":"The action sets a key and value in a specific context (alert or case)","ActionProvider":"Scripts","ActionName":"Tools_Set Context Value","Type":0,"Integration":"Tools","Parameters":[{"ParentStepIdentifier":"45c08e85-8f27-4e96-b395-a99c518e80f3","ParentWorkflowIdentifier":"6494ff98-c121-476c-97fc-c2733de0df1e","Name":"AssignedUsers","Value":null},{"ParentStepIdentifier":"45c08e85-8f27-4e96-b395-a99c518e80f3","ParentWorkflowIdentifier":"6494ff98-c121-476c-97fc-c2733de0df1e","Name":"AsyncActionTimeout","Value":"86400"},{"ParentStepIdentifier":"45c08e85-8f27-4e96-b395-a99c518e80f3","ParentWorkflowIdentifier":"6494ff98-c121-476c-97fc-c2733de0df1e","Name":"AsyncPollingInterval","Value":"3600"},{"ParentStepIdentifier":"45c08e85-8f27-4e96-b395-a99c518e80f3","ParentWorkflowIdentifier":"6494ff98-c121-476c-97fc-c2733de0df1e","Name":"FallbackIntegrationInstance","Value":null},{"ParentStepIdentifier":"45c08e85-8f27-4e96-b395-a99c518e80f3","ParentWorkflowIdentifier":"6494ff98-c121-476c-97fc-c2733de0df1e","Name":"HasApprovalLink","Value":null},{"ParentStepIdentifier":"45c08e85-8f27-4e96-b395-a99c518e80f3","ParentWorkflowIdentifier":"6494ff98-c121-476c-97fc-c2733de0df1e","Name":"IntegrationInstance","Value":"2e787919-e84d-4616-9029-2cf1a5b8cbb3"},{"ParentStepIdentifier":"45c08e85-8f27-4e96-b395-a99c518e80f3","ParentWorkflowIdentifier":"6494ff98-c121-476c-97fc-c2733de0df1e","Name":"MessageToAssignee","Value":null},{"ParentStepIdentifier":"45c08e85-8f27-4e96-b395-a99c518e80f3","ParentWorkflowIdentifier":"6494ff98-c121-476c-97fc-c2733de0df1e","Name":"PendingActionTimeout","Value":null},{"ParentStepIdentifier":"45c08e85-8f27-4e96-b395-a99c518e80f3","ParentWorkflowIdentifier":"6494ff98-c121-476c-97fc-c2733de0df1e","Name":"ScriptName","Value":"Tools_Set Context Value"},{"ParentStepIdentifier":"45c08e85-8f27-4e96-b395-a99c518e80f3","ParentWorkflowIdentifier":"6494ff98-c121-476c-97fc-c2733de0df1e","Name":"ScriptParametersEntityFields","Value":"{\"Value\":\"[Slack - Send Block by Id 0-5.JsonResult| \\\"ts\\\"]\",\"Key\":\"openQuestionTS\",\"Scope\":\"Alert\"}"},{"ParentStepIdentifier":"45c08e85-8f27-4e96-b395-a99c518e80f3","ParentWorkflowIdentifier":"6494ff98-c121-476c-97fc-c2733de0df1e","Name":"SelectedScopeName","Value":"All entities"}],"AutoSkipOnFailure":true,"IsDebugMockData":false,"StepDebugData":null},{"Identifier":"4824e847-f992-498b-ba6c-ce55b96f9beb","OriginalStepIdentifier":"5215a907-f221-4a91-8d12-4d7d7e2a89ae","ParentWorkflowIdentifier":"6494ff98-c121-476c-97fc-c2733de0df1e","ParentStepIdentifiers":["951f7b8a-b0e6-44e7-bd71-6cba6424b959"],"ParentStepIdentifier":"951f7b8a-b0e6-44e7-bd71-6cba6424b959","PreviousResultCondition":"{\n  \"951f7b8a-b0e6-44e7-bd71-6cba6424b959\": \"2\"\n}","InstanceName":"Output_3","IsAutomatic":true,"Name":"Output","IsSkippable":false,"Description":"","ActionProvider":"Flow","ActionName":"OutputAction","Type":6,"Integration":"Flow","Parameters":[{"ParentStepIdentifier":"4824e847-f992-498b-ba6c-ce55b96f9beb","ParentWorkflowIdentifier":"6494ff98-c121-476c-97fc-c2733de0df1e","Name":"NestedWorkflowOutput","Value":"Could not contact user <[Input.Target User (Full Name, Email, Id)]>"}],"AutoSkipOnFailure":false,"IsDebugMockData":false,"StepDebugData":null},{"Identifier":"51d376d4-9034-484a-bd86-a50cefe7bc6d","OriginalStepIdentifier":"ceee2237-9931-462a-bbd9-092bc10eb7ee","ParentWorkflowIdentifier":"6494ff98-c121-476c-97fc-c2733de0df1e","ParentStepIdentifiers":["33cd622e-0ac2-4e2b-a3d0-18548d2c3272"],"ParentStepIdentifier":"33cd622e-0ac2-4e2b-a3d0-18548d2c3272","PreviousResultCondition":"{}","InstanceName":"Output_5","IsAutomatic":true,"Name":"Output","IsSkippable":false,"Description":"","ActionProvider":"Flow","ActionName":"OutputAction","Type":6,"Integration":"Flow","Parameters":[{"ParentStepIdentifier":"51d376d4-9034-484a-bd86-a50cefe7bc6d","ParentWorkflowIdentifier":"6494ff98-c121-476c-97fc-c2733de0df1e","Name":"NestedWorkflowOutput","Value":"[Functions_Clean Answer.ScriptResult]"}],"AutoSkipOnFailure":false,"IsDebugMockData":false,"StepDebugData":null},{"Identifier":"639dcb39-6327-4dc9-988c-66db43c381f4","OriginalStepIdentifier":"ebed1098-5be5-4541-822b-eb6e0d8e8636","ParentWorkflowIdentifier":"6494ff98-c121-476c-97fc-c2733de0df1e","ParentStepIdentifiers":["fd12b626-a527-4fee-be88-fd57fa1cb860"],"ParentStepIdentifier":"fd12b626-a527-4fee-be88-fd57fa1cb860","PreviousResultCondition":"{\n  \"fd12b626-a527-4fee-be88-fd57fa1cb860\": \"5\"\n}","InstanceName":"Output_4","IsAutomatic":true,"Name":"Output","IsSkippable":false,"Description":"","ActionProvider":"Flow","ActionName":"OutputAction","Type":6,"Integration":"Flow","Parameters":[{"ParentStepIdentifier":"639dcb39-6327-4dc9-988c-66db43c381f4","ParentWorkflowIdentifier":"6494ff98-c121-476c-97fc-c2733de0df1e","Name":"NestedWorkflowOutput","Value":null}],"AutoSkipOnFailure":false,"IsDebugMockData":false,"StepDebugData":null},{"Identifier":"65973a66-51e6-41d4-b187-7020310293c2","OriginalStepIdentifier":"ba79acc5-73f8-44c9-9972-7f69cc052a06","ParentWorkflowIdentifier":"6494ff98-c121-476c-97fc-c2733de0df1e","ParentStepIdentifiers":["323f8bb6-44ac-40a3-be47-936742ae9a45"],"ParentStepIdentifier":"323f8bb6-44ac-40a3-be47-936742ae9a45","PreviousResultCondition":"{}","InstanceName":"Tools_Get Recipient","IsAutomatic":true,"Name":"Tools_Get Context Value","IsSkippable":false,"Description":"The action gets a key and value in a specific context (alert or case)","ActionProvider":"Scripts","ActionName":"Tools_Get Context Value","Type":0,"Integration":"Tools","Parameters":[{"ParentStepIdentifier":"65973a66-51e6-41d4-b187-7020310293c2","ParentWorkflowIdentifier":"6494ff98-c121-476c-97fc-c2733de0df1e","Name":"AssignedUsers","Value":null},{"ParentStepIdentifier":"65973a66-51e6-41d4-b187-7020310293c2","ParentWorkflowIdentifier":"6494ff98-c121-476c-97fc-c2733de0df1e","Name":"AsyncActionTimeout","Value":"86400"},{"ParentStepIdentifier":"65973a66-51e6-41d4-b187-7020310293c2","ParentWorkflowIdentifier":"6494ff98-c121-476c-97fc-c2733de0df1e","Name":"AsyncPollingInterval","Value":"3600"},{"ParentStepIdentifier":"65973a66-51e6-41d4-b187-7020310293c2","ParentWorkflowIdentifier":"6494ff98-c121-476c-97fc-c2733de0df1e","Name":"FallbackIntegrationInstance","Value":null},{"ParentStepIdentifier":"65973a66-51e6-41d4-b187-7020310293c2","ParentWorkflowIdentifier":"6494ff98-c121-476c-97fc-c2733de0df1e","Name":"HasApprovalLink","Value":null},{"ParentStepIdentifier":"65973a66-51e6-41d4-b187-7020310293c2","ParentWorkflowIdentifier":"6494ff98-c121-476c-97fc-c2733de0df1e","Name":"IntegrationInstance","Value":"2e787919-e84d-4616-9029-2cf1a5b8cbb3"},{"ParentStepIdentifier":"65973a66-51e6-41d4-b187-7020310293c2","ParentWorkflowIdentifier":"6494ff98-c121-476c-97fc-c2733de0df1e","Name":"MessageToAssignee","Value":null},{"ParentStepIdentifier":"65973a66-51e6-41d4-b187-7020310293c2","ParentWorkflowIdentifier":"6494ff98-c121-476c-97fc-c2733de0df1e","Name":"PendingActionTimeout","Value":null},{"ParentStepIdentifier":"65973a66-51e6-41d4-b187-7020310293c2","ParentWorkflowIdentifier":"6494ff98-c121-476c-97fc-c2733de0df1e","Name":"ScriptName","Value":"Tools_Get Context Value"},{"ParentStepIdentifier":"65973a66-51e6-41d4-b187-7020310293c2","ParentWorkflowIdentifier":"6494ff98-c121-476c-97fc-c2733de0df1e","Name":"ScriptParametersEntityFields","Value":"{\"Scope\":\"Alert\",\"Key\":\"slackRecipient\"}"},{"ParentStepIdentifier":"65973a66-51e6-41d4-b187-7020310293c2","ParentWorkflowIdentifier":"6494ff98-c121-476c-97fc-c2733de0df1e","Name":"SelectedScopeName","Value":"All entities"}],"AutoSkipOnFailure":false,"IsDebugMockData":false,"StepDebugData":null},{"Identifier":"7049f625-8612-4daf-a2be-8e374d0cb9c4","OriginalStepIdentifier":"5027558b-b09b-42f4-a5eb-ae951ed391be","ParentWorkflowIdentifier":"6494ff98-c121-476c-97fc-c2733de0df1e","ParentStepIdentifiers":["989a7c57-fa8e-461c-8850-0f8705f5069e"],"ParentStepIdentifier":"989a7c57-fa8e-461c-8850-0f8705f5069e","PreviousResultCondition":"{}","InstanceName":"Tools_Set Channel ID_3","IsAutomatic":true,"Name":"Tools_Set Context Value","IsSkippable":false,"Description":"The action sets a key and value in a specific context (alert or case)","ActionProvider":"Scripts","ActionName":"Tools_Set Context Value","Type":0,"Integration":"Tools","Parameters":[{"ParentStepIdentifier":"7049f625-8612-4daf-a2be-8e374d0cb9c4","ParentWorkflowIdentifier":"6494ff98-c121-476c-97fc-c2733de0df1e","Name":"AssignedUsers","Value":null},{"ParentStepIdentifier":"7049f625-8612-4daf-a2be-8e374d0cb9c4","ParentWorkflowIdentifier":"6494ff98-c121-476c-97fc-c2733de0df1e","Name":"AsyncActionTimeout","Value":"86400"},{"ParentStepIdentifier":"7049f625-8612-4daf-a2be-8e374d0cb9c4","ParentWorkflowIdentifier":"6494ff98-c121-476c-97fc-c2733de0df1e","Name":"AsyncPollingInterval","Value":"3600"},{"ParentStepIdentifier":"7049f625-8612-4daf-a2be-8e374d0cb9c4","ParentWorkflowIdentifier":"6494ff98-c121-476c-97fc-c2733de0df1e","Name":"FallbackIntegrationInstance","Value":null},{"ParentStepIdentifier":"7049f625-8612-4daf-a2be-8e374d0cb9c4","ParentWorkflowIdentifier":"6494ff98-c121-476c-97fc-c2733de0df1e","Name":"HasApprovalLink","Value":null},{"ParentStepIdentifier":"7049f625-8612-4daf-a2be-8e374d0cb9c4","ParentWorkflowIdentifier":"6494ff98-c121-476c-97fc-c2733de0df1e","Name":"IntegrationInstance","Value":"2e787919-e84d-4616-9029-2cf1a5b8cbb3"},{"ParentStepIdentifier":"7049f625-8612-4daf-a2be-8e374d0cb9c4","ParentWorkflowIdentifier":"6494ff98-c121-476c-97fc-c2733de0df1e","Name":"MessageToAssignee","Value":null},{"ParentStepIdentifier":"7049f625-8612-4daf-a2be-8e374d0cb9c4","ParentWorkflowIdentifier":"6494ff98-c121-476c-97fc-c2733de0df1e","Name":"PendingActionTimeout","Value":null},{"ParentStepIdentifier":"7049f625-8612-4daf-a2be-8e374d0cb9c4","ParentWorkflowIdentifier":"6494ff98-c121-476c-97fc-c2733de0df1e","Name":"ScriptName","Value":"Tools_Set Context Value"},{"ParentStepIdentifier":"7049f625-8612-4daf-a2be-8e374d0cb9c4","ParentWorkflowIdentifier":"6494ff98-c121-476c-97fc-c2733de0df1e","Name":"ScriptParametersEntityFields","Value":"{\"Value\":\"[Slack - Send Block by Name.JsonResult| \\\"channel\\\"]\",\"Key\":\"openQuestionChannelId\",\"Scope\":\"Alert\"}"},{"ParentStepIdentifier":"7049f625-8612-4daf-a2be-8e374d0cb9c4","ParentWorkflowIdentifier":"6494ff98-c121-476c-97fc-c2733de0df1e","Name":"SelectedScopeName","Value":"All entities"}],"AutoSkipOnFailure":true,"IsDebugMockData":false,"StepDebugData":null},{"Identifier":"75dd6306-6c99-4f45-a72c-c2a8536843f2","OriginalStepIdentifier":"94a3ef96-7c20-4f4d-82af-016252faa556","ParentWorkflowIdentifier":"6494ff98-c121-476c-97fc-c2733de0df1e","ParentStepIdentifiers":["fb83e69b-c701-463c-9ba1-871ac4701e73"],"ParentStepIdentifier":"fb83e69b-c701-463c-9ba1-871ac4701e73","PreviousResultCondition":"{\n  \"fb83e69b-c701-463c-9ba1-871ac4701e73\": \"3\"\n}","InstanceName":"Slack - Send Block by Id 6-9","IsAutomatic":true,"Name":"Slack Custom_Send Message by Name or Email","IsSkippable":false,"Description":"Sends a message to a slack user by their email/name, containing the given text or slack blocks.","ActionProvider":"Scripts","ActionName":"Slack Custom_Send Message by Name or Email","Type":0,"Integration":"Slack Custom","Parameters":[{"ParentStepIdentifier":"75dd6306-6c99-4f45-a72c-c2a8536843f2","ParentWorkflowIdentifier":"6494ff98-c121-476c-97fc-c2733de0df1e","Name":"AssignedUsers","Value":null},{"ParentStepIdentifier":"75dd6306-6c99-4f45-a72c-c2a8536843f2","ParentWorkflowIdentifier":"6494ff98-c121-476c-97fc-c2733de0df1e","Name":"AsyncActionTimeout","Value":"86400"},{"ParentStepIdentifier":"75dd6306-6c99-4f45-a72c-c2a8536843f2","ParentWorkflowIdentifier":"6494ff98-c121-476c-97fc-c2733de0df1e","Name":"AsyncPollingInterval","Value":"30"},{"ParentStepIdentifier":"75dd6306-6c99-4f45-a72c-c2a8536843f2","ParentWorkflowIdentifier":"6494ff98-c121-476c-97fc-c2733de0df1e","Name":"FallbackIntegrationInstance","Value":null},{"ParentStepIdentifier":"75dd6306-6c99-4f45-a72c-c2a8536843f2","ParentWorkflowIdentifier":"6494ff98-c121-476c-97fc-c2733de0df1e","Name":"HasApprovalLink","Value":null},{"ParentStepIdentifier":"75dd6306-6c99-4f45-a72c-c2a8536843f2","ParentWorkflowIdentifier":"6494ff98-c121-476c-97fc-c2733de0df1e","Name":"IntegrationInstance","Value":"a7738dc0-48ab-4c12-b48a-6bdd32a2cdf9"},{"ParentStepIdentifier":"75dd6306-6c99-4f45-a72c-c2a8536843f2","ParentWorkflowIdentifier":"6494ff98-c121-476c-97fc-c2733de0df1e","Name":"MessageToAssignee","Value":null},{"ParentStepIdentifier":"75dd6306-6c99-4f45-a72c-c2a8536843f2","ParentWorkflowIdentifier":"6494ff98-c121-476c-97fc-c2733de0df1e","Name":"PendingActionTimeout","Value":null},{"ParentStepIdentifier":"75dd6306-6c99-4f45-a72c-c2a8536843f2","ParentWorkflowIdentifier":"6494ff98-c121-476c-97fc-c2733de0df1e","Name":"ScriptName","Value":"Slack Custom_Send Message by Name or Email"},{"ParentStepIdentifier":"75dd6306-6c99-4f45-a72c-c2a8536843f2","ParentWorkflowIdentifier":"6494ff98-c121-476c-97fc-c2733de0df1e","Name":"ScriptParametersEntityFields","Value":"{\"Message\":\"[Build Slack Block.JsonResult| \\\"result\\\"]\",\"Recipient\":\"[Input.Target User (Full Name, Email, Id)]\",\"Message Type\":\"Block\",\"Recipient Type\":\"Id\"}"},{"ParentStepIdentifier":"75dd6306-6c99-4f45-a72c-c2a8536843f2","ParentWorkflowIdentifier":"6494ff98-c121-476c-97fc-c2733de0df1e","Name":"SelectedScopeName","Value":"All entities"}],"AutoSkipOnFailure":true,"IsDebugMockData":false,"StepDebugData":null},{"Identifier":"787bf13c-0a23-44e1-9fb5-1dcb5d640a9f","OriginalStepIdentifier":"225de1f8-5f82-4e14-94e2-df55423b9add","ParentWorkflowIdentifier":"6494ff98-c121-476c-97fc-c2733de0df1e","ParentStepIdentifiers":["1865ef06-ad66-4c04-a47d-fd6b2ff42de5","089a82ec-2aa2-41ac-a677-854fabaeec79","411693e8-ea4e-4633-af36-444589e23f4b","7049f625-8612-4daf-a2be-8e374d0cb9c4"],"ParentStepIdentifier":"1865ef06-ad66-4c04-a47d-fd6b2ff42de5;089a82ec-2aa2-41ac-a677-854fabaeec79;411693e8-ea4e-4633-af36-444589e23f4b;7049f625-8612-4daf-a2be-8e374d0cb9c4","PreviousResultCondition":"{}","InstanceName":"Tools_Get Message TS","IsAutomatic":true,"Name":"Tools_Get Context Value","IsSkippable":false,"Description":"The action gets a key and value in a specific context (alert or case)","ActionProvider":"Scripts","ActionName":"Tools_Get Context Value","Type":0,"Integration":"Tools","Parameters":[{"ParentStepIdentifier":"787bf13c-0a23-44e1-9fb5-1dcb5d640a9f","ParentWorkflowIdentifier":"6494ff98-c121-476c-97fc-c2733de0df1e","Name":"AssignedUsers","Value":null},{"ParentStepIdentifier":"787bf13c-0a23-44e1-9fb5-1dcb5d640a9f","ParentWorkflowIdentifier":"6494ff98-c121-476c-97fc-c2733de0df1e","Name":"AsyncActionTimeout","Value":"86400"},{"ParentStepIdentifier":"787bf13c-0a23-44e1-9fb5-1dcb5d640a9f","ParentWorkflowIdentifier":"6494ff98-c121-476c-97fc-c2733de0df1e","Name":"AsyncPollingInterval","Value":"3600"},{"ParentStepIdentifier":"787bf13c-0a23-44e1-9fb5-1dcb5d640a9f","ParentWorkflowIdentifier":"6494ff98-c121-476c-97fc-c2733de0df1e","Name":"FallbackIntegrationInstance","Value":null},{"ParentStepIdentifier":"787bf13c-0a23-44e1-9fb5-1dcb5d640a9f","ParentWorkflowIdentifier":"6494ff98-c121-476c-97fc-c2733de0df1e","Name":"HasApprovalLink","Value":null},{"ParentStepIdentifier":"787bf13c-0a23-44e1-9fb5-1dcb5d640a9f","ParentWorkflowIdentifier":"6494ff98-c121-476c-97fc-c2733de0df1e","Name":"IntegrationInstance","Value":"2e787919-e84d-4616-9029-2cf1a5b8cbb3"},{"ParentStepIdentifier":"787bf13c-0a23-44e1-9fb5-1dcb5d640a9f","ParentWorkflowIdentifier":"6494ff98-c121-476c-97fc-c2733de0df1e","Name":"MessageToAssignee","Value":null},{"ParentStepIdentifier":"787bf13c-0a23-44e1-9fb5-1dcb5d640a9f","ParentWorkflowIdentifier":"6494ff98-c121-476c-97fc-c2733de0df1e","Name":"PendingActionTimeout","Value":null},{"ParentStepIdentifier":"787bf13c-0a23-44e1-9fb5-1dcb5d640a9f","ParentWorkflowIdentifier":"6494ff98-c121-476c-97fc-c2733de0df1e","Name":"ScriptName","Value":"Tools_Get Context Value"},{"ParentStepIdentifier":"787bf13c-0a23-44e1-9fb5-1dcb5d640a9f","ParentWorkflowIdentifier":"6494ff98-c121-476c-97fc-c2733de0df1e","Name":"ScriptParametersEntityFields","Value":"{\"Scope\":\"Alert\",\"Key\":\"openQuestionTS\"}"},{"ParentStepIdentifier":"787bf13c-0a23-44e1-9fb5-1dcb5d640a9f","ParentWorkflowIdentifier":"6494ff98-c121-476c-97fc-c2733de0df1e","Name":"SelectedScopeName","Value":"All entities"}],"AutoSkipOnFailure":true,"IsDebugMockData":false,"StepDebugData":null},{"Identifier":"951f7b8a-b0e6-44e7-bd71-6cba6424b959","OriginalStepIdentifier":"1e764b0f-5851-449a-bd3f-f9d5d60f66ae","ParentWorkflowIdentifier":"6494ff98-c121-476c-97fc-c2733de0df1e","ParentStepIdentifiers":["d022fc7a-bd88-49d4-a430-e02dd952f2a4"],"ParentStepIdentifier":"d022fc7a-bd88-49d4-a430-e02dd952f2a4","PreviousResultCondition":"{\n  \"d022fc7a-bd88-49d4-a430-e02dd952f2a4\": \"1\"\n}","InstanceName":"Message Sent successfully?","IsAutomatic":true,"Name":"Previous Actions Conditions","IsSkippable":false,"Description":"This step conditions the progress of the playbook according to data fetched by previous actions performed in the playbook, for example: report data, action's success or enrichment data","ActionProvider":"Flow","ActionName":"IfElse","Type":2,"Integration":"Flow","Parameters":[{"ParentStepIdentifier":"951f7b8a-b0e6-44e7-bd71-6cba6424b959","ParentWorkflowIdentifier":"6494ff98-c121-476c-97fc-c2733de0df1e","Name":"AssignedUsers","Value":null},{"ParentStepIdentifier":"951f7b8a-b0e6-44e7-bd71-6cba6424b959","ParentWorkflowIdentifier":"6494ff98-c121-476c-97fc-c2733de0df1e","Name":"Branches","Value":"[{\"LogicalOperator\":1,\"Conditions\":[{\"Operator\":0,\"FieldName\":\"Slack - Send Block by Email.ScriptResult\",\"Type\":2,\"Value\":\"true\"},{\"Operator\":0,\"FieldName\":\"Slack - Send Block by Id 0-5.ScriptResult\",\"Type\":2,\"Value\":\"true\"},{\"Operator\":0,\"FieldName\":\"Slack - Send Block by Id 6-9.ScriptResult\",\"Type\":2,\"Value\":\"true\"},{\"Operator\":0,\"FieldName\":\"Slack - Send Block by Name.ScriptResult\",\"Type\":2,\"Value\":\"true\"}],\"Order\":1,\"IsDefaultBranch\":false,\"Name\":\"Yes\"},{\"LogicalOperator\":0,\"Conditions\":[],\"Order\":2,\"IsDefaultBranch\":true,\"Name\":\"Branch\"}]"},{"ParentStepIdentifier":"951f7b8a-b0e6-44e7-bd71-6cba6424b959","ParentWorkflowIdentifier":"6494ff98-c121-476c-97fc-c2733de0df1e","Name":"ErrorFallbackBranch","Value":"2"},{"ParentStepIdentifier":"951f7b8a-b0e6-44e7-bd71-6cba6424b959","ParentWorkflowIdentifier":"6494ff98-c121-476c-97fc-c2733de0df1e","Name":"HasApprovalLink","Value":null},{"ParentStepIdentifier":"951f7b8a-b0e6-44e7-bd71-6cba6424b959","ParentWorkflowIdentifier":"6494ff98-c121-476c-97fc-c2733de0df1e","Name":"MessageToAssignee","Value":null},{"ParentStepIdentifier":"951f7b8a-b0e6-44e7-bd71-6cba6424b959","ParentWorkflowIdentifier":"6494ff98-c121-476c-97fc-c2733de0df1e","Name":"PendingActionTimeout","Value":null},{"ParentStepIdentifier":"951f7b8a-b0e6-44e7-bd71-6cba6424b959","ParentWorkflowIdentifier":"6494ff98-c121-476c-97fc-c2733de0df1e","Name":"SelectedScopeName","Value":"All entities"}],"AutoSkipOnFailure":false,"IsDebugMockData":false,"StepDebugData":null},{"Identifier":"95659ce8-fc72-4edb-b0b1-4fa9766dcc70","OriginalStepIdentifier":"2d304474-2f27-4e86-a88a-ba200726fc41","ParentWorkflowIdentifier":"6494ff98-c121-476c-97fc-c2733de0df1e","ParentStepIdentifiers":["e0e768f9-9aaf-46c3-b574-f90b7bbc91df"],"ParentStepIdentifier":"e0e768f9-9aaf-46c3-b574-f90b7bbc91df","PreviousResultCondition":"{}","InstanceName":"Output_6","IsAutomatic":true,"Name":"Output","IsSkippable":false,"Description":"","ActionProvider":"Flow","ActionName":"OutputAction","Type":6,"Integration":"Flow","Parameters":[{"ParentStepIdentifier":"95659ce8-fc72-4edb-b0b1-4fa9766dcc70","ParentWorkflowIdentifier":"6494ff98-c121-476c-97fc-c2733de0df1e","Name":"NestedWorkflowOutput","Value":"[Functions_Get Emails List.JsonResult| first(1)]"}],"AutoSkipOnFailure":false,"IsDebugMockData":false,"StepDebugData":null},{"Identifier":"988bb32b-9738-4a00-b39a-0eaa188f3ec7","OriginalStepIdentifier":"5e81f84f-2593-46af-b6b2-84a7b8eed0c6","ParentWorkflowIdentifier":"6494ff98-c121-476c-97fc-c2733de0df1e","ParentStepIdentifiers":[],"ParentStepIdentifier":"","PreviousResultCondition":null,"InstanceName":"Create Webhook","IsAutomatic":true,"Name":"Webhook_Create Token","IsSkippable":false,"Description":"Creates token for a new webhook.","ActionProvider":"Scripts","ActionName":"Webhook_Create Token","Type":0,"Integration":"Webhook","Parameters":[{"ParentStepIdentifier":"988bb32b-9738-4a00-b39a-0eaa188f3ec7","ParentWorkflowIdentifier":"6494ff98-c121-476c-97fc-c2733de0df1e","Name":"AssignedUsers","Value":null},{"ParentStepIdentifier":"988bb32b-9738-4a00-b39a-0eaa188f3ec7","ParentWorkflowIdentifier":"6494ff98-c121-476c-97fc-c2733de0df1e","Name":"AsyncActionTimeout","Value":"86400"},{"ParentStepIdentifier":"988bb32b-9738-4a00-b39a-0eaa188f3ec7","ParentWorkflowIdentifier":"6494ff98-c121-476c-97fc-c2733de0df1e","Name":"AsyncPollingInterval","Value":"3600"},{"ParentStepIdentifier":"988bb32b-9738-4a00-b39a-0eaa188f3ec7","ParentWorkflowIdentifier":"6494ff98-c121-476c-97fc-c2733de0df1e","Name":"FallbackIntegrationInstance","Value":null},{"ParentStepIdentifier":"988bb32b-9738-4a00-b39a-0eaa188f3ec7","ParentWorkflowIdentifier":"6494ff98-c121-476c-97fc-c2733de0df1e","Name":"HasApprovalLink","Value":null},{"ParentStepIdentifier":"988bb32b-9738-4a00-b39a-0eaa188f3ec7","ParentWorkflowIdentifier":"6494ff98-c121-476c-97fc-c2733de0df1e","Name":"IntegrationInstance","Value":"ad70f0d2-6351-4811-bd28-96b7c7a81b30"},{"ParentStepIdentifier":"988bb32b-9738-4a00-b39a-0eaa188f3ec7","ParentWorkflowIdentifier":"6494ff98-c121-476c-97fc-c2733de0df1e","Name":"MessageToAssignee","Value":null},{"ParentStepIdentifier":"988bb32b-9738-4a00-b39a-0eaa188f3ec7","ParentWorkflowIdentifier":"6494ff98-c121-476c-97fc-c2733de0df1e","Name":"PendingActionTimeout","Value":null},{"ParentStepIdentifier":"988bb32b-9738-4a00-b39a-0eaa188f3ec7","ParentWorkflowIdentifier":"6494ff98-c121-476c-97fc-c2733de0df1e","Name":"ScriptName","Value":"Webhook_Create Token"},{"ParentStepIdentifier":"988bb32b-9738-4a00-b39a-0eaa188f3ec7","ParentWorkflowIdentifier":"6494ff98-c121-476c-97fc-c2733de0df1e","Name":"ScriptParametersEntityFields","Value":"{\"Default Content\":\"Thank you for replying!\",\"Default Content Type\":\"sample text\",\"Timeout\":\"0\"}"},{"ParentStepIdentifier":"988bb32b-9738-4a00-b39a-0eaa188f3ec7","ParentWorkflowIdentifier":"6494ff98-c121-476c-97fc-c2733de0df1e","Name":"SelectedScopeName","Value":"All entities"}],"AutoSkipOnFailure":true,"IsDebugMockData":false,"StepDebugData":null},{"Identifier":"989a7c57-fa8e-461c-8850-0f8705f5069e","OriginalStepIdentifier":"37fab133-d29c-45c9-85ef-846f1b70b221","ParentWorkflowIdentifier":"6494ff98-c121-476c-97fc-c2733de0df1e","ParentStepIdentifiers":["fd12b626-a527-4fee-be88-fd57fa1cb860"],"ParentStepIdentifier":"fd12b626-a527-4fee-be88-fd57fa1cb860","PreviousResultCondition":"{\n  \"fd12b626-a527-4fee-be88-fd57fa1cb860\": \"4\"\n}","InstanceName":"Tools_Set Message TS_3","IsAutomatic":true,"Name":"Tools_Set Context Value","IsSkippable":false,"Description":"The action sets a key and value in a specific context (alert or case)","ActionProvider":"Scripts","ActionName":"Tools_Set Context Value","Type":0,"Integration":"Tools","Parameters":[{"ParentStepIdentifier":"989a7c57-fa8e-461c-8850-0f8705f5069e","ParentWorkflowIdentifier":"6494ff98-c121-476c-97fc-c2733de0df1e","Name":"AssignedUsers","Value":null},{"ParentStepIdentifier":"989a7c57-fa8e-461c-8850-0f8705f5069e","ParentWorkflowIdentifier":"6494ff98-c121-476c-97fc-c2733de0df1e","Name":"AsyncActionTimeout","Value":"86400"},{"ParentStepIdentifier":"989a7c57-fa8e-461c-8850-0f8705f5069e","ParentWorkflowIdentifier":"6494ff98-c121-476c-97fc-c2733de0df1e","Name":"AsyncPollingInterval","Value":"3600"},{"ParentStepIdentifier":"989a7c57-fa8e-461c-8850-0f8705f5069e","ParentWorkflowIdentifier":"6494ff98-c121-476c-97fc-c2733de0df1e","Name":"FallbackIntegrationInstance","Value":null},{"ParentStepIdentifier":"989a7c57-fa8e-461c-8850-0f8705f5069e","ParentWorkflowIdentifier":"6494ff98-c121-476c-97fc-c2733de0df1e","Name":"HasApprovalLink","Value":null},{"ParentStepIdentifier":"989a7c57-fa8e-461c-8850-0f8705f5069e","ParentWorkflowIdentifier":"6494ff98-c121-476c-97fc-c2733de0df1e","Name":"IntegrationInstance","Value":"2e787919-e84d-4616-9029-2cf1a5b8cbb3"},{"ParentStepIdentifier":"989a7c57-fa8e-461c-8850-0f8705f5069e","ParentWorkflowIdentifier":"6494ff98-c121-476c-97fc-c2733de0df1e","Name":"MessageToAssignee","Value":null},{"ParentStepIdentifier":"989a7c57-fa8e-461c-8850-0f8705f5069e","ParentWorkflowIdentifier":"6494ff98-c121-476c-97fc-c2733de0df1e","Name":"PendingActionTimeout","Value":null},{"ParentStepIdentifier":"989a7c57-fa8e-461c-8850-0f8705f5069e","ParentWorkflowIdentifier":"6494ff98-c121-476c-97fc-c2733de0df1e","Name":"ScriptName","Value":"Tools_Set Context Value"},{"ParentStepIdentifier":"989a7c57-fa8e-461c-8850-0f8705f5069e","ParentWorkflowIdentifier":"6494ff98-c121-476c-97fc-c2733de0df1e","Name":"ScriptParametersEntityFields","Value":"{\"Value\":\"[Slack - Send Block by Name.JsonResult| \\\"ts\\\"]\",\"Key\":\"openQuestionTS\",\"Scope\":\"Alert\"}"},{"ParentStepIdentifier":"989a7c57-fa8e-461c-8850-0f8705f5069e","ParentWorkflowIdentifier":"6494ff98-c121-476c-97fc-c2733de0df1e","Name":"SelectedScopeName","Value":"All entities"}],"AutoSkipOnFailure":true,"IsDebugMockData":false,"StepDebugData":null},{"Identifier":"991f3c03-afc4-46c9-9833-b03c5f587624","OriginalStepIdentifier":"b9742bce-a8ed-4895-8cfd-a4c5f6b7800a","ParentWorkflowIdentifier":"6494ff98-c121-476c-97fc-c2733de0df1e","ParentStepIdentifiers":["fb83e69b-c701-463c-9ba1-871ac4701e73"],"ParentStepIdentifier":"fb83e69b-c701-463c-9ba1-871ac4701e73","PreviousResultCondition":"{\n  \"fb83e69b-c701-463c-9ba1-871ac4701e73\": \"4\"\n}","InstanceName":"Slack - Send Block by Name","IsAutomatic":true,"Name":"Slack Custom_Send Message by Name or Email","IsSkippable":false,"Description":"Sends a message to a slack user by their email/name, containing the given text or slack blocks.","ActionProvider":"Scripts","ActionName":"Slack Custom_Send Message by Name or Email","Type":0,"Integration":"Slack Custom","Parameters":[{"ParentStepIdentifier":"991f3c03-afc4-46c9-9833-b03c5f587624","ParentWorkflowIdentifier":"6494ff98-c121-476c-97fc-c2733de0df1e","Name":"AssignedUsers","Value":null},{"ParentStepIdentifier":"991f3c03-afc4-46c9-9833-b03c5f587624","ParentWorkflowIdentifier":"6494ff98-c121-476c-97fc-c2733de0df1e","Name":"AsyncActionTimeout","Value":"86400"},{"ParentStepIdentifier":"991f3c03-afc4-46c9-9833-b03c5f587624","ParentWorkflowIdentifier":"6494ff98-c121-476c-97fc-c2733de0df1e","Name":"AsyncPollingInterval","Value":"30"},{"ParentStepIdentifier":"991f3c03-afc4-46c9-9833-b03c5f587624","ParentWorkflowIdentifier":"6494ff98-c121-476c-97fc-c2733de0df1e","Name":"FallbackIntegrationInstance","Value":null},{"ParentStepIdentifier":"991f3c03-afc4-46c9-9833-b03c5f587624","ParentWorkflowIdentifier":"6494ff98-c121-476c-97fc-c2733de0df1e","Name":"HasApprovalLink","Value":null},{"ParentStepIdentifier":"991f3c03-afc4-46c9-9833-b03c5f587624","ParentWorkflowIdentifier":"6494ff98-c121-476c-97fc-c2733de0df1e","Name":"IntegrationInstance","Value":"a7738dc0-48ab-4c12-b48a-6bdd32a2cdf9"},{"ParentStepIdentifier":"991f3c03-afc4-46c9-9833-b03c5f587624","ParentWorkflowIdentifier":"6494ff98-c121-476c-97fc-c2733de0df1e","Name":"MessageToAssignee","Value":null},{"ParentStepIdentifier":"991f3c03-afc4-46c9-9833-b03c5f587624","ParentWorkflowIdentifier":"6494ff98-c121-476c-97fc-c2733de0df1e","Name":"PendingActionTimeout","Value":null},{"ParentStepIdentifier":"991f3c03-afc4-46c9-9833-b03c5f587624","ParentWorkflowIdentifier":"6494ff98-c121-476c-97fc-c2733de0df1e","Name":"ScriptName","Value":"Slack Custom_Send Message by Name or Email"},{"ParentStepIdentifier":"991f3c03-afc4-46c9-9833-b03c5f587624","ParentWorkflowIdentifier":"6494ff98-c121-476c-97fc-c2733de0df1e","Name":"ScriptParametersEntityFields","Value":"{\"Message\":\"[Build Slack Block.JsonResult| \\\"result\\\"]\",\"Recipient\":\"[Input.Target User (Full Name, Email, Id)]\",\"Message Type\":\"Block\",\"Recipient Type\":\"Full name\"}"},{"ParentStepIdentifier":"991f3c03-afc4-46c9-9833-b03c5f587624","ParentWorkflowIdentifier":"6494ff98-c121-476c-97fc-c2733de0df1e","Name":"SelectedScopeName","Value":"All entities"}],"AutoSkipOnFailure":true,"IsDebugMockData":false,"StepDebugData":null},{"Identifier":"caa9b02f-eb05-4448-a480-04e056ec59df","OriginalStepIdentifier":"5391196c-54e8-41b6-a723-35114f042598","ParentWorkflowIdentifier":"6494ff98-c121-476c-97fc-c2733de0df1e","ParentStepIdentifiers":["fb83e69b-c701-463c-9ba1-871ac4701e73"],"ParentStepIdentifier":"fb83e69b-c701-463c-9ba1-871ac4701e73","PreviousResultCondition":"{\n  \"fb83e69b-c701-463c-9ba1-871ac4701e73\": \"2\"\n}","InstanceName":"Slack - Send Block by Id 0-5","IsAutomatic":true,"Name":"Slack Custom_Send Message by Name or Email","IsSkippable":false,"Description":"Sends a message to a slack user by their email/name, containing the given text or slack blocks.","ActionProvider":"Scripts","ActionName":"Slack Custom_Send Message by Name or Email","Type":0,"Integration":"Slack Custom","Parameters":[{"ParentStepIdentifier":"caa9b02f-eb05-4448-a480-04e056ec59df","ParentWorkflowIdentifier":"6494ff98-c121-476c-97fc-c2733de0df1e","Name":"AssignedUsers","Value":null},{"ParentStepIdentifier":"caa9b02f-eb05-4448-a480-04e056ec59df","ParentWorkflowIdentifier":"6494ff98-c121-476c-97fc-c2733de0df1e","Name":"AsyncActionTimeout","Value":"86400"},{"ParentStepIdentifier":"caa9b02f-eb05-4448-a480-04e056ec59df","ParentWorkflowIdentifier":"6494ff98-c121-476c-97fc-c2733de0df1e","Name":"AsyncPollingInterval","Value":"30"},{"ParentStepIdentifier":"caa9b02f-eb05-4448-a480-04e056ec59df","ParentWorkflowIdentifier":"6494ff98-c121-476c-97fc-c2733de0df1e","Name":"FallbackIntegrationInstance","Value":null},{"ParentStepIdentifier":"caa9b02f-eb05-4448-a480-04e056ec59df","ParentWorkflowIdentifier":"6494ff98-c121-476c-97fc-c2733de0df1e","Name":"HasApprovalLink","Value":null},{"ParentStepIdentifier":"caa9b02f-eb05-4448-a480-04e056ec59df","ParentWorkflowIdentifier":"6494ff98-c121-476c-97fc-c2733de0df1e","Name":"IntegrationInstance","Value":"a7738dc0-48ab-4c12-b48a-6bdd32a2cdf9"},{"ParentStepIdentifier":"caa9b02f-eb05-4448-a480-04e056ec59df","ParentWorkflowIdentifier":"6494ff98-c121-476c-97fc-c2733de0df1e","Name":"MessageToAssignee","Value":null},{"ParentStepIdentifier":"caa9b02f-eb05-4448-a480-04e056ec59df","ParentWorkflowIdentifier":"6494ff98-c121-476c-97fc-c2733de0df1e","Name":"PendingActionTimeout","Value":null},{"ParentStepIdentifier":"caa9b02f-eb05-4448-a480-04e056ec59df","ParentWorkflowIdentifier":"6494ff98-c121-476c-97fc-c2733de0df1e","Name":"ScriptName","Value":"Slack Custom_Send Message by Name or Email"},{"ParentStepIdentifier":"caa9b02f-eb05-4448-a480-04e056ec59df","ParentWorkflowIdentifier":"6494ff98-c121-476c-97fc-c2733de0df1e","Name":"ScriptParametersEntityFields","Value":"{\"Message\":\"[Build Slack Block.JsonResult| \\\"result\\\"]\",\"Recipient\":\"[Input.Target User (Full Name, Email, Id)]\",\"Message Type\":\"Block\",\"Recipient Type\":\"Id\"}"},{"ParentStepIdentifier":"caa9b02f-eb05-4448-a480-04e056ec59df","ParentWorkflowIdentifier":"6494ff98-c121-476c-97fc-c2733de0df1e","Name":"SelectedScopeName","Value":"All entities"}],"AutoSkipOnFailure":true,"IsDebugMockData":false,"StepDebugData":null},{"Identifier":"d022fc7a-bd88-49d4-a430-e02dd952f2a4","OriginalStepIdentifier":"48455bce-3b45-4969-8377-6a94b676da23","ParentWorkflowIdentifier":"6494ff98-c121-476c-97fc-c2733de0df1e","ParentStepIdentifiers":["097120cb-f93e-4cda-883c-e4fff40a6dce","caa9b02f-eb05-4448-a480-04e056ec59df","75dd6306-6c99-4f45-a72c-c2a8536843f2","991f3c03-afc4-46c9-9833-b03c5f587624"],"ParentStepIdentifier":"097120cb-f93e-4cda-883c-e4fff40a6dce;caa9b02f-eb05-4448-a480-04e056ec59df;75dd6306-6c99-4f45-a72c-c2a8536843f2;991f3c03-afc4-46c9-9833-b03c5f587624","PreviousResultCondition":"{}","InstanceName":"Send With Answers List?","IsAutomatic":true,"Name":"Condition","IsSkippable":false,"Description":"This condition determines the progress of the playbook. Conditions are built based on cases data (cases, alerts, vents, entities and environment properties) as-well as data that comes back from previous playbook steps.","ActionProvider":"Flow","ActionName":"IfFlowCondition","Type":4,"Integration":"Flow","Parameters":[{"ParentStepIdentifier":"d022fc7a-bd88-49d4-a430-e02dd952f2a4","ParentWorkflowIdentifier":"6494ff98-c121-476c-97fc-c2733de0df1e","Name":"AssignedUsers","Value":null},{"ParentStepIdentifier":"d022fc7a-bd88-49d4-a430-e02dd952f2a4","ParentWorkflowIdentifier":"6494ff98-c121-476c-97fc-c2733de0df1e","Name":"Branches","Value":"[{\"LogicalOperator\":0,\"Conditions\":[{\"Operator\":5,\"FieldName\":\"[Input.Answers List]\",\"Type\":2,\"Value\":\"None\"}],\"Order\":1,\"IsDefaultBranch\":false,\"Name\":\"Yes\"},{\"LogicalOperator\":0,\"Conditions\":[],\"Order\":2,\"IsDefaultBranch\":true,\"Name\":\"Branch\"}]"},{"ParentStepIdentifier":"d022fc7a-bd88-49d4-a430-e02dd952f2a4","ParentWorkflowIdentifier":"6494ff98-c121-476c-97fc-c2733de0df1e","Name":"ErrorFallbackBranch","Value":"2"},{"ParentStepIdentifier":"d022fc7a-bd88-49d4-a430-e02dd952f2a4","ParentWorkflowIdentifier":"6494ff98-c121-476c-97fc-c2733de0df1e","Name":"HasApprovalLink","Value":null},{"ParentStepIdentifier":"d022fc7a-bd88-49d4-a430-e02dd952f2a4","ParentWorkflowIdentifier":"6494ff98-c121-476c-97fc-c2733de0df1e","Name":"MessageToAssignee","Value":null},{"ParentStepIdentifier":"d022fc7a-bd88-49d4-a430-e02dd952f2a4","ParentWorkflowIdentifier":"6494ff98-c121-476c-97fc-c2733de0df1e","Name":"PendingActionTimeout","Value":null},{"ParentStepIdentifier":"d022fc7a-bd88-49d4-a430-e02dd952f2a4","ParentWorkflowIdentifier":"6494ff98-c121-476c-97fc-c2733de0df1e","Name":"SelectedScopeName","Value":"All entities"}],"AutoSkipOnFailure":false,"IsDebugMockData":false,"StepDebugData":null},{"Identifier":"d0df913f-3469-45d4-94b8-7b54400f1226","OriginalStepIdentifier":"5265526e-4b29-474c-83ea-a450a751b1b6","ParentWorkflowIdentifier":"6494ff98-c121-476c-97fc-c2733de0df1e","ParentStepIdentifiers":["e499cab3-ca28-48e7-afd6-7b4afe20233e"],"ParentStepIdentifier":"e499cab3-ca28-48e7-afd6-7b4afe20233e","PreviousResultCondition":"{}","InstanceName":"Siemplify_Instruction_2","IsAutomatic":true,"Name":"Siemplify_Instruction","IsSkippable":false,"Description":"Set an instruction for the analyst","ActionProvider":"Scripts","ActionName":"Siemplify_Instruction","Type":0,"Integration":"Siemplify","Parameters":[{"ParentStepIdentifier":"d0df913f-3469-45d4-94b8-7b54400f1226","ParentWorkflowIdentifier":"6494ff98-c121-476c-97fc-c2733de0df1e","Name":"AssignedUsers","Value":null},{"ParentStepIdentifier":"d0df913f-3469-45d4-94b8-7b54400f1226","ParentWorkflowIdentifier":"6494ff98-c121-476c-97fc-c2733de0df1e","Name":"AsyncActionTimeout","Value":"86400"},{"ParentStepIdentifier":"d0df913f-3469-45d4-94b8-7b54400f1226","ParentWorkflowIdentifier":"6494ff98-c121-476c-97fc-c2733de0df1e","Name":"AsyncPollingInterval","Value":"3600"},{"ParentStepIdentifier":"d0df913f-3469-45d4-94b8-7b54400f1226","ParentWorkflowIdentifier":"6494ff98-c121-476c-97fc-c2733de0df1e","Name":"FallbackIntegrationInstance","Value":null},{"ParentStepIdentifier":"d0df913f-3469-45d4-94b8-7b54400f1226","ParentWorkflowIdentifier":"6494ff98-c121-476c-97fc-c2733de0df1e","Name":"HasApprovalLink","Value":null},{"ParentStepIdentifier":"d0df913f-3469-45d4-94b8-7b54400f1226","ParentWorkflowIdentifier":"6494ff98-c121-476c-97fc-c2733de0df1e","Name":"IntegrationInstance","Value":"5a47e2d9-4731-4b72-91db-6cc0677252d1"},{"ParentStepIdentifier":"d0df913f-3469-45d4-94b8-7b54400f1226","ParentWorkflowIdentifier":"6494ff98-c121-476c-97fc-c2733de0df1e","Name":"MessageToAssignee","Value":null},{"ParentStepIdentifier":"d0df913f-3469-45d4-94b8-7b54400f1226","ParentWorkflowIdentifier":"6494ff98-c121-476c-97fc-c2733de0df1e","Name":"PendingActionTimeout","Value":null},{"ParentStepIdentifier":"d0df913f-3469-45d4-94b8-7b54400f1226","ParentWorkflowIdentifier":"6494ff98-c121-476c-97fc-c2733de0df1e","Name":"ScriptName","Value":"Siemplify_Instruction"},{"ParentStepIdentifier":"d0df913f-3469-45d4-94b8-7b54400f1226","ParentWorkflowIdentifier":"6494ff98-c121-476c-97fc-c2733de0df1e","Name":"ScriptParametersEntityFields","Value":"{\"Instruction\":\"[Input.Target User (Full Name, Email, Id)] | [Input.Question] | [Input.Answers List]\"}"},{"ParentStepIdentifier":"d0df913f-3469-45d4-94b8-7b54400f1226","ParentWorkflowIdentifier":"6494ff98-c121-476c-97fc-c2733de0df1e","Name":"SelectedScopeName","Value":"All entities"}],"AutoSkipOnFailure":false,"IsDebugMockData":false,"StepDebugData":null},{"Identifier":"d258a15e-29e8-4b76-8ea3-f7ce736b2f61","OriginalStepIdentifier":"6dd031e5-d72e-4939-941b-0a2731cb87fc","ParentWorkflowIdentifier":"6494ff98-c121-476c-97fc-c2733de0df1e","ParentStepIdentifiers":["988bb32b-9738-4a00-b39a-0eaa188f3ec7"],"ParentStepIdentifier":"988bb32b-9738-4a00-b39a-0eaa188f3ec7","PreviousResultCondition":"{}","InstanceName":"Is Target Provided?","IsAutomatic":true,"Name":"Condition","IsSkippable":false,"Description":"This condition determines the progress of the playbook. Conditions are built based on cases data (cases, alerts, vents, entities and environment properties) as-well as data that comes back from previous playbook steps.","ActionProvider":"Flow","ActionName":"IfFlowCondition","Type":4,"Integration":"Flow","Parameters":[{"ParentStepIdentifier":"d258a15e-29e8-4b76-8ea3-f7ce736b2f61","ParentWorkflowIdentifier":"6494ff98-c121-476c-97fc-c2733de0df1e","Name":"AssignedUsers","Value":null},{"ParentStepIdentifier":"d258a15e-29e8-4b76-8ea3-f7ce736b2f61","ParentWorkflowIdentifier":"6494ff98-c121-476c-97fc-c2733de0df1e","Name":"Branches","Value":"[{\"LogicalOperator\":0,\"Conditions\":[{\"Operator\":8,\"FieldName\":\"[Input.Target User (Full Name, Email, Id)]\",\"Type\":2,\"Value\":\"\"},{\"Operator\":5,\"FieldName\":\"[Input.Target User (Full Name, Email, Id)]\",\"Type\":2,\"Value\":\"None\"},{\"Operator\":5,\"FieldName\":\"[Input.Target User (Full Name, Email, Id)]\",\"Type\":2,\"Value\":\"none\"}],\"Order\":1,\"IsDefaultBranch\":false,\"Name\":\"Yes\"},{\"LogicalOperator\":0,\"Conditions\":[],\"Order\":2,\"IsDefaultBranch\":true,\"Name\":\"Branch\"}]"},{"ParentStepIdentifier":"d258a15e-29e8-4b76-8ea3-f7ce736b2f61","ParentWorkflowIdentifier":"6494ff98-c121-476c-97fc-c2733de0df1e","Name":"ErrorFallbackBranch","Value":"2"},{"ParentStepIdentifier":"d258a15e-29e8-4b76-8ea3-f7ce736b2f61","ParentWorkflowIdentifier":"6494ff98-c121-476c-97fc-c2733de0df1e","Name":"HasApprovalLink","Value":null},{"ParentStepIdentifier":"d258a15e-29e8-4b76-8ea3-f7ce736b2f61","ParentWorkflowIdentifier":"6494ff98-c121-476c-97fc-c2733de0df1e","Name":"MessageToAssignee","Value":null},{"ParentStepIdentifier":"d258a15e-29e8-4b76-8ea3-f7ce736b2f61","ParentWorkflowIdentifier":"6494ff98-c121-476c-97fc-c2733de0df1e","Name":"PendingActionTimeout","Value":null},{"ParentStepIdentifier":"d258a15e-29e8-4b76-8ea3-f7ce736b2f61","ParentWorkflowIdentifier":"6494ff98-c121-476c-97fc-c2733de0df1e","Name":"SelectedScopeName","Value":"All entities"}],"AutoSkipOnFailure":false,"IsDebugMockData":false,"StepDebugData":null},{"Identifier":"db2ff3df-19fb-43c0-a9b2-eb86986e8294","OriginalStepIdentifier":"15c738ee-5487-4f64-a398-2252eaa8ab4e","ParentWorkflowIdentifier":"6494ff98-c121-476c-97fc-c2733de0df1e","ParentStepIdentifiers":["18964f98-93b6-4772-8a06-8b75273043b0"],"ParentStepIdentifier":"18964f98-93b6-4772-8a06-8b75273043b0","PreviousResultCondition":"{\n  \"18964f98-93b6-4772-8a06-8b75273043b0\": \"1\"\n}","InstanceName":"Functions_Clean Anwer_EMAIL","IsAutomatic":true,"Name":"Functions_String Functions","IsSkippable":false,"Description":"This action includes basic Pythonic string functions as mentioned below - \nLower - converts a string into lower case.\nUpper - converts a string into upper case.\nCount - returns the number of times a specified value occurs in a string.\nFind - searches the string for a specified value and returns the position of where it was found.\nIsAlpha - returns \"True\" if all characters in the string are in the alphabet.\nIsDigit - returns \"True\" if all characters in the string are digits.\nReplace - returns a string where a specified value is replaced with a specified value.\nStrip - returns a trimmed version of the string.\nTitle - converts the first character of each word to uppercase.\nSplit - Splits the input string into a list using Param 1 as the separator.  Defaults to comma.","ActionProvider":"Scripts","ActionName":"Functions_String Functions","Type":0,"Integration":"Functions","Parameters":[{"ParentStepIdentifier":"db2ff3df-19fb-43c0-a9b2-eb86986e8294","ParentWorkflowIdentifier":"6494ff98-c121-476c-97fc-c2733de0df1e","Name":"AssignedUsers","Value":null},{"ParentStepIdentifier":"db2ff3df-19fb-43c0-a9b2-eb86986e8294","ParentWorkflowIdentifier":"6494ff98-c121-476c-97fc-c2733de0df1e","Name":"AsyncActionTimeout","Value":"86400"},{"ParentStepIdentifier":"db2ff3df-19fb-43c0-a9b2-eb86986e8294","ParentWorkflowIdentifier":"6494ff98-c121-476c-97fc-c2733de0df1e","Name":"AsyncPollingInterval","Value":"3600"},{"ParentStepIdentifier":"db2ff3df-19fb-43c0-a9b2-eb86986e8294","ParentWorkflowIdentifier":"6494ff98-c121-476c-97fc-c2733de0df1e","Name":"FallbackIntegrationInstance","Value":null},{"ParentStepIdentifier":"db2ff3df-19fb-43c0-a9b2-eb86986e8294","ParentWorkflowIdentifier":"6494ff98-c121-476c-97fc-c2733de0df1e","Name":"HasApprovalLink","Value":null},{"ParentStepIdentifier":"db2ff3df-19fb-43c0-a9b2-eb86986e8294","ParentWorkflowIdentifier":"6494ff98-c121-476c-97fc-c2733de0df1e","Name":"IntegrationInstance","Value":"2e96d39b-28a0-4d9c-ac90-4c704183566e"},{"ParentStepIdentifier":"db2ff3df-19fb-43c0-a9b2-eb86986e8294","ParentWorkflowIdentifier":"6494ff98-c121-476c-97fc-c2733de0df1e","Name":"MessageToAssignee","Value":null},{"ParentStepIdentifier":"db2ff3df-19fb-43c0-a9b2-eb86986e8294","ParentWorkflowIdentifier":"6494ff98-c121-476c-97fc-c2733de0df1e","Name":"PendingActionTimeout","Value":null},{"ParentStepIdentifier":"db2ff3df-19fb-43c0-a9b2-eb86986e8294","ParentWorkflowIdentifier":"6494ff98-c121-476c-97fc-c2733de0df1e","Name":"ScriptName","Value":"Functions_String Functions"},{"ParentStepIdentifier":"db2ff3df-19fb-43c0-a9b2-eb86986e8294","ParentWorkflowIdentifier":"6494ff98-c121-476c-97fc-c2733de0df1e","Name":"ScriptParametersEntityFields","Value":"{\"Param 2\":\" \",\"Param 1\":\"([a-zA-Z0-9._-]+@[a-zA-Z0-9._-]+\\\\.[a-zA-Z0-9_-]+)\",\"Input\":\"[Slack Custom_Wait For Reply.JsonResult| \\\"text\\\"]\",\"Function\":\"Regex\"}"},{"ParentStepIdentifier":"db2ff3df-19fb-43c0-a9b2-eb86986e8294","ParentWorkflowIdentifier":"6494ff98-c121-476c-97fc-c2733de0df1e","Name":"SelectedScopeName","Value":"All entities"}],"AutoSkipOnFailure":false,"IsDebugMockData":false,"StepDebugData":null},{"Identifier":"dc1a3fd3-7f3f-426e-bf98-7e512fbbfab5","OriginalStepIdentifier":"0083d61d-c8f1-4da5-bf5c-db4e07a1ca4c","ParentWorkflowIdentifier":"6494ff98-c121-476c-97fc-c2733de0df1e","ParentStepIdentifiers":["42714e2c-d3fa-493b-b0e2-570eccd6886f"],"ParentStepIdentifier":"42714e2c-d3fa-493b-b0e2-570eccd6886f","PreviousResultCondition":"{}","InstanceName":"Webhook_Delete Token","IsAutomatic":true,"Name":"Webhook_Delete Token","IsSkippable":false,"Description":"Delete Webhook token by token ID.","ActionProvider":"Scripts","ActionName":"Webhook_Delete Token","Type":0,"Integration":"Webhook","Parameters":[{"ParentStepIdentifier":"dc1a3fd3-7f3f-426e-bf98-7e512fbbfab5","ParentWorkflowIdentifier":"6494ff98-c121-476c-97fc-c2733de0df1e","Name":"AssignedUsers","Value":null},{"ParentStepIdentifier":"dc1a3fd3-7f3f-426e-bf98-7e512fbbfab5","ParentWorkflowIdentifier":"6494ff98-c121-476c-97fc-c2733de0df1e","Name":"AsyncActionTimeout","Value":"86400"},{"ParentStepIdentifier":"dc1a3fd3-7f3f-426e-bf98-7e512fbbfab5","ParentWorkflowIdentifier":"6494ff98-c121-476c-97fc-c2733de0df1e","Name":"AsyncPollingInterval","Value":"3600"},{"ParentStepIdentifier":"dc1a3fd3-7f3f-426e-bf98-7e512fbbfab5","ParentWorkflowIdentifier":"6494ff98-c121-476c-97fc-c2733de0df1e","Name":"FallbackIntegrationInstance","Value":null},{"ParentStepIdentifier":"dc1a3fd3-7f3f-426e-bf98-7e512fbbfab5","ParentWorkflowIdentifier":"6494ff98-c121-476c-97fc-c2733de0df1e","Name":"HasApprovalLink","Value":null},{"ParentStepIdentifier":"dc1a3fd3-7f3f-426e-bf98-7e512fbbfab5","ParentWorkflowIdentifier":"6494ff98-c121-476c-97fc-c2733de0df1e","Name":"IntegrationInstance","Value":"ad70f0d2-6351-4811-bd28-96b7c7a81b30"},{"ParentStepIdentifier":"dc1a3fd3-7f3f-426e-bf98-7e512fbbfab5","ParentWorkflowIdentifier":"6494ff98-c121-476c-97fc-c2733de0df1e","Name":"MessageToAssignee","Value":null},{"ParentStepIdentifier":"dc1a3fd3-7f3f-426e-bf98-7e512fbbfab5","ParentWorkflowIdentifier":"6494ff98-c121-476c-97fc-c2733de0df1e","Name":"PendingActionTimeout","Value":null},{"ParentStepIdentifier":"dc1a3fd3-7f3f-426e-bf98-7e512fbbfab5","ParentWorkflowIdentifier":"6494ff98-c121-476c-97fc-c2733de0df1e","Name":"ScriptName","Value":"Webhook_Delete Token"},{"ParentStepIdentifier":"dc1a3fd3-7f3f-426e-bf98-7e512fbbfab5","ParentWorkflowIdentifier":"6494ff98-c121-476c-97fc-c2733de0df1e","Name":"ScriptParametersEntityFields","Value":"{\"Token ID\":\"[Create Webhook.JsonResult| \\\"uuid\\\"]\"}"},{"ParentStepIdentifier":"dc1a3fd3-7f3f-426e-bf98-7e512fbbfab5","ParentWorkflowIdentifier":"6494ff98-c121-476c-97fc-c2733de0df1e","Name":"SelectedScopeName","Value":"All entities"}],"AutoSkipOnFailure":true,"IsDebugMockData":false,"StepDebugData":null},{"Identifier":"e0e768f9-9aaf-46c3-b574-f90b7bbc91df","OriginalStepIdentifier":"2aff34a0-db1b-40fc-a223-19e471df30c2","ParentWorkflowIdentifier":"6494ff98-c121-476c-97fc-c2733de0df1e","ParentStepIdentifiers":["db2ff3df-19fb-43c0-a9b2-eb86986e8294"],"ParentStepIdentifier":"db2ff3df-19fb-43c0-a9b2-eb86986e8294","PreviousResultCondition":"{}","InstanceName":"Functions_Get Emails List","IsAutomatic":true,"Name":"Functions_String Functions","IsSkippable":false,"Description":"This action includes basic Pythonic string functions as mentioned below - \nLower - converts a string into lower case.\nUpper - converts a string into upper case.\nCount - returns the number of times a specified value occurs in a string.\nFind - searches the string for a specified value and returns the position of where it was found.\nIsAlpha - returns \"True\" if all characters in the string are in the alphabet.\nIsDigit - returns \"True\" if all characters in the string are digits.\nReplace - returns a string where a specified value is replaced with a specified value.\nStrip - returns a trimmed version of the string.\nTitle - converts the first character of each word to uppercase.\nSplit - Splits the input string into a list using Param 1 as the separator.  Defaults to comma.","ActionProvider":"Scripts","ActionName":"Functions_String Functions","Type":0,"Integration":"Functions","Parameters":[{"ParentStepIdentifier":"e0e768f9-9aaf-46c3-b574-f90b7bbc91df","ParentWorkflowIdentifier":"6494ff98-c121-476c-97fc-c2733de0df1e","Name":"AssignedUsers","Value":null},{"ParentStepIdentifier":"e0e768f9-9aaf-46c3-b574-f90b7bbc91df","ParentWorkflowIdentifier":"6494ff98-c121-476c-97fc-c2733de0df1e","Name":"AsyncActionTimeout","Value":"86400"},{"ParentStepIdentifier":"e0e768f9-9aaf-46c3-b574-f90b7bbc91df","ParentWorkflowIdentifier":"6494ff98-c121-476c-97fc-c2733de0df1e","Name":"AsyncPollingInterval","Value":"3600"},{"ParentStepIdentifier":"e0e768f9-9aaf-46c3-b574-f90b7bbc91df","ParentWorkflowIdentifier":"6494ff98-c121-476c-97fc-c2733de0df1e","Name":"FallbackIntegrationInstance","Value":null},{"ParentStepIdentifier":"e0e768f9-9aaf-46c3-b574-f90b7bbc91df","ParentWorkflowIdentifier":"6494ff98-c121-476c-97fc-c2733de0df1e","Name":"HasApprovalLink","Value":null},{"ParentStepIdentifier":"e0e768f9-9aaf-46c3-b574-f90b7bbc91df","ParentWorkflowIdentifier":"6494ff98-c121-476c-97fc-c2733de0df1e","Name":"IntegrationInstance","Value":"2e96d39b-28a0-4d9c-ac90-4c704183566e"},{"ParentStepIdentifier":"e0e768f9-9aaf-46c3-b574-f90b7bbc91df","ParentWorkflowIdentifier":"6494ff98-c121-476c-97fc-c2733de0df1e","Name":"MessageToAssignee","Value":null},{"ParentStepIdentifier":"e0e768f9-9aaf-46c3-b574-f90b7bbc91df","ParentWorkflowIdentifier":"6494ff98-c121-476c-97fc-c2733de0df1e","Name":"PendingActionTimeout","Value":null},{"ParentStepIdentifier":"e0e768f9-9aaf-46c3-b574-f90b7bbc91df","ParentWorkflowIdentifier":"6494ff98-c121-476c-97fc-c2733de0df1e","Name":"ScriptName","Value":"Functions_String Functions"},{"ParentStepIdentifier":"e0e768f9-9aaf-46c3-b574-f90b7bbc91df","ParentWorkflowIdentifier":"6494ff98-c121-476c-97fc-c2733de0df1e","Name":"ScriptParametersEntityFields","Value":"{\"Param 2\":\" \",\"Param 1\":\"\",\"Input\":\"[Functions_Clean Anwer_EMAIL.ScriptResult]\",\"Function\":\"Split\"}"},{"ParentStepIdentifier":"e0e768f9-9aaf-46c3-b574-f90b7bbc91df","ParentWorkflowIdentifier":"6494ff98-c121-476c-97fc-c2733de0df1e","Name":"SelectedScopeName","Value":"All entities"}],"AutoSkipOnFailure":false,"IsDebugMockData":false,"StepDebugData":null},{"Identifier":"e499cab3-ca28-48e7-afd6-7b4afe20233e","OriginalStepIdentifier":"adc1bf69-864a-4358-a4f9-734104bb540d","ParentWorkflowIdentifier":"6494ff98-c121-476c-97fc-c2733de0df1e","ParentStepIdentifiers":["65973a66-51e6-41d4-b187-7020310293c2"],"ParentStepIdentifier":"65973a66-51e6-41d4-b187-7020310293c2","PreviousResultCondition":"{}","InstanceName":"Build Slack Block","IsAutomatic":true,"Name":"Slack Custom_Build Block","IsSkippable":false,"Description":"Builds a slack message block/s according to the given parameters' values","ActionProvider":"Scripts","ActionName":"Slack Custom_Build Block","Type":0,"Integration":"Slack Custom","Parameters":[{"ParentStepIdentifier":"e499cab3-ca28-48e7-afd6-7b4afe20233e","ParentWorkflowIdentifier":"6494ff98-c121-476c-97fc-c2733de0df1e","Name":"AssignedUsers","Value":null},{"ParentStepIdentifier":"e499cab3-ca28-48e7-afd6-7b4afe20233e","ParentWorkflowIdentifier":"6494ff98-c121-476c-97fc-c2733de0df1e","Name":"AsyncActionTimeout","Value":"86400"},{"ParentStepIdentifier":"e499cab3-ca28-48e7-afd6-7b4afe20233e","ParentWorkflowIdentifier":"6494ff98-c121-476c-97fc-c2733de0df1e","Name":"AsyncPollingInterval","Value":"30"},{"ParentStepIdentifier":"e499cab3-ca28-48e7-afd6-7b4afe20233e","ParentWorkflowIdentifier":"6494ff98-c121-476c-97fc-c2733de0df1e","Name":"FallbackIntegrationInstance","Value":null},{"ParentStepIdentifier":"e499cab3-ca28-48e7-afd6-7b4afe20233e","ParentWorkflowIdentifier":"6494ff98-c121-476c-97fc-c2733de0df1e","Name":"HasApprovalLink","Value":null},{"ParentStepIdentifier":"e499cab3-ca28-48e7-afd6-7b4afe20233e","ParentWorkflowIdentifier":"6494ff98-c121-476c-97fc-c2733de0df1e","Name":"IntegrationInstance","Value":"a7738dc0-48ab-4c12-b48a-6bdd32a2cdf9"},{"ParentStepIdentifier":"e499cab3-ca28-48e7-afd6-7b4afe20233e","ParentWorkflowIdentifier":"6494ff98-c121-476c-97fc-c2733de0df1e","Name":"MessageToAssignee","Value":null},{"ParentStepIdentifier":"e499cab3-ca28-48e7-afd6-7b4afe20233e","ParentWorkflowIdentifier":"6494ff98-c121-476c-97fc-c2733de0df1e","Name":"PendingActionTimeout","Value":null},{"ParentStepIdentifier":"e499cab3-ca28-48e7-afd6-7b4afe20233e","ParentWorkflowIdentifier":"6494ff98-c121-476c-97fc-c2733de0df1e","Name":"ScriptName","Value":"Slack Custom_Build Block"},{"ParentStepIdentifier":"e499cab3-ca28-48e7-afd6-7b4afe20233e","ParentWorkflowIdentifier":"6494ff98-c121-476c-97fc-c2733de0df1e","Name":"ScriptParametersEntityFields","Value":"{\"WebHook Url\":\"[Create Webhook.JsonResult| \\\"webhookURL\\\"]\",\"View Case In Siemplify URL\":\"[Input.Siemplify URL (optional)]\",\"Answers Buttons\":\"[Input.Answers List]\",\"Case Id\":\"[Case.Id]\",\"Question\":\"[Input.Question]\"}"},{"ParentStepIdentifier":"e499cab3-ca28-48e7-afd6-7b4afe20233e","ParentWorkflowIdentifier":"6494ff98-c121-476c-97fc-c2733de0df1e","Name":"SelectedScopeName","Value":"All entities"}],"AutoSkipOnFailure":false,"IsDebugMockData":false,"StepDebugData":null},{"Identifier":"e4f23810-2d82-4f53-bbb4-f4168a04cdf3","OriginalStepIdentifier":"60a839d2-c305-49f1-a22f-74b011375137","ParentWorkflowIdentifier":"6494ff98-c121-476c-97fc-c2733de0df1e","ParentStepIdentifiers":["d258a15e-29e8-4b76-8ea3-f7ce736b2f61"],"ParentStepIdentifier":"d258a15e-29e8-4b76-8ea3-f7ce736b2f61","PreviousResultCondition":"{\n  \"d258a15e-29e8-4b76-8ea3-f7ce736b2f61\": \"2\"\n}","InstanceName":"Output_2","IsAutomatic":true,"Name":"Output","IsSkippable":false,"Description":"","ActionProvider":"Flow","ActionName":"OutputAction","Type":6,"Integration":"Flow","Parameters":[{"ParentStepIdentifier":"e4f23810-2d82-4f53-bbb4-f4168a04cdf3","ParentWorkflowIdentifier":"6494ff98-c121-476c-97fc-c2733de0df1e","Name":"NestedWorkflowOutput","Value":"No Target User <[Input.Target User (Full Name, Email, Id)]>"}],"AutoSkipOnFailure":false,"IsDebugMockData":false,"StepDebugData":null},{"Identifier":"fb83e69b-c701-463c-9ba1-871ac4701e73","OriginalStepIdentifier":"fdcf472b-7faf-4422-847a-f5d9b41ddff5","ParentWorkflowIdentifier":"6494ff98-c121-476c-97fc-c2733de0df1e","ParentStepIdentifiers":["d0df913f-3469-45d4-94b8-7b54400f1226"],"ParentStepIdentifier":"d0df913f-3469-45d4-94b8-7b54400f1226","PreviousResultCondition":"{}","InstanceName":"Send Block by Email \\ Full User | Id","IsAutomatic":true,"Name":"Condition","IsSkippable":false,"Description":"This condition determines the progress of the playbook. Conditions are built based on cases data (cases, alerts, vents, entities and environment properties) as-well as data that comes back from previous playbook steps.","ActionProvider":"Flow","ActionName":"IfFlowCondition","Type":4,"Integration":"Flow","Parameters":[{"ParentStepIdentifier":"fb83e69b-c701-463c-9ba1-871ac4701e73","ParentWorkflowIdentifier":"6494ff98-c121-476c-97fc-c2733de0df1e","Name":"AssignedUsers","Value":null},{"ParentStepIdentifier":"fb83e69b-c701-463c-9ba1-871ac4701e73","ParentWorkflowIdentifier":"6494ff98-c121-476c-97fc-c2733de0df1e","Name":"Branches","Value":"[{\"LogicalOperator\":0,\"Conditions\":[{\"Operator\":1,\"FieldName\":\"[Input.Target User (Full Name, Email, Id)]\",\"Type\":2,\"Value\":\"@\"}],\"Order\":1,\"IsDefaultBranch\":false,\"Name\":\"Email\"},{\"LogicalOperator\":0,\"Conditions\":[],\"Order\":4,\"IsDefaultBranch\":true,\"Name\":\"Branch\"},{\"LogicalOperator\":1,\"Conditions\":[{\"Operator\":1,\"FieldName\":\"[Input.Target User (Full Name, Email, Id)]\",\"Type\":2,\"Value\":\"0\"},{\"Operator\":1,\"FieldName\":\"[Input.Target User (Full Name, Email, Id)]\",\"Type\":2,\"Value\":\"1\"},{\"Operator\":1,\"FieldName\":\"[Input.Target User (Full Name, Email, Id)]\",\"Type\":2,\"Value\":\"2\"},{\"Operator\":1,\"FieldName\":\"[Input.Target User (Full Name, Email, Id)]\",\"Type\":2,\"Value\":\"3\"},{\"Operator\":1,\"FieldName\":\"[Input.Target User (Full Name, Email, Id)]\",\"Type\":2,\"Value\":\"4\"},{\"Operator\":1,\"FieldName\":\"[Input.Target User (Full Name, Email, Id)]\",\"Type\":2,\"Value\":\"5\"}],\"Order\":2,\"IsDefaultBranch\":false,\"Name\":\"Id\"},{\"LogicalOperator\":0,\"Conditions\":[{\"Operator\":1,\"FieldName\":\"[Input.Target User (Full Name, Email, Id)]\",\"Type\":2,\"Value\":\"6\"},{\"Operator\":1,\"FieldName\":\"[Input.Target User (Full Name, Email, Id)]\",\"Type\":2,\"Value\":\"7\"},{\"Operator\":1,\"FieldName\":\"[Input.Target User (Full Name, Email, Id)]\",\"Type\":2,\"Value\":\"8\"},{\"Operator\":1,\"FieldName\":\"[Input.Target User (Full Name, Email, Id)]\",\"Type\":2,\"Value\":\"9\"}],\"Order\":3,\"IsDefaultBranch\":false,\"Name\":\"Id\"}]"},{"ParentStepIdentifier":"fb83e69b-c701-463c-9ba1-871ac4701e73","ParentWorkflowIdentifier":"6494ff98-c121-476c-97fc-c2733de0df1e","Name":"ErrorFallbackBranch","Value":"4"},{"ParentStepIdentifier":"fb83e69b-c701-463c-9ba1-871ac4701e73","ParentWorkflowIdentifier":"6494ff98-c121-476c-97fc-c2733de0df1e","Name":"HasApprovalLink","Value":null},{"ParentStepIdentifier":"fb83e69b-c701-463c-9ba1-871ac4701e73","ParentWorkflowIdentifier":"6494ff98-c121-476c-97fc-c2733de0df1e","Name":"MessageToAssignee","Value":null},{"ParentStepIdentifier":"fb83e69b-c701-463c-9ba1-871ac4701e73","ParentWorkflowIdentifier":"6494ff98-c121-476c-97fc-c2733de0df1e","Name":"PendingActionTimeout","Value":null},{"ParentStepIdentifier":"fb83e69b-c701-463c-9ba1-871ac4701e73","ParentWorkflowIdentifier":"6494ff98-c121-476c-97fc-c2733de0df1e","Name":"SelectedScopeName","Value":"All entities"}],"AutoSkipOnFailure":false,"IsDebugMockData":false,"StepDebugData":null},{"Identifier":"fd12b626-a527-4fee-be88-fd57fa1cb860","OriginalStepIdentifier":"90655aef-7841-4930-8358-7d7931e23429","ParentWorkflowIdentifier":"6494ff98-c121-476c-97fc-c2733de0df1e","ParentStepIdentifiers":["d022fc7a-bd88-49d4-a430-e02dd952f2a4"],"ParentStepIdentifier":"d022fc7a-bd88-49d4-a430-e02dd952f2a4","PreviousResultCondition":"{\n  \"d022fc7a-bd88-49d4-a430-e02dd952f2a4\": \"2\"\n}","InstanceName":"Previous Actions Conditions_1","IsAutomatic":true,"Name":"Previous Actions Conditions","IsSkippable":false,"Description":"This step conditions the progress of the playbook according to data fetched by previous actions performed in the playbook, for example: report data, action's success or enrichment data","ActionProvider":"Flow","ActionName":"IfElse","Type":2,"Integration":"Flow","Parameters":[{"ParentStepIdentifier":"fd12b626-a527-4fee-be88-fd57fa1cb860","ParentWorkflowIdentifier":"6494ff98-c121-476c-97fc-c2733de0df1e","Name":"AssignedUsers","Value":null},{"ParentStepIdentifier":"fd12b626-a527-4fee-be88-fd57fa1cb860","ParentWorkflowIdentifier":"6494ff98-c121-476c-97fc-c2733de0df1e","Name":"Branches","Value":"[{\"LogicalOperator\":0,\"Conditions\":[{\"Operator\":0,\"FieldName\":\"Slack - Send Block by Email.ScriptResult\",\"Type\":2,\"Value\":\"true\"}],\"Order\":1,\"IsDefaultBranch\":false,\"Name\":\"Send Block by Email\"},{\"LogicalOperator\":0,\"Conditions\":[],\"Order\":5,\"IsDefaultBranch\":true,\"Name\":\"Branch\"},{\"LogicalOperator\":0,\"Conditions\":[{\"Operator\":0,\"FieldName\":\"Slack - Send Block by Id 0-5.ScriptResult\",\"Type\":2,\"Value\":\"true\"}],\"Order\":2,\"IsDefaultBranch\":false,\"Name\":\"BranchSend Block by Id 0-5\"},{\"LogicalOperator\":0,\"Conditions\":[{\"Operator\":0,\"FieldName\":\"Slack - Send Block by Id 6-9.ScriptResult\",\"Type\":2,\"Value\":\"true\"}],\"Order\":3,\"IsDefaultBranch\":false,\"Name\":\"BranchSend Block by Id 6-9\"},{\"LogicalOperator\":0,\"Conditions\":[{\"Operator\":0,\"FieldName\":\"Slack - Send Block by Name.ScriptResult\",\"Type\":2,\"Value\":\"true\"}],\"Order\":4,\"IsDefaultBranch\":false,\"Name\":\"Branch\"}]"},{"ParentStepIdentifier":"fd12b626-a527-4fee-be88-fd57fa1cb860","ParentWorkflowIdentifier":"6494ff98-c121-476c-97fc-c2733de0df1e","Name":"ErrorFallbackBranch","Value":null},{"ParentStepIdentifier":"fd12b626-a527-4fee-be88-fd57fa1cb860","ParentWorkflowIdentifier":"6494ff98-c121-476c-97fc-c2733de0df1e","Name":"HasApprovalLink","Value":null},{"ParentStepIdentifier":"fd12b626-a527-4fee-be88-fd57fa1cb860","ParentWorkflowIdentifier":"6494ff98-c121-476c-97fc-c2733de0df1e","Name":"MessageToAssignee","Value":null},{"ParentStepIdentifier":"fd12b626-a527-4fee-be88-fd57fa1cb860","ParentWorkflowIdentifier":"6494ff98-c121-476c-97fc-c2733de0df1e","Name":"PendingActionTimeout","Value":null},{"ParentStepIdentifier":"fd12b626-a527-4fee-be88-fd57fa1cb860","ParentWorkflowIdentifier":"6494ff98-c121-476c-97fc-c2733de0df1e","Name":"SelectedScopeName","Value":"All entities"}],"AutoSkipOnFailure":false,"IsDebugMockData":false,"StepDebugData":null}],"Triggers":[{"Identifier":"74fa1744-6d1f-447a-83db-f8c5e7c5f6e6","IsEnabled":true,"DefinitionIdentifier":"6494ff98-c121-476c-97fc-c2733de0df1e","Type":11,"WorkflowName":null,"LogicalOperator":0,"Conditions":[{"FieldName":"Target User (Full Name, Email, Id)","MatchType":0,"Value":"admin@domain.com"},{"FieldName":"Question","MatchType":0,"Value":"Are you familiar with the alert?"},{"FieldName":"Answers List","MatchType":0,"Value":"Yes,No"},{"FieldName":"Siemplify URL (optional)","MatchType":0,"Value":"https://instance.siemplifycloud.com/"}],"Environments":["Default Environment"]}],"OverviewTemplates":[],"Permissions":[],"Environments":["Default Environment"]}}