{"CategoryName":"Imported Playbooks","OverviewTemplatesDetails":[],"WidgetTemplates":null,"Definition":{"Identifier":"121db1c6-50a3-4ee5-998e-a3109036158b","IsEnable":true,"Version":0.0,"IsArchived":false,"IsAutomatic":false,"Name":"Create Remediation Question","Category":2,"Description":"An embedded workflow that can receive inputs and return an output.","Priority":2,"Creator":"25d7f19d-80d3-4b38-971d-b16418374708","VersionCreator":null,"VersionComment":null,"OriginalWorkflowIdentifier":"dcb6efcf-376c-4fa7-b4e6-dd44b59fbc4b","TemplateName":null,"PlaybookType":1,"IsDebugMode":false,"DebugBaseAlertIdentifier":"ACCESS DISABLED ACCOUNTS_A1D9D364-E29D-4053-ADC0-4EB0A5C002F4","DebugAlertIdentifier":"ACCESS DISABLED ACCOUNTSC9C0853E-6BC0-439F-9E89-5207B01FF3C3","SimulationClone":false,"DefaultAccessLevel":0,"Steps":[{"Identifier":"07b3fdb9-b95c-41aa-b8aa-41af7dec9d24","OriginalStepIdentifier":"27fde4c7-602e-41b6-afc8-ddb5f5701080","ParentWorkflowIdentifier":"121db1c6-50a3-4ee5-998e-a3109036158b","ParentStepIdentifiers":["c865b825-4e95-47ff-8cda-b52d4a8d0e87"],"ParentStepIdentifier":"c865b825-4e95-47ff-8cda-b52d4a8d0e87","PreviousResultCondition":"{\"c865b825-4e95-47ff-8cda-b52d4a8d0e87\":\"2\"}","InstanceName":"Output_5","IsAutomatic":true,"Name":"Output","IsSkippable":false,"Description":"","ActionProvider":"Flow","ActionName":"OutputAction","Type":6,"Integration":"Flow","Parameters":[{"ParentStepIdentifier":"07b3fdb9-b95c-41aa-b8aa-41af7dec9d24","ParentWorkflowIdentifier":"121db1c6-50a3-4ee5-998e-a3109036158b","Name":"NestedWorkflowOutput","Value":"[Isolate Machine Option.JsonResult| \"input_string\"],No Remediation"}],"AutoSkipOnFailure":false,"IsDebugMockData":false,"StepDebugData":null},{"Identifier":"1d918e1e-ad71-4e55-846a-98426887e3b7","OriginalStepIdentifier":"cdc538ac-1f69-4de0-9885-5bfa57435122","ParentWorkflowIdentifier":"121db1c6-50a3-4ee5-998e-a3109036158b","ParentStepIdentifiers":[],"ParentStepIdentifier":"","PreviousResultCondition":"{}","InstanceName":"GET EDR Product","IsAutomatic":true,"Name":"Tools_Get Context Value","IsSkippable":false,"Description":"The action gets a key and value in a specific context (alert or case)","ActionProvider":"Scripts","ActionName":"Tools_Get Context Value","Type":0,"Integration":"Tools","Parameters":[{"ParentStepIdentifier":"1d918e1e-ad71-4e55-846a-98426887e3b7","ParentWorkflowIdentifier":"121db1c6-50a3-4ee5-998e-a3109036158b","Name":"AssignedUsers","Value":null},{"ParentStepIdentifier":"1d918e1e-ad71-4e55-846a-98426887e3b7","ParentWorkflowIdentifier":"121db1c6-50a3-4ee5-998e-a3109036158b","Name":"AsyncActionTimeout","Value":"86400"},{"ParentStepIdentifier":"1d918e1e-ad71-4e55-846a-98426887e3b7","ParentWorkflowIdentifier":"121db1c6-50a3-4ee5-998e-a3109036158b","Name":"AsyncPollingInterval","Value":"3600"},{"ParentStepIdentifier":"1d918e1e-ad71-4e55-846a-98426887e3b7","ParentWorkflowIdentifier":"121db1c6-50a3-4ee5-998e-a3109036158b","Name":"FallbackIntegrationInstance","Value":null},{"ParentStepIdentifier":"1d918e1e-ad71-4e55-846a-98426887e3b7","ParentWorkflowIdentifier":"121db1c6-50a3-4ee5-998e-a3109036158b","Name":"HasApprovalLink","Value":null},{"ParentStepIdentifier":"1d918e1e-ad71-4e55-846a-98426887e3b7","ParentWorkflowIdentifier":"121db1c6-50a3-4ee5-998e-a3109036158b","Name":"IntegrationInstance","Value":"2e787919-e84d-4616-9029-2cf1a5b8cbb3"},{"ParentStepIdentifier":"1d918e1e-ad71-4e55-846a-98426887e3b7","ParentWorkflowIdentifier":"121db1c6-50a3-4ee5-998e-a3109036158b","Name":"MessageToAssignee","Value":null},{"ParentStepIdentifier":"1d918e1e-ad71-4e55-846a-98426887e3b7","ParentWorkflowIdentifier":"121db1c6-50a3-4ee5-998e-a3109036158b","Name":"PendingActionTimeout","Value":null},{"ParentStepIdentifier":"1d918e1e-ad71-4e55-846a-98426887e3b7","ParentWorkflowIdentifier":"121db1c6-50a3-4ee5-998e-a3109036158b","Name":"ScriptName","Value":"Tools_Get Context Value"},{"ParentStepIdentifier":"1d918e1e-ad71-4e55-846a-98426887e3b7","ParentWorkflowIdentifier":"121db1c6-50a3-4ee5-998e-a3109036158b","Name":"ScriptParametersEntityFields","Value":"{\"Scope\":\"Alert\",\"Key\":\"EDR_PRODUCT\"}"},{"ParentStepIdentifier":"1d918e1e-ad71-4e55-846a-98426887e3b7","ParentWorkflowIdentifier":"121db1c6-50a3-4ee5-998e-a3109036158b","Name":"SelectedScopeName","Value":"All entities"}],"AutoSkipOnFailure":false,"IsDebugMockData":false,"StepDebugData":null},{"Identifier":"2b6b527e-a9d8-4f7c-badf-370271f5f851","OriginalStepIdentifier":"1c4562dd-aeb7-4c33-87e4-0bd2419d5dd4","ParentWorkflowIdentifier":"121db1c6-50a3-4ee5-998e-a3109036158b","ParentStepIdentifiers":["c5e1953b-adcb-4a44-b244-da9b83b5807a"],"ParentStepIdentifier":"c5e1953b-adcb-4a44-b244-da9b83b5807a","PreviousResultCondition":"{}","InstanceName":"Condition_5","IsAutomatic":true,"Name":"Condition","IsSkippable":false,"Description":"This condition determines the progress of the playbook. Conditions are built based on cases data (cases, alerts, vents, entities and environment properties) as-well as data that comes back from previous playbook steps.","ActionProvider":"Flow","ActionName":"IfFlowCondition","Type":4,"Integration":"Flow","Parameters":[{"ParentStepIdentifier":"2b6b527e-a9d8-4f7c-badf-370271f5f851","ParentWorkflowIdentifier":"121db1c6-50a3-4ee5-998e-a3109036158b","Name":"AssignedUsers","Value":null},{"ParentStepIdentifier":"2b6b527e-a9d8-4f7c-badf-370271f5f851","ParentWorkflowIdentifier":"121db1c6-50a3-4ee5-998e-a3109036158b","Name":"Branches","Value":"[{\"LogicalOperator\":0,\"Conditions\":[{\"Operator\":8,\"FieldName\":\"[Event.event_principal_file_fullPath]\",\"Type\":2,\"Value\":\"\"}],\"Order\":1,\"IsDefaultBranch\":false,\"Name\":\"Branch\"},{\"LogicalOperator\":0,\"Conditions\":[],\"Order\":2,\"IsDefaultBranch\":true,\"Name\":\"Branch\"}]"},{"ParentStepIdentifier":"2b6b527e-a9d8-4f7c-badf-370271f5f851","ParentWorkflowIdentifier":"121db1c6-50a3-4ee5-998e-a3109036158b","Name":"ErrorFallbackBranch","Value":null},{"ParentStepIdentifier":"2b6b527e-a9d8-4f7c-badf-370271f5f851","ParentWorkflowIdentifier":"121db1c6-50a3-4ee5-998e-a3109036158b","Name":"HasApprovalLink","Value":null},{"ParentStepIdentifier":"2b6b527e-a9d8-4f7c-badf-370271f5f851","ParentWorkflowIdentifier":"121db1c6-50a3-4ee5-998e-a3109036158b","Name":"MessageToAssignee","Value":null},{"ParentStepIdentifier":"2b6b527e-a9d8-4f7c-badf-370271f5f851","ParentWorkflowIdentifier":"121db1c6-50a3-4ee5-998e-a3109036158b","Name":"PendingActionTimeout","Value":null},{"ParentStepIdentifier":"2b6b527e-a9d8-4f7c-badf-370271f5f851","ParentWorkflowIdentifier":"121db1c6-50a3-4ee5-998e-a3109036158b","Name":"SelectedScopeName","Value":"All entities"}],"AutoSkipOnFailure":false,"IsDebugMockData":false,"StepDebugData":null},{"Identifier":"45d1bd18-4b3d-46ed-9daa-bf9f7d5f3964","OriginalStepIdentifier":"450aa951-6c84-48ed-a5e0-ceed9a9bd96c","ParentWorkflowIdentifier":"121db1c6-50a3-4ee5-998e-a3109036158b","ParentStepIdentifiers":["6828e67b-5686-475b-8d49-3067f01fa5a0"],"ParentStepIdentifier":"6828e67b-5686-475b-8d49-3067f01fa5a0","PreviousResultCondition":"{\"6828e67b-5686-475b-8d49-3067f01fa5a0\":\"2\"}","InstanceName":"Output_6","IsAutomatic":true,"Name":"Output","IsSkippable":false,"Description":"","ActionProvider":"Flow","ActionName":"OutputAction","Type":6,"Integration":"Flow","Parameters":[{"ParentStepIdentifier":"45d1bd18-4b3d-46ed-9daa-bf9f7d5f3964","ParentWorkflowIdentifier":"121db1c6-50a3-4ee5-998e-a3109036158b","Name":"NestedWorkflowOutput","Value":"No Remediation"}],"AutoSkipOnFailure":false,"IsDebugMockData":false,"StepDebugData":null},{"Identifier":"4ba7f1e4-3295-4ad2-8add-81ecf56d2acc","OriginalStepIdentifier":"302f5826-b7b5-478d-a406-a4d7cbacabd1","ParentWorkflowIdentifier":"121db1c6-50a3-4ee5-998e-a3109036158b","ParentStepIdentifiers":["c9e93d83-7bb5-4342-a65e-dbed3aee0c3d"],"ParentStepIdentifier":"c9e93d83-7bb5-4342-a65e-dbed3aee0c3d","PreviousResultCondition":"{\"c9e93d83-7bb5-4342-a65e-dbed3aee0c3d\":\"1\"}","InstanceName":"Functions_String Functions_1","IsAutomatic":true,"Name":"Functions_String Functions","IsSkippable":false,"Description":"This action includes basic Pythonic string functions as mentioned below - \nLower - converts a string into lower case.\nUpper - converts a string into upper case.\nCount - returns the number of times a specified value occurs in a string.\nFind - searches the string for a specified value and returns the position of where it was found.\nIsAlpha - returns \"True\" if all characters in the string are in the alphabet.\nIsDigit - returns \"True\" if all characters in the string are digits.\nReplace - returns a string where a specified value is replaced with a specified value.\nStrip - returns a trimmed version of the string.\nTitle - converts the first character of each word to uppercase.\nSplit - Splits the input string into a list using Param 1 as the separator.  Defaults to comma.","ActionProvider":"Scripts","ActionName":"Functions_String Functions","Type":0,"Integration":"Functions","Parameters":[{"ParentStepIdentifier":"4ba7f1e4-3295-4ad2-8add-81ecf56d2acc","ParentWorkflowIdentifier":"121db1c6-50a3-4ee5-998e-a3109036158b","Name":"AssignedUsers","Value":null},{"ParentStepIdentifier":"4ba7f1e4-3295-4ad2-8add-81ecf56d2acc","ParentWorkflowIdentifier":"121db1c6-50a3-4ee5-998e-a3109036158b","Name":"AsyncActionTimeout","Value":"86400"},{"ParentStepIdentifier":"4ba7f1e4-3295-4ad2-8add-81ecf56d2acc","ParentWorkflowIdentifier":"121db1c6-50a3-4ee5-998e-a3109036158b","Name":"AsyncPollingInterval","Value":"3600"},{"ParentStepIdentifier":"4ba7f1e4-3295-4ad2-8add-81ecf56d2acc","ParentWorkflowIdentifier":"121db1c6-50a3-4ee5-998e-a3109036158b","Name":"FallbackIntegrationInstance","Value":null},{"ParentStepIdentifier":"4ba7f1e4-3295-4ad2-8add-81ecf56d2acc","ParentWorkflowIdentifier":"121db1c6-50a3-4ee5-998e-a3109036158b","Name":"HasApprovalLink","Value":null},{"ParentStepIdentifier":"4ba7f1e4-3295-4ad2-8add-81ecf56d2acc","ParentWorkflowIdentifier":"121db1c6-50a3-4ee5-998e-a3109036158b","Name":"IntegrationInstance","Value":"2e96d39b-28a0-4d9c-ac90-4c704183566e"},{"ParentStepIdentifier":"4ba7f1e4-3295-4ad2-8add-81ecf56d2acc","ParentWorkflowIdentifier":"121db1c6-50a3-4ee5-998e-a3109036158b","Name":"MessageToAssignee","Value":null},{"ParentStepIdentifier":"4ba7f1e4-3295-4ad2-8add-81ecf56d2acc","ParentWorkflowIdentifier":"121db1c6-50a3-4ee5-998e-a3109036158b","Name":"PendingActionTimeout","Value":null},{"ParentStepIdentifier":"4ba7f1e4-3295-4ad2-8add-81ecf56d2acc","ParentWorkflowIdentifier":"121db1c6-50a3-4ee5-998e-a3109036158b","Name":"ScriptName","Value":"Functions_String Functions"},{"ParentStepIdentifier":"4ba7f1e4-3295-4ad2-8add-81ecf56d2acc","ParentWorkflowIdentifier":"121db1c6-50a3-4ee5-998e-a3109036158b","Name":"ScriptParametersEntityFields","Value":"{\"Param 2\":\" \",\"Param 1\":\",\",\"Input\":\"[Event.event_principal_process_file_fullPath]\",\"Function\":\"Split\"}"},{"ParentStepIdentifier":"4ba7f1e4-3295-4ad2-8add-81ecf56d2acc","ParentWorkflowIdentifier":"121db1c6-50a3-4ee5-998e-a3109036158b","Name":"SelectedScopeName","Value":"All entities"}],"AutoSkipOnFailure":false,"IsDebugMockData":false,"StepDebugData":null},{"Identifier":"51f2367d-322a-4fd3-817b-0fb8145f0ac1","OriginalStepIdentifier":"eae2edfb-d2a6-40ca-a593-1fc2363db941","ParentWorkflowIdentifier":"121db1c6-50a3-4ee5-998e-a3109036158b","ParentStepIdentifiers":["ee6463d9-d2cd-4305-a566-ab6ed4b95359"],"ParentStepIdentifier":"ee6463d9-d2cd-4305-a566-ab6ed4b95359","PreviousResultCondition":"{\"ee6463d9-d2cd-4305-a566-ab6ed4b95359\":\"3\"}","InstanceName":"Output_2","IsAutomatic":true,"Name":"Output","IsSkippable":false,"Description":"","ActionProvider":"Flow","ActionName":"OutputAction","Type":6,"Integration":"Flow","Parameters":[{"ParentStepIdentifier":"51f2367d-322a-4fd3-817b-0fb8145f0ac1","ParentWorkflowIdentifier":"121db1c6-50a3-4ee5-998e-a3109036158b","Name":"NestedWorkflowOutput","Value":"No Remediation"}],"AutoSkipOnFailure":false,"IsDebugMockData":false,"StepDebugData":null},{"Identifier":"6406a9c0-3570-4135-b3c1-54c848fbfcbf","OriginalStepIdentifier":"42b95380-cd50-4a6b-91f2-9ee90a950b71","ParentWorkflowIdentifier":"121db1c6-50a3-4ee5-998e-a3109036158b","ParentStepIdentifiers":["b34d1e2e-8eaa-4886-8c2b-ab6a83ef2bea"],"ParentStepIdentifier":"b34d1e2e-8eaa-4886-8c2b-ab6a83ef2bea","PreviousResultCondition":"{\"b34d1e2e-8eaa-4886-8c2b-ab6a83ef2bea\":\"1\"}","InstanceName":"Functions_String Functions_2","IsAutomatic":true,"Name":"Functions_String Functions","IsSkippable":false,"Description":"This action includes basic Pythonic string functions as mentioned below - \nLower - converts a string into lower case.\nUpper - converts a string into upper case.\nCount - returns the number of times a specified value occurs in a string.\nFind - searches the string for a specified value and returns the position of where it was found.\nIsAlpha - returns \"True\" if all characters in the string are in the alphabet.\nIsDigit - returns \"True\" if all characters in the string are digits.\nReplace - returns a string where a specified value is replaced with a specified value.\nStrip - returns a trimmed version of the string.\nTitle - converts the first character of each word to uppercase.\nSplit - Splits the input string into a list using Param 1 as the separator.  Defaults to comma.","ActionProvider":"Scripts","ActionName":"Functions_String Functions","Type":0,"Integration":"Functions","Parameters":[{"ParentStepIdentifier":"6406a9c0-3570-4135-b3c1-54c848fbfcbf","ParentWorkflowIdentifier":"121db1c6-50a3-4ee5-998e-a3109036158b","Name":"AssignedUsers","Value":null},{"ParentStepIdentifier":"6406a9c0-3570-4135-b3c1-54c848fbfcbf","ParentWorkflowIdentifier":"121db1c6-50a3-4ee5-998e-a3109036158b","Name":"AsyncActionTimeout","Value":"86400"},{"ParentStepIdentifier":"6406a9c0-3570-4135-b3c1-54c848fbfcbf","ParentWorkflowIdentifier":"121db1c6-50a3-4ee5-998e-a3109036158b","Name":"AsyncPollingInterval","Value":"3600"},{"ParentStepIdentifier":"6406a9c0-3570-4135-b3c1-54c848fbfcbf","ParentWorkflowIdentifier":"121db1c6-50a3-4ee5-998e-a3109036158b","Name":"FallbackIntegrationInstance","Value":null},{"ParentStepIdentifier":"6406a9c0-3570-4135-b3c1-54c848fbfcbf","ParentWorkflowIdentifier":"121db1c6-50a3-4ee5-998e-a3109036158b","Name":"HasApprovalLink","Value":null},{"ParentStepIdentifier":"6406a9c0-3570-4135-b3c1-54c848fbfcbf","ParentWorkflowIdentifier":"121db1c6-50a3-4ee5-998e-a3109036158b","Name":"IntegrationInstance","Value":"2e96d39b-28a0-4d9c-ac90-4c704183566e"},{"ParentStepIdentifier":"6406a9c0-3570-4135-b3c1-54c848fbfcbf","ParentWorkflowIdentifier":"121db1c6-50a3-4ee5-998e-a3109036158b","Name":"MessageToAssignee","Value":null},{"ParentStepIdentifier":"6406a9c0-3570-4135-b3c1-54c848fbfcbf","ParentWorkflowIdentifier":"121db1c6-50a3-4ee5-998e-a3109036158b","Name":"PendingActionTimeout","Value":null},{"ParentStepIdentifier":"6406a9c0-3570-4135-b3c1-54c848fbfcbf","ParentWorkflowIdentifier":"121db1c6-50a3-4ee5-998e-a3109036158b","Name":"ScriptName","Value":"Functions_String Functions"},{"ParentStepIdentifier":"6406a9c0-3570-4135-b3c1-54c848fbfcbf","ParentWorkflowIdentifier":"121db1c6-50a3-4ee5-998e-a3109036158b","Name":"ScriptParametersEntityFields","Value":"{\"Param 2\":\" \",\"Param 1\":\",\",\"Input\":\"[Event.event_principal_process_pid]\",\"Function\":\"Split\"}"},{"ParentStepIdentifier":"6406a9c0-3570-4135-b3c1-54c848fbfcbf","ParentWorkflowIdentifier":"121db1c6-50a3-4ee5-998e-a3109036158b","Name":"SelectedScopeName","Value":"All entities"}],"AutoSkipOnFailure":false,"IsDebugMockData":false,"StepDebugData":null},{"Identifier":"6828e67b-5686-475b-8d49-3067f01fa5a0","OriginalStepIdentifier":"ee4d2cad-66a0-4eb8-a3e8-0a84c6b84a0e","ParentWorkflowIdentifier":"121db1c6-50a3-4ee5-998e-a3109036158b","ParentStepIdentifiers":["78bf80df-a4b4-42f9-922f-e1916635296a"],"ParentStepIdentifier":"78bf80df-a4b4-42f9-922f-e1916635296a","PreviousResultCondition":"{}","InstanceName":"Check, if there are machines in the scope","IsAutomatic":true,"Name":"Condition","IsSkippable":false,"Description":"This condition determines the progress of the playbook. Conditions are built based on cases data (cases, alerts, vents, entities and environment properties) as-well as data that comes back from previous playbook steps.","ActionProvider":"Flow","ActionName":"IfFlowCondition","Type":4,"Integration":"Flow","Parameters":[{"ParentStepIdentifier":"6828e67b-5686-475b-8d49-3067f01fa5a0","ParentWorkflowIdentifier":"121db1c6-50a3-4ee5-998e-a3109036158b","Name":"AssignedUsers","Value":null},{"ParentStepIdentifier":"6828e67b-5686-475b-8d49-3067f01fa5a0","ParentWorkflowIdentifier":"121db1c6-50a3-4ee5-998e-a3109036158b","Name":"Branches","Value":"[{\"LogicalOperator\":0,\"Conditions\":[{\"Operator\":5,\"FieldName\":\"[Isolate Machine Option.JsonResult| \\\"input_string\\\"]\",\"Type\":2,\"Value\":\"Isolate Machines ()\"}],\"Order\":1,\"IsDefaultBranch\":false,\"Name\":\"Branch\"},{\"LogicalOperator\":0,\"Conditions\":[],\"Order\":2,\"IsDefaultBranch\":true,\"Name\":\"Branch\"}]"},{"ParentStepIdentifier":"6828e67b-5686-475b-8d49-3067f01fa5a0","ParentWorkflowIdentifier":"121db1c6-50a3-4ee5-998e-a3109036158b","Name":"ErrorFallbackBranch","Value":null},{"ParentStepIdentifier":"6828e67b-5686-475b-8d49-3067f01fa5a0","ParentWorkflowIdentifier":"121db1c6-50a3-4ee5-998e-a3109036158b","Name":"HasApprovalLink","Value":null},{"ParentStepIdentifier":"6828e67b-5686-475b-8d49-3067f01fa5a0","ParentWorkflowIdentifier":"121db1c6-50a3-4ee5-998e-a3109036158b","Name":"MessageToAssignee","Value":null},{"ParentStepIdentifier":"6828e67b-5686-475b-8d49-3067f01fa5a0","ParentWorkflowIdentifier":"121db1c6-50a3-4ee5-998e-a3109036158b","Name":"PendingActionTimeout","Value":null},{"ParentStepIdentifier":"6828e67b-5686-475b-8d49-3067f01fa5a0","ParentWorkflowIdentifier":"121db1c6-50a3-4ee5-998e-a3109036158b","Name":"SelectedScopeName","Value":"All entities"}],"AutoSkipOnFailure":false,"IsDebugMockData":false,"StepDebugData":null},{"Identifier":"6eca1d64-f71c-4562-9aa6-d9df51da4b38","OriginalStepIdentifier":"edc52f12-ebc0-4813-9324-54ac118b9ce2","ParentWorkflowIdentifier":"121db1c6-50a3-4ee5-998e-a3109036158b","ParentStepIdentifiers":["c865b825-4e95-47ff-8cda-b52d4a8d0e87"],"ParentStepIdentifier":"c865b825-4e95-47ff-8cda-b52d4a8d0e87","PreviousResultCondition":"{\"c865b825-4e95-47ff-8cda-b52d4a8d0e87\":\"1\"}","InstanceName":"Output_4","IsAutomatic":true,"Name":"Output","IsSkippable":false,"Description":"","ActionProvider":"Flow","ActionName":"OutputAction","Type":6,"Integration":"Flow","Parameters":[{"ParentStepIdentifier":"6eca1d64-f71c-4562-9aa6-d9df51da4b38","ParentWorkflowIdentifier":"121db1c6-50a3-4ee5-998e-a3109036158b","Name":"NestedWorkflowOutput","Value":"[Isolate Machine Option.JsonResult| \"input_string\"],[Delete File Option.JsonResult| \"input_string\"],No Remediation"}],"AutoSkipOnFailure":false,"IsDebugMockData":false,"StepDebugData":null},{"Identifier":"78bf80df-a4b4-42f9-922f-e1916635296a","OriginalStepIdentifier":"070edfc6-5c74-4809-8b4e-50203d873a32","ParentWorkflowIdentifier":"121db1c6-50a3-4ee5-998e-a3109036158b","ParentStepIdentifiers":["f2a7fd98-9090-4307-bfdb-161596139f31"],"ParentStepIdentifier":"f2a7fd98-9090-4307-bfdb-161596139f31","PreviousResultCondition":"{}","InstanceName":"Isolate Machine Option","IsAutomatic":true,"Name":"Tools_Spell Check String","IsSkippable":false,"Description":"The Spell Check String action will check the spelling of an input string.  It will output the percent accurate, total words, amount of misspelled words, list of each misspelled word and the correction, and a corrected version of the input string.","ActionProvider":"Scripts","ActionName":"Tools_Spell Check String","Type":0,"Integration":"Tools","Parameters":[{"ParentStepIdentifier":"78bf80df-a4b4-42f9-922f-e1916635296a","ParentWorkflowIdentifier":"121db1c6-50a3-4ee5-998e-a3109036158b","Name":"AssignedUsers","Value":null},{"ParentStepIdentifier":"78bf80df-a4b4-42f9-922f-e1916635296a","ParentWorkflowIdentifier":"121db1c6-50a3-4ee5-998e-a3109036158b","Name":"AsyncActionTimeout","Value":"86400"},{"ParentStepIdentifier":"78bf80df-a4b4-42f9-922f-e1916635296a","ParentWorkflowIdentifier":"121db1c6-50a3-4ee5-998e-a3109036158b","Name":"AsyncPollingInterval","Value":"30"},{"ParentStepIdentifier":"78bf80df-a4b4-42f9-922f-e1916635296a","ParentWorkflowIdentifier":"121db1c6-50a3-4ee5-998e-a3109036158b","Name":"FallbackIntegrationInstance","Value":null},{"ParentStepIdentifier":"78bf80df-a4b4-42f9-922f-e1916635296a","ParentWorkflowIdentifier":"121db1c6-50a3-4ee5-998e-a3109036158b","Name":"HasApprovalLink","Value":null},{"ParentStepIdentifier":"78bf80df-a4b4-42f9-922f-e1916635296a","ParentWorkflowIdentifier":"121db1c6-50a3-4ee5-998e-a3109036158b","Name":"IntegrationInstance","Value":"2e787919-e84d-4616-9029-2cf1a5b8cbb3"},{"ParentStepIdentifier":"78bf80df-a4b4-42f9-922f-e1916635296a","ParentWorkflowIdentifier":"121db1c6-50a3-4ee5-998e-a3109036158b","Name":"MessageToAssignee","Value":null},{"ParentStepIdentifier":"78bf80df-a4b4-42f9-922f-e1916635296a","ParentWorkflowIdentifier":"121db1c6-50a3-4ee5-998e-a3109036158b","Name":"PendingActionTimeout","Value":null},{"ParentStepIdentifier":"78bf80df-a4b4-42f9-922f-e1916635296a","ParentWorkflowIdentifier":"121db1c6-50a3-4ee5-998e-a3109036158b","Name":"ScriptName","Value":"Tools_Spell Check String"},{"ParentStepIdentifier":"78bf80df-a4b4-42f9-922f-e1916635296a","ParentWorkflowIdentifier":"121db1c6-50a3-4ee5-998e-a3109036158b","Name":"ScriptParametersEntityFields","Value":"{\"String\":\"Isolate Machines ([Functions_String Functions_3.ScriptResult])\"}"},{"ParentStepIdentifier":"78bf80df-a4b4-42f9-922f-e1916635296a","ParentWorkflowIdentifier":"121db1c6-50a3-4ee5-998e-a3109036158b","Name":"SelectedScopeName","Value":"All hostnames"}],"AutoSkipOnFailure":false,"IsDebugMockData":false,"StepDebugData":null},{"Identifier":"9bd9710c-e084-44db-9f2a-a4d8e0d3f63b","OriginalStepIdentifier":"0bbeca2e-a048-49e7-880b-e28841da8d20","ParentWorkflowIdentifier":"121db1c6-50a3-4ee5-998e-a3109036158b","ParentStepIdentifiers":["2b6b527e-a9d8-4f7c-badf-370271f5f851"],"ParentStepIdentifier":"2b6b527e-a9d8-4f7c-badf-370271f5f851","PreviousResultCondition":"{\"2b6b527e-a9d8-4f7c-badf-370271f5f851\":\"1\"}","InstanceName":"Output_1","IsAutomatic":true,"Name":"Output","IsSkippable":false,"Description":"","ActionProvider":"Flow","ActionName":"OutputAction","Type":6,"Integration":"Flow","Parameters":[{"ParentStepIdentifier":"9bd9710c-e084-44db-9f2a-a4d8e0d3f63b","ParentWorkflowIdentifier":"121db1c6-50a3-4ee5-998e-a3109036158b","Name":"NestedWorkflowOutput","Value":"[Isolate Machine Option.JsonResult| \"input_string\"],[Delete File Option.JsonResult| \"input_string\"],[Crowdstrike Kill Process Option .JsonResult| \"input_string\"],No Remediation"}],"AutoSkipOnFailure":false,"IsDebugMockData":false,"StepDebugData":null},{"Identifier":"ab88bf69-16fe-4b19-9ddb-05a87a900e47","OriginalStepIdentifier":"b1eca827-8960-4e05-a09f-6a149f5d225a","ParentWorkflowIdentifier":"121db1c6-50a3-4ee5-998e-a3109036158b","ParentStepIdentifiers":["d9968d72-72a6-4758-b815-821150bc545f"],"ParentStepIdentifier":"d9968d72-72a6-4758-b815-821150bc545f","PreviousResultCondition":"{}","InstanceName":"SET DELETE FILES","IsAutomatic":true,"Name":"Tools_Set Context Value","IsSkippable":false,"Description":"The action sets a key and value in a specific context (alert or case)","ActionProvider":"Scripts","ActionName":"Tools_Set Context Value","Type":0,"Integration":"Tools","Parameters":[{"ParentStepIdentifier":"ab88bf69-16fe-4b19-9ddb-05a87a900e47","ParentWorkflowIdentifier":"121db1c6-50a3-4ee5-998e-a3109036158b","Name":"AssignedUsers","Value":null},{"ParentStepIdentifier":"ab88bf69-16fe-4b19-9ddb-05a87a900e47","ParentWorkflowIdentifier":"121db1c6-50a3-4ee5-998e-a3109036158b","Name":"AsyncActionTimeout","Value":"86400"},{"ParentStepIdentifier":"ab88bf69-16fe-4b19-9ddb-05a87a900e47","ParentWorkflowIdentifier":"121db1c6-50a3-4ee5-998e-a3109036158b","Name":"AsyncPollingInterval","Value":"3600"},{"ParentStepIdentifier":"ab88bf69-16fe-4b19-9ddb-05a87a900e47","ParentWorkflowIdentifier":"121db1c6-50a3-4ee5-998e-a3109036158b","Name":"FallbackIntegrationInstance","Value":null},{"ParentStepIdentifier":"ab88bf69-16fe-4b19-9ddb-05a87a900e47","ParentWorkflowIdentifier":"121db1c6-50a3-4ee5-998e-a3109036158b","Name":"HasApprovalLink","Value":null},{"ParentStepIdentifier":"ab88bf69-16fe-4b19-9ddb-05a87a900e47","ParentWorkflowIdentifier":"121db1c6-50a3-4ee5-998e-a3109036158b","Name":"IntegrationInstance","Value":"2e787919-e84d-4616-9029-2cf1a5b8cbb3"},{"ParentStepIdentifier":"ab88bf69-16fe-4b19-9ddb-05a87a900e47","ParentWorkflowIdentifier":"121db1c6-50a3-4ee5-998e-a3109036158b","Name":"MessageToAssignee","Value":null},{"ParentStepIdentifier":"ab88bf69-16fe-4b19-9ddb-05a87a900e47","ParentWorkflowIdentifier":"121db1c6-50a3-4ee5-998e-a3109036158b","Name":"PendingActionTimeout","Value":null},{"ParentStepIdentifier":"ab88bf69-16fe-4b19-9ddb-05a87a900e47","ParentWorkflowIdentifier":"121db1c6-50a3-4ee5-998e-a3109036158b","Name":"ScriptName","Value":"Tools_Set Context Value"},{"ParentStepIdentifier":"ab88bf69-16fe-4b19-9ddb-05a87a900e47","ParentWorkflowIdentifier":"121db1c6-50a3-4ee5-998e-a3109036158b","Name":"ScriptParametersEntityFields","Value":"{\"Value\":\"[Delete File Option.JsonResult| \\\"input_string\\\"]\",\"Key\":\"CROWDSTRIKE_DELETE_FILES\",\"Scope\":\"Alert\"}"},{"ParentStepIdentifier":"ab88bf69-16fe-4b19-9ddb-05a87a900e47","ParentWorkflowIdentifier":"121db1c6-50a3-4ee5-998e-a3109036158b","Name":"SelectedScopeName","Value":"All entities"}],"AutoSkipOnFailure":false,"IsDebugMockData":false,"StepDebugData":null},{"Identifier":"b34d1e2e-8eaa-4886-8c2b-ab6a83ef2bea","OriginalStepIdentifier":"2e5b1007-7a5e-458f-95a3-2292723aedd2","ParentWorkflowIdentifier":"121db1c6-50a3-4ee5-998e-a3109036158b","ParentStepIdentifiers":["c9e93d83-7bb5-4342-a65e-dbed3aee0c3d","ab88bf69-16fe-4b19-9ddb-05a87a900e47"],"ParentStepIdentifier":"c9e93d83-7bb5-4342-a65e-dbed3aee0c3d;ab88bf69-16fe-4b19-9ddb-05a87a900e47","PreviousResultCondition":"{\"c9e93d83-7bb5-4342-a65e-dbed3aee0c3d\":\"2\"}","InstanceName":"Check if any processes are in the scope of the alert?","IsAutomatic":true,"Name":"Condition","IsSkippable":false,"Description":"This condition determines the progress of the playbook. Conditions are built based on cases data (cases, alerts, vents, entities and environment properties) as-well as data that comes back from previous playbook steps.","ActionProvider":"Flow","ActionName":"IfFlowCondition","Type":4,"Integration":"Flow","Parameters":[{"ParentStepIdentifier":"b34d1e2e-8eaa-4886-8c2b-ab6a83ef2bea","ParentWorkflowIdentifier":"121db1c6-50a3-4ee5-998e-a3109036158b","Name":"AssignedUsers","Value":null},{"ParentStepIdentifier":"b34d1e2e-8eaa-4886-8c2b-ab6a83ef2bea","ParentWorkflowIdentifier":"121db1c6-50a3-4ee5-998e-a3109036158b","Name":"Branches","Value":"[{\"LogicalOperator\":1,\"Conditions\":[{\"Operator\":8,\"FieldName\":\"[Event.event_principal_process_pid]\",\"Type\":2,\"Value\":\"\"}],\"Order\":1,\"IsDefaultBranch\":false,\"Name\":\"Branch\"},{\"LogicalOperator\":0,\"Conditions\":[],\"Order\":2,\"IsDefaultBranch\":true,\"Name\":\"Branch\"}]"},{"ParentStepIdentifier":"b34d1e2e-8eaa-4886-8c2b-ab6a83ef2bea","ParentWorkflowIdentifier":"121db1c6-50a3-4ee5-998e-a3109036158b","Name":"ErrorFallbackBranch","Value":null},{"ParentStepIdentifier":"b34d1e2e-8eaa-4886-8c2b-ab6a83ef2bea","ParentWorkflowIdentifier":"121db1c6-50a3-4ee5-998e-a3109036158b","Name":"HasApprovalLink","Value":null},{"ParentStepIdentifier":"b34d1e2e-8eaa-4886-8c2b-ab6a83ef2bea","ParentWorkflowIdentifier":"121db1c6-50a3-4ee5-998e-a3109036158b","Name":"MessageToAssignee","Value":null},{"ParentStepIdentifier":"b34d1e2e-8eaa-4886-8c2b-ab6a83ef2bea","ParentWorkflowIdentifier":"121db1c6-50a3-4ee5-998e-a3109036158b","Name":"PendingActionTimeout","Value":null},{"ParentStepIdentifier":"b34d1e2e-8eaa-4886-8c2b-ab6a83ef2bea","ParentWorkflowIdentifier":"121db1c6-50a3-4ee5-998e-a3109036158b","Name":"SelectedScopeName","Value":"All entities"}],"AutoSkipOnFailure":false,"IsDebugMockData":false,"StepDebugData":null},{"Identifier":"c43490a5-99f6-4b77-9bcc-96834cc949a4","OriginalStepIdentifier":"cfce21b8-126b-4b82-83a9-9a03eef2d915","ParentWorkflowIdentifier":"121db1c6-50a3-4ee5-998e-a3109036158b","ParentStepIdentifiers":["6406a9c0-3570-4135-b3c1-54c848fbfcbf"],"ParentStepIdentifier":"6406a9c0-3570-4135-b3c1-54c848fbfcbf","PreviousResultCondition":"{}","InstanceName":"Crowdstrike Kill Process Option ","IsAutomatic":true,"Name":"Tools_Spell Check String","IsSkippable":false,"Description":"The Spell Check String action will check the spelling of an input string.  It will output the percent accurate, total words, amount of misspelled words, list of each misspelled word and the correction, and a corrected version of the input string.","ActionProvider":"Scripts","ActionName":"Tools_Spell Check String","Type":0,"Integration":"Tools","Parameters":[{"ParentStepIdentifier":"c43490a5-99f6-4b77-9bcc-96834cc949a4","ParentWorkflowIdentifier":"121db1c6-50a3-4ee5-998e-a3109036158b","Name":"AssignedUsers","Value":null},{"ParentStepIdentifier":"c43490a5-99f6-4b77-9bcc-96834cc949a4","ParentWorkflowIdentifier":"121db1c6-50a3-4ee5-998e-a3109036158b","Name":"AsyncActionTimeout","Value":"86400"},{"ParentStepIdentifier":"c43490a5-99f6-4b77-9bcc-96834cc949a4","ParentWorkflowIdentifier":"121db1c6-50a3-4ee5-998e-a3109036158b","Name":"AsyncPollingInterval","Value":"30"},{"ParentStepIdentifier":"c43490a5-99f6-4b77-9bcc-96834cc949a4","ParentWorkflowIdentifier":"121db1c6-50a3-4ee5-998e-a3109036158b","Name":"FallbackIntegrationInstance","Value":null},{"ParentStepIdentifier":"c43490a5-99f6-4b77-9bcc-96834cc949a4","ParentWorkflowIdentifier":"121db1c6-50a3-4ee5-998e-a3109036158b","Name":"HasApprovalLink","Value":null},{"ParentStepIdentifier":"c43490a5-99f6-4b77-9bcc-96834cc949a4","ParentWorkflowIdentifier":"121db1c6-50a3-4ee5-998e-a3109036158b","Name":"IntegrationInstance","Value":"2e787919-e84d-4616-9029-2cf1a5b8cbb3"},{"ParentStepIdentifier":"c43490a5-99f6-4b77-9bcc-96834cc949a4","ParentWorkflowIdentifier":"121db1c6-50a3-4ee5-998e-a3109036158b","Name":"MessageToAssignee","Value":null},{"ParentStepIdentifier":"c43490a5-99f6-4b77-9bcc-96834cc949a4","ParentWorkflowIdentifier":"121db1c6-50a3-4ee5-998e-a3109036158b","Name":"PendingActionTimeout","Value":null},{"ParentStepIdentifier":"c43490a5-99f6-4b77-9bcc-96834cc949a4","ParentWorkflowIdentifier":"121db1c6-50a3-4ee5-998e-a3109036158b","Name":"ScriptName","Value":"Tools_Spell Check String"},{"ParentStepIdentifier":"c43490a5-99f6-4b77-9bcc-96834cc949a4","ParentWorkflowIdentifier":"121db1c6-50a3-4ee5-998e-a3109036158b","Name":"ScriptParametersEntityFields","Value":"{\"String\":\"Kill Processes ([Functions_String Functions_2.JsonResult | last(1)])\"}"},{"ParentStepIdentifier":"c43490a5-99f6-4b77-9bcc-96834cc949a4","ParentWorkflowIdentifier":"121db1c6-50a3-4ee5-998e-a3109036158b","Name":"SelectedScopeName","Value":"All entities"}],"AutoSkipOnFailure":false,"IsDebugMockData":false,"StepDebugData":null},{"Identifier":"c5e1953b-adcb-4a44-b244-da9b83b5807a","OriginalStepIdentifier":"fe4beaf0-425a-4ec7-b8cf-9c8bd25ed9a4","ParentWorkflowIdentifier":"121db1c6-50a3-4ee5-998e-a3109036158b","ParentStepIdentifiers":["c43490a5-99f6-4b77-9bcc-96834cc949a4"],"ParentStepIdentifier":"c43490a5-99f6-4b77-9bcc-96834cc949a4","PreviousResultCondition":"{}","InstanceName":"SET KILL PROCESS","IsAutomatic":true,"Name":"Tools_Set Context Value","IsSkippable":false,"Description":"The action sets a key and value in a specific context (alert or case)","ActionProvider":"Scripts","ActionName":"Tools_Set Context Value","Type":0,"Integration":"Tools","Parameters":[{"ParentStepIdentifier":"c5e1953b-adcb-4a44-b244-da9b83b5807a","ParentWorkflowIdentifier":"121db1c6-50a3-4ee5-998e-a3109036158b","Name":"AssignedUsers","Value":null},{"ParentStepIdentifier":"c5e1953b-adcb-4a44-b244-da9b83b5807a","ParentWorkflowIdentifier":"121db1c6-50a3-4ee5-998e-a3109036158b","Name":"AsyncActionTimeout","Value":"86400"},{"ParentStepIdentifier":"c5e1953b-adcb-4a44-b244-da9b83b5807a","ParentWorkflowIdentifier":"121db1c6-50a3-4ee5-998e-a3109036158b","Name":"AsyncPollingInterval","Value":"3600"},{"ParentStepIdentifier":"c5e1953b-adcb-4a44-b244-da9b83b5807a","ParentWorkflowIdentifier":"121db1c6-50a3-4ee5-998e-a3109036158b","Name":"FallbackIntegrationInstance","Value":null},{"ParentStepIdentifier":"c5e1953b-adcb-4a44-b244-da9b83b5807a","ParentWorkflowIdentifier":"121db1c6-50a3-4ee5-998e-a3109036158b","Name":"HasApprovalLink","Value":null},{"ParentStepIdentifier":"c5e1953b-adcb-4a44-b244-da9b83b5807a","ParentWorkflowIdentifier":"121db1c6-50a3-4ee5-998e-a3109036158b","Name":"IntegrationInstance","Value":"2e787919-e84d-4616-9029-2cf1a5b8cbb3"},{"ParentStepIdentifier":"c5e1953b-adcb-4a44-b244-da9b83b5807a","ParentWorkflowIdentifier":"121db1c6-50a3-4ee5-998e-a3109036158b","Name":"MessageToAssignee","Value":null},{"ParentStepIdentifier":"c5e1953b-adcb-4a44-b244-da9b83b5807a","ParentWorkflowIdentifier":"121db1c6-50a3-4ee5-998e-a3109036158b","Name":"PendingActionTimeout","Value":null},{"ParentStepIdentifier":"c5e1953b-adcb-4a44-b244-da9b83b5807a","ParentWorkflowIdentifier":"121db1c6-50a3-4ee5-998e-a3109036158b","Name":"ScriptName","Value":"Tools_Set Context Value"},{"ParentStepIdentifier":"c5e1953b-adcb-4a44-b244-da9b83b5807a","ParentWorkflowIdentifier":"121db1c6-50a3-4ee5-998e-a3109036158b","Name":"ScriptParametersEntityFields","Value":"{\"Value\":\"[Crowdstrike Kill Process Option .JsonResult| \\\"input_string\\\"]\",\"Key\":\"CROWDSTRIKE_KILL_PROCESS\",\"Scope\":\"Alert\"}"},{"ParentStepIdentifier":"c5e1953b-adcb-4a44-b244-da9b83b5807a","ParentWorkflowIdentifier":"121db1c6-50a3-4ee5-998e-a3109036158b","Name":"SelectedScopeName","Value":"All entities"}],"AutoSkipOnFailure":false,"IsDebugMockData":false,"StepDebugData":null},{"Identifier":"c865b825-4e95-47ff-8cda-b52d4a8d0e87","OriginalStepIdentifier":"a6f07990-f063-4a02-9630-6cad7a713a8a","ParentWorkflowIdentifier":"121db1c6-50a3-4ee5-998e-a3109036158b","ParentStepIdentifiers":["b34d1e2e-8eaa-4886-8c2b-ab6a83ef2bea"],"ParentStepIdentifier":"b34d1e2e-8eaa-4886-8c2b-ab6a83ef2bea","PreviousResultCondition":"{\"b34d1e2e-8eaa-4886-8c2b-ab6a83ef2bea\":\"2\"}","InstanceName":"Condition_3","IsAutomatic":true,"Name":"Condition","IsSkippable":false,"Description":"This condition determines the progress of the playbook. Conditions are built based on cases data (cases, alerts, vents, entities and environment properties) as-well as data that comes back from previous playbook steps.","ActionProvider":"Flow","ActionName":"IfFlowCondition","Type":4,"Integration":"Flow","Parameters":[{"ParentStepIdentifier":"c865b825-4e95-47ff-8cda-b52d4a8d0e87","ParentWorkflowIdentifier":"121db1c6-50a3-4ee5-998e-a3109036158b","Name":"AssignedUsers","Value":null},{"ParentStepIdentifier":"c865b825-4e95-47ff-8cda-b52d4a8d0e87","ParentWorkflowIdentifier":"121db1c6-50a3-4ee5-998e-a3109036158b","Name":"Branches","Value":"[{\"LogicalOperator\":0,\"Conditions\":[{\"Operator\":8,\"FieldName\":\"[Event.event_principal_file_fullPath]\",\"Type\":2,\"Value\":\"\"}],\"Order\":1,\"IsDefaultBranch\":false,\"Name\":\"Branch\"},{\"LogicalOperator\":0,\"Conditions\":[],\"Order\":2,\"IsDefaultBranch\":true,\"Name\":\"Branch\"}]"},{"ParentStepIdentifier":"c865b825-4e95-47ff-8cda-b52d4a8d0e87","ParentWorkflowIdentifier":"121db1c6-50a3-4ee5-998e-a3109036158b","Name":"ErrorFallbackBranch","Value":null},{"ParentStepIdentifier":"c865b825-4e95-47ff-8cda-b52d4a8d0e87","ParentWorkflowIdentifier":"121db1c6-50a3-4ee5-998e-a3109036158b","Name":"HasApprovalLink","Value":null},{"ParentStepIdentifier":"c865b825-4e95-47ff-8cda-b52d4a8d0e87","ParentWorkflowIdentifier":"121db1c6-50a3-4ee5-998e-a3109036158b","Name":"MessageToAssignee","Value":null},{"ParentStepIdentifier":"c865b825-4e95-47ff-8cda-b52d4a8d0e87","ParentWorkflowIdentifier":"121db1c6-50a3-4ee5-998e-a3109036158b","Name":"PendingActionTimeout","Value":null},{"ParentStepIdentifier":"c865b825-4e95-47ff-8cda-b52d4a8d0e87","ParentWorkflowIdentifier":"121db1c6-50a3-4ee5-998e-a3109036158b","Name":"SelectedScopeName","Value":"All entities"}],"AutoSkipOnFailure":false,"IsDebugMockData":false,"StepDebugData":null},{"Identifier":"c9e93d83-7bb5-4342-a65e-dbed3aee0c3d","OriginalStepIdentifier":"96e0659e-bf12-45a7-8708-16e579755c0d","ParentWorkflowIdentifier":"121db1c6-50a3-4ee5-998e-a3109036158b","ParentStepIdentifiers":["ee6463d9-d2cd-4305-a566-ab6ed4b95359"],"ParentStepIdentifier":"ee6463d9-d2cd-4305-a566-ab6ed4b95359","PreviousResultCondition":"{\"ee6463d9-d2cd-4305-a566-ab6ed4b95359\":\"1\"}","InstanceName":"Check if any files are in the scope of the alert?","IsAutomatic":true,"Name":"Condition","IsSkippable":false,"Description":"This condition determines the progress of the playbook. Conditions are built based on cases data (cases, alerts, vents, entities and environment properties) as-well as data that comes back from previous playbook steps.","ActionProvider":"Flow","ActionName":"IfFlowCondition","Type":4,"Integration":"Flow","Parameters":[{"ParentStepIdentifier":"c9e93d83-7bb5-4342-a65e-dbed3aee0c3d","ParentWorkflowIdentifier":"121db1c6-50a3-4ee5-998e-a3109036158b","Name":"AssignedUsers","Value":null},{"ParentStepIdentifier":"c9e93d83-7bb5-4342-a65e-dbed3aee0c3d","ParentWorkflowIdentifier":"121db1c6-50a3-4ee5-998e-a3109036158b","Name":"Branches","Value":"[{\"LogicalOperator\":1,\"Conditions\":[{\"Operator\":8,\"FieldName\":\"[Event.event_principal_file_fullPath]\",\"Type\":2,\"Value\":\"\"}],\"Order\":1,\"IsDefaultBranch\":false,\"Name\":\"Branch\"},{\"LogicalOperator\":0,\"Conditions\":[],\"Order\":2,\"IsDefaultBranch\":true,\"Name\":\"Branch\"}]"},{"ParentStepIdentifier":"c9e93d83-7bb5-4342-a65e-dbed3aee0c3d","ParentWorkflowIdentifier":"121db1c6-50a3-4ee5-998e-a3109036158b","Name":"ErrorFallbackBranch","Value":null},{"ParentStepIdentifier":"c9e93d83-7bb5-4342-a65e-dbed3aee0c3d","ParentWorkflowIdentifier":"121db1c6-50a3-4ee5-998e-a3109036158b","Name":"HasApprovalLink","Value":null},{"ParentStepIdentifier":"c9e93d83-7bb5-4342-a65e-dbed3aee0c3d","ParentWorkflowIdentifier":"121db1c6-50a3-4ee5-998e-a3109036158b","Name":"MessageToAssignee","Value":null},{"ParentStepIdentifier":"c9e93d83-7bb5-4342-a65e-dbed3aee0c3d","ParentWorkflowIdentifier":"121db1c6-50a3-4ee5-998e-a3109036158b","Name":"PendingActionTimeout","Value":null},{"ParentStepIdentifier":"c9e93d83-7bb5-4342-a65e-dbed3aee0c3d","ParentWorkflowIdentifier":"121db1c6-50a3-4ee5-998e-a3109036158b","Name":"SelectedScopeName","Value":"All entities"}],"AutoSkipOnFailure":false,"IsDebugMockData":false,"StepDebugData":null},{"Identifier":"d450bb52-86c5-49a9-a768-64eb5e61a2e5","OriginalStepIdentifier":"54ca0405-7145-44ca-be9d-330fa3a8e1d0","ParentWorkflowIdentifier":"121db1c6-50a3-4ee5-998e-a3109036158b","ParentStepIdentifiers":["ee6463d9-d2cd-4305-a566-ab6ed4b95359"],"ParentStepIdentifier":"ee6463d9-d2cd-4305-a566-ab6ed4b95359","PreviousResultCondition":"{\"ee6463d9-d2cd-4305-a566-ab6ed4b95359\":\"2\"}","InstanceName":"Output_3","IsAutomatic":true,"Name":"Output","IsSkippable":false,"Description":"","ActionProvider":"Flow","ActionName":"OutputAction","Type":6,"Integration":"Flow","Parameters":[{"ParentStepIdentifier":"d450bb52-86c5-49a9-a768-64eb5e61a2e5","ParentWorkflowIdentifier":"121db1c6-50a3-4ee5-998e-a3109036158b","Name":"NestedWorkflowOutput","Value":"[Isolate Machine Option.JsonResult| \"input_string\"],No Remediation"}],"AutoSkipOnFailure":false,"IsDebugMockData":false,"StepDebugData":null},{"Identifier":"d9968d72-72a6-4758-b815-821150bc545f","OriginalStepIdentifier":"578d9b48-2f36-4d10-a2b8-f29f7d975bd0","ParentWorkflowIdentifier":"121db1c6-50a3-4ee5-998e-a3109036158b","ParentStepIdentifiers":["4ba7f1e4-3295-4ad2-8add-81ecf56d2acc"],"ParentStepIdentifier":"4ba7f1e4-3295-4ad2-8add-81ecf56d2acc","PreviousResultCondition":"{}","InstanceName":"Delete File Option","IsAutomatic":true,"Name":"Tools_Spell Check String","IsSkippable":false,"Description":"The Spell Check String action will check the spelling of an input string.  It will output the percent accurate, total words, amount of misspelled words, list of each misspelled word and the correction, and a corrected version of the input string.","ActionProvider":"Scripts","ActionName":"Tools_Spell Check String","Type":0,"Integration":"Tools","Parameters":[{"ParentStepIdentifier":"d9968d72-72a6-4758-b815-821150bc545f","ParentWorkflowIdentifier":"121db1c6-50a3-4ee5-998e-a3109036158b","Name":"AssignedUsers","Value":null},{"ParentStepIdentifier":"d9968d72-72a6-4758-b815-821150bc545f","ParentWorkflowIdentifier":"121db1c6-50a3-4ee5-998e-a3109036158b","Name":"AsyncActionTimeout","Value":"86400"},{"ParentStepIdentifier":"d9968d72-72a6-4758-b815-821150bc545f","ParentWorkflowIdentifier":"121db1c6-50a3-4ee5-998e-a3109036158b","Name":"AsyncPollingInterval","Value":"30"},{"ParentStepIdentifier":"d9968d72-72a6-4758-b815-821150bc545f","ParentWorkflowIdentifier":"121db1c6-50a3-4ee5-998e-a3109036158b","Name":"FallbackIntegrationInstance","Value":null},{"ParentStepIdentifier":"d9968d72-72a6-4758-b815-821150bc545f","ParentWorkflowIdentifier":"121db1c6-50a3-4ee5-998e-a3109036158b","Name":"HasApprovalLink","Value":null},{"ParentStepIdentifier":"d9968d72-72a6-4758-b815-821150bc545f","ParentWorkflowIdentifier":"121db1c6-50a3-4ee5-998e-a3109036158b","Name":"IntegrationInstance","Value":"2e787919-e84d-4616-9029-2cf1a5b8cbb3"},{"ParentStepIdentifier":"d9968d72-72a6-4758-b815-821150bc545f","ParentWorkflowIdentifier":"121db1c6-50a3-4ee5-998e-a3109036158b","Name":"MessageToAssignee","Value":null},{"ParentStepIdentifier":"d9968d72-72a6-4758-b815-821150bc545f","ParentWorkflowIdentifier":"121db1c6-50a3-4ee5-998e-a3109036158b","Name":"PendingActionTimeout","Value":null},{"ParentStepIdentifier":"d9968d72-72a6-4758-b815-821150bc545f","ParentWorkflowIdentifier":"121db1c6-50a3-4ee5-998e-a3109036158b","Name":"ScriptName","Value":"Tools_Spell Check String"},{"ParentStepIdentifier":"d9968d72-72a6-4758-b815-821150bc545f","ParentWorkflowIdentifier":"121db1c6-50a3-4ee5-998e-a3109036158b","Name":"ScriptParametersEntityFields","Value":"{\"String\":\"Delete Files ([Functions_String Functions_1.JsonResult | last(1)])\"}"},{"ParentStepIdentifier":"d9968d72-72a6-4758-b815-821150bc545f","ParentWorkflowIdentifier":"121db1c6-50a3-4ee5-998e-a3109036158b","Name":"SelectedScopeName","Value":"All entities"}],"AutoSkipOnFailure":false,"IsDebugMockData":false,"StepDebugData":null},{"Identifier":"ee6463d9-d2cd-4305-a566-ab6ed4b95359","OriginalStepIdentifier":"9b069131-2846-427b-a5bb-3d8d7fd3dafa","ParentWorkflowIdentifier":"121db1c6-50a3-4ee5-998e-a3109036158b","ParentStepIdentifiers":["6828e67b-5686-475b-8d49-3067f01fa5a0"],"ParentStepIdentifier":"6828e67b-5686-475b-8d49-3067f01fa5a0","PreviousResultCondition":"{\"6828e67b-5686-475b-8d49-3067f01fa5a0\":\"1\"}","InstanceName":"Product","IsAutomatic":true,"Name":"Condition","IsSkippable":false,"Description":"This condition determines the progress of the playbook. Conditions are built based on cases data (cases, alerts, vents, entities and environment properties) as-well as data that comes back from previous playbook steps.","ActionProvider":"Flow","ActionName":"IfFlowCondition","Type":4,"Integration":"Flow","Parameters":[{"ParentStepIdentifier":"ee6463d9-d2cd-4305-a566-ab6ed4b95359","ParentWorkflowIdentifier":"121db1c6-50a3-4ee5-998e-a3109036158b","Name":"AssignedUsers","Value":null},{"ParentStepIdentifier":"ee6463d9-d2cd-4305-a566-ab6ed4b95359","ParentWorkflowIdentifier":"121db1c6-50a3-4ee5-998e-a3109036158b","Name":"Branches","Value":"[{\"LogicalOperator\":0,\"Conditions\":[{\"Operator\":0,\"FieldName\":\"[GET EDR Product.ScriptResult]\",\"Type\":2,\"Value\":\"Crowdstrike\"}],\"Order\":1,\"IsDefaultBranch\":false,\"Name\":\"Branch\"},{\"LogicalOperator\":0,\"Conditions\":[],\"Order\":3,\"IsDefaultBranch\":true,\"Name\":\"Branch\"},{\"LogicalOperator\":0,\"Conditions\":[{\"Operator\":0,\"FieldName\":\"[GET EDR Product.ScriptResult]\",\"Type\":2,\"Value\":\"Carbon Black\"}],\"Order\":2,\"IsDefaultBranch\":false,\"Name\":\"Branch\"}]"},{"ParentStepIdentifier":"ee6463d9-d2cd-4305-a566-ab6ed4b95359","ParentWorkflowIdentifier":"121db1c6-50a3-4ee5-998e-a3109036158b","Name":"ErrorFallbackBranch","Value":null},{"ParentStepIdentifier":"ee6463d9-d2cd-4305-a566-ab6ed4b95359","ParentWorkflowIdentifier":"121db1c6-50a3-4ee5-998e-a3109036158b","Name":"HasApprovalLink","Value":null},{"ParentStepIdentifier":"ee6463d9-d2cd-4305-a566-ab6ed4b95359","ParentWorkflowIdentifier":"121db1c6-50a3-4ee5-998e-a3109036158b","Name":"MessageToAssignee","Value":null},{"ParentStepIdentifier":"ee6463d9-d2cd-4305-a566-ab6ed4b95359","ParentWorkflowIdentifier":"121db1c6-50a3-4ee5-998e-a3109036158b","Name":"PendingActionTimeout","Value":null},{"ParentStepIdentifier":"ee6463d9-d2cd-4305-a566-ab6ed4b95359","ParentWorkflowIdentifier":"121db1c6-50a3-4ee5-998e-a3109036158b","Name":"SelectedScopeName","Value":"All entities"}],"AutoSkipOnFailure":false,"IsDebugMockData":false,"StepDebugData":null},{"Identifier":"f2a7fd98-9090-4307-bfdb-161596139f31","OriginalStepIdentifier":"317bce36-7769-4df4-9962-9a63c17bba90","ParentWorkflowIdentifier":"121db1c6-50a3-4ee5-998e-a3109036158b","ParentStepIdentifiers":["1d918e1e-ad71-4e55-846a-98426887e3b7"],"ParentStepIdentifier":"1d918e1e-ad71-4e55-846a-98426887e3b7","PreviousResultCondition":"{}","InstanceName":"Functions_String Functions_3","IsAutomatic":true,"Name":"Functions_String Functions","IsSkippable":false,"Description":"This action includes basic Pythonic string functions as mentioned below - \nLower - converts a string into lower case.\nUpper - converts a string into upper case.\nCount - returns the number of times a specified value occurs in a string.\nFind - searches the string for a specified value and returns the position of where it was found.\nIsAlpha - returns \"True\" if all characters in the string are in the alphabet.\nIsDigit - returns \"True\" if all characters in the string are digits.\nReplace - returns a string where a specified value is replaced with a specified value.\nStrip - returns a trimmed version of the string.\nTitle - converts the first character of each word to uppercase.\nSplit - Splits the input string into a list using Param 1 as the separator.  Defaults to comma.","ActionProvider":"Scripts","ActionName":"Functions_String Functions","Type":0,"Integration":"Functions","Parameters":[{"ParentStepIdentifier":"f2a7fd98-9090-4307-bfdb-161596139f31","ParentWorkflowIdentifier":"121db1c6-50a3-4ee5-998e-a3109036158b","Name":"AssignedUsers","Value":null},{"ParentStepIdentifier":"f2a7fd98-9090-4307-bfdb-161596139f31","ParentWorkflowIdentifier":"121db1c6-50a3-4ee5-998e-a3109036158b","Name":"AsyncActionTimeout","Value":"86400"},{"ParentStepIdentifier":"f2a7fd98-9090-4307-bfdb-161596139f31","ParentWorkflowIdentifier":"121db1c6-50a3-4ee5-998e-a3109036158b","Name":"AsyncPollingInterval","Value":"3600"},{"ParentStepIdentifier":"f2a7fd98-9090-4307-bfdb-161596139f31","ParentWorkflowIdentifier":"121db1c6-50a3-4ee5-998e-a3109036158b","Name":"FallbackIntegrationInstance","Value":null},{"ParentStepIdentifier":"f2a7fd98-9090-4307-bfdb-161596139f31","ParentWorkflowIdentifier":"121db1c6-50a3-4ee5-998e-a3109036158b","Name":"HasApprovalLink","Value":null},{"ParentStepIdentifier":"f2a7fd98-9090-4307-bfdb-161596139f31","ParentWorkflowIdentifier":"121db1c6-50a3-4ee5-998e-a3109036158b","Name":"IntegrationInstance","Value":"2e96d39b-28a0-4d9c-ac90-4c704183566e"},{"ParentStepIdentifier":"f2a7fd98-9090-4307-bfdb-161596139f31","ParentWorkflowIdentifier":"121db1c6-50a3-4ee5-998e-a3109036158b","Name":"MessageToAssignee","Value":null},{"ParentStepIdentifier":"f2a7fd98-9090-4307-bfdb-161596139f31","ParentWorkflowIdentifier":"121db1c6-50a3-4ee5-998e-a3109036158b","Name":"PendingActionTimeout","Value":null},{"ParentStepIdentifier":"f2a7fd98-9090-4307-bfdb-161596139f31","ParentWorkflowIdentifier":"121db1c6-50a3-4ee5-998e-a3109036158b","Name":"ScriptName","Value":"Functions_String Functions"},{"ParentStepIdentifier":"f2a7fd98-9090-4307-bfdb-161596139f31","ParentWorkflowIdentifier":"121db1c6-50a3-4ee5-998e-a3109036158b","Name":"ScriptParametersEntityFields","Value":"{\"Param 2\":\";\",\"Param 1\":\",\",\"Input\":\"[Entity.Identifier]\",\"Function\":\"Replace\"}"},{"ParentStepIdentifier":"f2a7fd98-9090-4307-bfdb-161596139f31","ParentWorkflowIdentifier":"121db1c6-50a3-4ee5-998e-a3109036158b","Name":"SelectedScopeName","Value":"All hostnames"}],"AutoSkipOnFailure":false,"IsDebugMockData":false,"StepDebugData":null},{"Identifier":"f36da83c-1e9c-4e47-8fd2-38df7db889de","OriginalStepIdentifier":"eaace0ee-4dde-415a-b60a-f610c1a52fae","ParentWorkflowIdentifier":"121db1c6-50a3-4ee5-998e-a3109036158b","ParentStepIdentifiers":["2b6b527e-a9d8-4f7c-badf-370271f5f851"],"ParentStepIdentifier":"2b6b527e-a9d8-4f7c-badf-370271f5f851","PreviousResultCondition":"{\"2b6b527e-a9d8-4f7c-badf-370271f5f851\":\"2\"}","InstanceName":"Output_7","IsAutomatic":true,"Name":"Output","IsSkippable":false,"Description":"","ActionProvider":"Flow","ActionName":"OutputAction","Type":6,"Integration":"Flow","Parameters":[{"ParentStepIdentifier":"f36da83c-1e9c-4e47-8fd2-38df7db889de","ParentWorkflowIdentifier":"121db1c6-50a3-4ee5-998e-a3109036158b","Name":"NestedWorkflowOutput","Value":"[Isolate Machine Option.JsonResult| \"input_string\"],[Crowdstrike Kill Process Option .JsonResult| \"input_string\"],No Remediation"}],"AutoSkipOnFailure":false,"IsDebugMockData":false,"StepDebugData":null}],"Triggers":[{"Identifier":"5d9bd7d9-6e49-4211-8bd9-39188cd7d716","IsEnabled":true,"DefinitionIdentifier":"121db1c6-50a3-4ee5-998e-a3109036158b","Type":11,"WorkflowName":null,"LogicalOperator":0,"Conditions":[],"Environments":["Default Environment"]}],"OverviewTemplates":[],"Permissions":[],"Environments":["Default Environment"]}}