{"CategoryName":"Imported Playbooks","OverviewTemplatesDetails":[],"WidgetTemplates":null,"Definition":{"Identifier":"0603cecd-77d7-421f-8677-73774af1435f","IsEnable":true,"Version":0.0,"IsArchived":false,"IsAutomatic":true,"Name":"Open Ticket","Category":2,"Description":"Opens a ticket in favorable Ticketing system by block input parameter \"Ticketing System\".\nIf \"None\" - no ticket will be opened.\nReturns the relevant ticketing system and ticket identifier, if exists (in a Json format)","Priority":2,"Creator":"25d7f19d-80d3-4b38-971d-b16418374708","VersionCreator":null,"VersionComment":null,"OriginalWorkflowIdentifier":"0603cecd-77d7-421f-8677-73774af1435f","TemplateName":null,"PlaybookType":1,"IsDebugMode":false,"DebugBaseAlertIdentifier":null,"DebugAlertIdentifier":null,"SimulationClone":false,"DefaultAccessLevel":0,"Steps":[{"Identifier":"084e0fd8-d169-4bc8-85d6-98316f4dad07","OriginalStepIdentifier":"669c6f99-e1a9-4098-8f84-2c9a8f5b9ef0","ParentWorkflowIdentifier":"0603cecd-77d7-421f-8677-73774af1435f","ParentStepIdentifiers":["71c71399-2b10-415c-910b-24110e322428"],"ParentStepIdentifier":"71c71399-2b10-415c-910b-24110e322428","PreviousResultCondition":"{\n  \"71c71399-2b10-415c-910b-24110e322428\": \"4\"\n}","InstanceName":"Set ZenDesk ticket priority3","IsAutomatic":true,"Name":"Tools_Set Context Value","IsSkippable":false,"Description":"The action sets a key and value in a specific context (alert or case)","ActionProvider":"Scripts","ActionName":"Tools_Set Context Value","Type":0,"Integration":"Tools","Parameters":[{"ParentStepIdentifier":"084e0fd8-d169-4bc8-85d6-98316f4dad07","ParentWorkflowIdentifier":"0603cecd-77d7-421f-8677-73774af1435f","Name":"AssignedUsers","Value":null},{"ParentStepIdentifier":"084e0fd8-d169-4bc8-85d6-98316f4dad07","ParentWorkflowIdentifier":"0603cecd-77d7-421f-8677-73774af1435f","Name":"AsyncActionTimeout","Value":"86400"},{"ParentStepIdentifier":"084e0fd8-d169-4bc8-85d6-98316f4dad07","ParentWorkflowIdentifier":"0603cecd-77d7-421f-8677-73774af1435f","Name":"AsyncPollingInterval","Value":"3600"},{"ParentStepIdentifier":"084e0fd8-d169-4bc8-85d6-98316f4dad07","ParentWorkflowIdentifier":"0603cecd-77d7-421f-8677-73774af1435f","Name":"FallbackIntegrationInstance","Value":null},{"ParentStepIdentifier":"084e0fd8-d169-4bc8-85d6-98316f4dad07","ParentWorkflowIdentifier":"0603cecd-77d7-421f-8677-73774af1435f","Name":"HasApprovalLink","Value":null},{"ParentStepIdentifier":"084e0fd8-d169-4bc8-85d6-98316f4dad07","ParentWorkflowIdentifier":"0603cecd-77d7-421f-8677-73774af1435f","Name":"IntegrationInstance","Value":"2e787919-e84d-4616-9029-2cf1a5b8cbb3"},{"ParentStepIdentifier":"084e0fd8-d169-4bc8-85d6-98316f4dad07","ParentWorkflowIdentifier":"0603cecd-77d7-421f-8677-73774af1435f","Name":"MessageToAssignee","Value":null},{"ParentStepIdentifier":"084e0fd8-d169-4bc8-85d6-98316f4dad07","ParentWorkflowIdentifier":"0603cecd-77d7-421f-8677-73774af1435f","Name":"PendingActionTimeout","Value":null},{"ParentStepIdentifier":"084e0fd8-d169-4bc8-85d6-98316f4dad07","ParentWorkflowIdentifier":"0603cecd-77d7-421f-8677-73774af1435f","Name":"ScriptName","Value":"Tools_Set Context Value"},{"ParentStepIdentifier":"084e0fd8-d169-4bc8-85d6-98316f4dad07","ParentWorkflowIdentifier":"0603cecd-77d7-421f-8677-73774af1435f","Name":"ScriptParametersEntityFields","Value":"{\"Value\":\"low\",\"Key\":\"ZDticketPriority\",\"Scope\":\"Alert\"}"},{"ParentStepIdentifier":"084e0fd8-d169-4bc8-85d6-98316f4dad07","ParentWorkflowIdentifier":"0603cecd-77d7-421f-8677-73774af1435f","Name":"SelectedScopeName","Value":"All entities"}],"AutoSkipOnFailure":true,"IsDebugMockData":false,"StepDebugData":null},{"Identifier":"0a63c543-9384-40b0-bd35-7fc022c13241","OriginalStepIdentifier":"14682842-84ad-4c0c-abb4-572172f508fb","ParentWorkflowIdentifier":"0603cecd-77d7-421f-8677-73774af1435f","ParentStepIdentifiers":["7ad568c6-d603-45ce-94b4-9b925c793965"],"ParentStepIdentifier":"7ad568c6-d603-45ce-94b4-9b925c793965","PreviousResultCondition":"{}","InstanceName":"Tools_Set Ticket ID_2","IsAutomatic":true,"Name":"Tools_Set Context Value","IsSkippable":false,"Description":"The action sets a key and value in a specific context (alert or case)","ActionProvider":"Scripts","ActionName":"Tools_Set Context Value","Type":0,"Integration":"Tools","Parameters":[{"ParentStepIdentifier":"0a63c543-9384-40b0-bd35-7fc022c13241","ParentWorkflowIdentifier":"0603cecd-77d7-421f-8677-73774af1435f","Name":"AssignedUsers","Value":null},{"ParentStepIdentifier":"0a63c543-9384-40b0-bd35-7fc022c13241","ParentWorkflowIdentifier":"0603cecd-77d7-421f-8677-73774af1435f","Name":"AsyncActionTimeout","Value":"86400"},{"ParentStepIdentifier":"0a63c543-9384-40b0-bd35-7fc022c13241","ParentWorkflowIdentifier":"0603cecd-77d7-421f-8677-73774af1435f","Name":"AsyncPollingInterval","Value":"3600"},{"ParentStepIdentifier":"0a63c543-9384-40b0-bd35-7fc022c13241","ParentWorkflowIdentifier":"0603cecd-77d7-421f-8677-73774af1435f","Name":"FallbackIntegrationInstance","Value":null},{"ParentStepIdentifier":"0a63c543-9384-40b0-bd35-7fc022c13241","ParentWorkflowIdentifier":"0603cecd-77d7-421f-8677-73774af1435f","Name":"HasApprovalLink","Value":null},{"ParentStepIdentifier":"0a63c543-9384-40b0-bd35-7fc022c13241","ParentWorkflowIdentifier":"0603cecd-77d7-421f-8677-73774af1435f","Name":"IntegrationInstance","Value":"2e787919-e84d-4616-9029-2cf1a5b8cbb3"},{"ParentStepIdentifier":"0a63c543-9384-40b0-bd35-7fc022c13241","ParentWorkflowIdentifier":"0603cecd-77d7-421f-8677-73774af1435f","Name":"MessageToAssignee","Value":null},{"ParentStepIdentifier":"0a63c543-9384-40b0-bd35-7fc022c13241","ParentWorkflowIdentifier":"0603cecd-77d7-421f-8677-73774af1435f","Name":"PendingActionTimeout","Value":null},{"ParentStepIdentifier":"0a63c543-9384-40b0-bd35-7fc022c13241","ParentWorkflowIdentifier":"0603cecd-77d7-421f-8677-73774af1435f","Name":"ScriptName","Value":"Tools_Set Context Value"},{"ParentStepIdentifier":"0a63c543-9384-40b0-bd35-7fc022c13241","ParentWorkflowIdentifier":"0603cecd-77d7-421f-8677-73774af1435f","Name":"ScriptParametersEntityFields","Value":"{\"Value\":\"[Zendesk_Create Ticket.ticket_id]\",\"Key\":\"TicketID\",\"Scope\":\"Alert\"}"},{"ParentStepIdentifier":"0a63c543-9384-40b0-bd35-7fc022c13241","ParentWorkflowIdentifier":"0603cecd-77d7-421f-8677-73774af1435f","Name":"SelectedScopeName","Value":"All entities"}],"AutoSkipOnFailure":true,"IsDebugMockData":false,"StepDebugData":null},{"Identifier":"0fca97d1-d75f-429f-a487-3fb7eeb0548c","OriginalStepIdentifier":"6b3c4559-3378-47f4-98d2-f8b210483e8c","ParentWorkflowIdentifier":"0603cecd-77d7-421f-8677-73774af1435f","ParentStepIdentifiers":["98d9d1b1-07fb-4a18-98c5-65222224940d"],"ParentStepIdentifier":"98d9d1b1-07fb-4a18-98c5-65222224940d","PreviousResultCondition":"{}","InstanceName":"Tools_Set Ticket ID_1","IsAutomatic":true,"Name":"Tools_Set Context Value","IsSkippable":false,"Description":"The action sets a key and value in a specific context (alert or case)","ActionProvider":"Scripts","ActionName":"Tools_Set Context Value","Type":0,"Integration":"Tools","Parameters":[{"ParentStepIdentifier":"0fca97d1-d75f-429f-a487-3fb7eeb0548c","ParentWorkflowIdentifier":"0603cecd-77d7-421f-8677-73774af1435f","Name":"AssignedUsers","Value":null},{"ParentStepIdentifier":"0fca97d1-d75f-429f-a487-3fb7eeb0548c","ParentWorkflowIdentifier":"0603cecd-77d7-421f-8677-73774af1435f","Name":"AsyncActionTimeout","Value":"86400"},{"ParentStepIdentifier":"0fca97d1-d75f-429f-a487-3fb7eeb0548c","ParentWorkflowIdentifier":"0603cecd-77d7-421f-8677-73774af1435f","Name":"AsyncPollingInterval","Value":"3600"},{"ParentStepIdentifier":"0fca97d1-d75f-429f-a487-3fb7eeb0548c","ParentWorkflowIdentifier":"0603cecd-77d7-421f-8677-73774af1435f","Name":"FallbackIntegrationInstance","Value":null},{"ParentStepIdentifier":"0fca97d1-d75f-429f-a487-3fb7eeb0548c","ParentWorkflowIdentifier":"0603cecd-77d7-421f-8677-73774af1435f","Name":"HasApprovalLink","Value":null},{"ParentStepIdentifier":"0fca97d1-d75f-429f-a487-3fb7eeb0548c","ParentWorkflowIdentifier":"0603cecd-77d7-421f-8677-73774af1435f","Name":"IntegrationInstance","Value":"2e787919-e84d-4616-9029-2cf1a5b8cbb3"},{"ParentStepIdentifier":"0fca97d1-d75f-429f-a487-3fb7eeb0548c","ParentWorkflowIdentifier":"0603cecd-77d7-421f-8677-73774af1435f","Name":"MessageToAssignee","Value":null},{"ParentStepIdentifier":"0fca97d1-d75f-429f-a487-3fb7eeb0548c","ParentWorkflowIdentifier":"0603cecd-77d7-421f-8677-73774af1435f","Name":"PendingActionTimeout","Value":null},{"ParentStepIdentifier":"0fca97d1-d75f-429f-a487-3fb7eeb0548c","ParentWorkflowIdentifier":"0603cecd-77d7-421f-8677-73774af1435f","Name":"ScriptName","Value":"Tools_Set Context Value"},{"ParentStepIdentifier":"0fca97d1-d75f-429f-a487-3fb7eeb0548c","ParentWorkflowIdentifier":"0603cecd-77d7-421f-8677-73774af1435f","Name":"ScriptParametersEntityFields","Value":"{\"Value\":\"[ServiceNow_Create Incident.incident_number]\",\"Key\":\"TicketID\",\"Scope\":\"Alert\"}"},{"ParentStepIdentifier":"0fca97d1-d75f-429f-a487-3fb7eeb0548c","ParentWorkflowIdentifier":"0603cecd-77d7-421f-8677-73774af1435f","Name":"SelectedScopeName","Value":"All entities"}],"AutoSkipOnFailure":true,"IsDebugMockData":false,"StepDebugData":null},{"Identifier":"173f00c4-6ac9-4a37-b246-dd5f0e5c719c","OriginalStepIdentifier":"3d7c9d54-bb8f-435a-a436-f360487235a3","ParentWorkflowIdentifier":"0603cecd-77d7-421f-8677-73774af1435f","ParentStepIdentifiers":[],"ParentStepIdentifier":"","PreviousResultCondition":null,"InstanceName":"GET ITSM Product","IsAutomatic":true,"Name":"Siemplify_Get Scope Context Value","IsSkippable":false,"Description":"Action gets a value stored under a specified key in the Siemplify database. Available scopes to get context values for: Alert, Case, Global. Action is not working on Siemplify entities.","ActionProvider":"Scripts","ActionName":"Siemplify_Get Scope Context Value","Type":0,"Integration":"Siemplify","Parameters":[{"ParentStepIdentifier":"173f00c4-6ac9-4a37-b246-dd5f0e5c719c","ParentWorkflowIdentifier":"0603cecd-77d7-421f-8677-73774af1435f","Name":"AssignedUsers","Value":null},{"ParentStepIdentifier":"173f00c4-6ac9-4a37-b246-dd5f0e5c719c","ParentWorkflowIdentifier":"0603cecd-77d7-421f-8677-73774af1435f","Name":"AsyncActionTimeout","Value":"86400"},{"ParentStepIdentifier":"173f00c4-6ac9-4a37-b246-dd5f0e5c719c","ParentWorkflowIdentifier":"0603cecd-77d7-421f-8677-73774af1435f","Name":"AsyncPollingInterval","Value":"3600"},{"ParentStepIdentifier":"173f00c4-6ac9-4a37-b246-dd5f0e5c719c","ParentWorkflowIdentifier":"0603cecd-77d7-421f-8677-73774af1435f","Name":"FallbackIntegrationInstance","Value":null},{"ParentStepIdentifier":"173f00c4-6ac9-4a37-b246-dd5f0e5c719c","ParentWorkflowIdentifier":"0603cecd-77d7-421f-8677-73774af1435f","Name":"HasApprovalLink","Value":null},{"ParentStepIdentifier":"173f00c4-6ac9-4a37-b246-dd5f0e5c719c","ParentWorkflowIdentifier":"0603cecd-77d7-421f-8677-73774af1435f","Name":"IntegrationInstance","Value":"5a47e2d9-4731-4b72-91db-6cc0677252d1"},{"ParentStepIdentifier":"173f00c4-6ac9-4a37-b246-dd5f0e5c719c","ParentWorkflowIdentifier":"0603cecd-77d7-421f-8677-73774af1435f","Name":"MessageToAssignee","Value":null},{"ParentStepIdentifier":"173f00c4-6ac9-4a37-b246-dd5f0e5c719c","ParentWorkflowIdentifier":"0603cecd-77d7-421f-8677-73774af1435f","Name":"PendingActionTimeout","Value":null},{"ParentStepIdentifier":"173f00c4-6ac9-4a37-b246-dd5f0e5c719c","ParentWorkflowIdentifier":"0603cecd-77d7-421f-8677-73774af1435f","Name":"ScriptName","Value":"Siemplify_Get Scope Context Value"},{"ParentStepIdentifier":"173f00c4-6ac9-4a37-b246-dd5f0e5c719c","ParentWorkflowIdentifier":"0603cecd-77d7-421f-8677-73774af1435f","Name":"ScriptParametersEntityFields","Value":"{\"Context Scope\":\"Alert\",\"Key Name\":\"ITSM_Product\",\"Create Case Wall Table\":false}"},{"ParentStepIdentifier":"173f00c4-6ac9-4a37-b246-dd5f0e5c719c","ParentWorkflowIdentifier":"0603cecd-77d7-421f-8677-73774af1435f","Name":"SelectedScopeName","Value":"All entities"}],"AutoSkipOnFailure":false,"IsDebugMockData":false,"StepDebugData":null},{"Identifier":"1b55076f-fa3b-4397-871e-95af75453dd7","OriginalStepIdentifier":"68f76b15-3de4-4f95-acdd-414514079c3e","ParentWorkflowIdentifier":"0603cecd-77d7-421f-8677-73774af1435f","ParentStepIdentifiers":["9e74c3ff-b2ba-4acc-a146-bde3d505e549"],"ParentStepIdentifier":"9e74c3ff-b2ba-4acc-a146-bde3d505e549","PreviousResultCondition":"{}","InstanceName":"Set ServiceNow ticket priority1","IsAutomatic":true,"Name":"Tools_Set Context Value","IsSkippable":false,"Description":"The action sets a key and value in a specific context (alert or case)","ActionProvider":"Scripts","ActionName":"Tools_Set Context Value","Type":0,"Integration":"Tools","Parameters":[{"ParentStepIdentifier":"1b55076f-fa3b-4397-871e-95af75453dd7","ParentWorkflowIdentifier":"0603cecd-77d7-421f-8677-73774af1435f","Name":"AssignedUsers","Value":null},{"ParentStepIdentifier":"1b55076f-fa3b-4397-871e-95af75453dd7","ParentWorkflowIdentifier":"0603cecd-77d7-421f-8677-73774af1435f","Name":"AsyncActionTimeout","Value":"86400"},{"ParentStepIdentifier":"1b55076f-fa3b-4397-871e-95af75453dd7","ParentWorkflowIdentifier":"0603cecd-77d7-421f-8677-73774af1435f","Name":"AsyncPollingInterval","Value":"3600"},{"ParentStepIdentifier":"1b55076f-fa3b-4397-871e-95af75453dd7","ParentWorkflowIdentifier":"0603cecd-77d7-421f-8677-73774af1435f","Name":"FallbackIntegrationInstance","Value":null},{"ParentStepIdentifier":"1b55076f-fa3b-4397-871e-95af75453dd7","ParentWorkflowIdentifier":"0603cecd-77d7-421f-8677-73774af1435f","Name":"HasApprovalLink","Value":null},{"ParentStepIdentifier":"1b55076f-fa3b-4397-871e-95af75453dd7","ParentWorkflowIdentifier":"0603cecd-77d7-421f-8677-73774af1435f","Name":"IntegrationInstance","Value":"2e787919-e84d-4616-9029-2cf1a5b8cbb3"},{"ParentStepIdentifier":"1b55076f-fa3b-4397-871e-95af75453dd7","ParentWorkflowIdentifier":"0603cecd-77d7-421f-8677-73774af1435f","Name":"MessageToAssignee","Value":null},{"ParentStepIdentifier":"1b55076f-fa3b-4397-871e-95af75453dd7","ParentWorkflowIdentifier":"0603cecd-77d7-421f-8677-73774af1435f","Name":"PendingActionTimeout","Value":null},{"ParentStepIdentifier":"1b55076f-fa3b-4397-871e-95af75453dd7","ParentWorkflowIdentifier":"0603cecd-77d7-421f-8677-73774af1435f","Name":"ScriptName","Value":"Tools_Set Context Value"},{"ParentStepIdentifier":"1b55076f-fa3b-4397-871e-95af75453dd7","ParentWorkflowIdentifier":"0603cecd-77d7-421f-8677-73774af1435f","Name":"ScriptParametersEntityFields","Value":"{\"Value\":\"2\",\"Key\":\"SNticketPriority\",\"Scope\":\"Alert\"}"},{"ParentStepIdentifier":"1b55076f-fa3b-4397-871e-95af75453dd7","ParentWorkflowIdentifier":"0603cecd-77d7-421f-8677-73774af1435f","Name":"SelectedScopeName","Value":"All entities"}],"AutoSkipOnFailure":true,"IsDebugMockData":false,"StepDebugData":null},{"Identifier":"1c307b31-2f83-44c8-9cd1-c3366fa967e8","OriginalStepIdentifier":"dee925be-d6ea-439a-9c45-cb80d09dfce9","ParentWorkflowIdentifier":"0603cecd-77d7-421f-8677-73774af1435f","ParentStepIdentifiers":["0a63c543-9384-40b0-bd35-7fc022c13241"],"ParentStepIdentifier":"0a63c543-9384-40b0-bd35-7fc022c13241","PreviousResultCondition":"{}","InstanceName":"Zendesk_Get Created Ticket","IsAutomatic":true,"Name":"Zendesk_Get Ticket Details","IsSkippable":false,"Description":"Get ticket details, comments, and attachments by ticket id","ActionProvider":"Scripts","ActionName":"Zendesk_Get Ticket Details","Type":0,"Integration":"Zendesk","Parameters":[{"ParentStepIdentifier":"1c307b31-2f83-44c8-9cd1-c3366fa967e8","ParentWorkflowIdentifier":"0603cecd-77d7-421f-8677-73774af1435f","Name":"AssignedUsers","Value":null},{"ParentStepIdentifier":"1c307b31-2f83-44c8-9cd1-c3366fa967e8","ParentWorkflowIdentifier":"0603cecd-77d7-421f-8677-73774af1435f","Name":"AsyncActionTimeout","Value":"86400"},{"ParentStepIdentifier":"1c307b31-2f83-44c8-9cd1-c3366fa967e8","ParentWorkflowIdentifier":"0603cecd-77d7-421f-8677-73774af1435f","Name":"AsyncPollingInterval","Value":"3600"},{"ParentStepIdentifier":"1c307b31-2f83-44c8-9cd1-c3366fa967e8","ParentWorkflowIdentifier":"0603cecd-77d7-421f-8677-73774af1435f","Name":"FallbackIntegrationInstance","Value":null},{"ParentStepIdentifier":"1c307b31-2f83-44c8-9cd1-c3366fa967e8","ParentWorkflowIdentifier":"0603cecd-77d7-421f-8677-73774af1435f","Name":"HasApprovalLink","Value":null},{"ParentStepIdentifier":"1c307b31-2f83-44c8-9cd1-c3366fa967e8","ParentWorkflowIdentifier":"0603cecd-77d7-421f-8677-73774af1435f","Name":"IntegrationInstance","Value":"4a7a06a3-b63d-410c-9921-4b6e058a99cf"},{"ParentStepIdentifier":"1c307b31-2f83-44c8-9cd1-c3366fa967e8","ParentWorkflowIdentifier":"0603cecd-77d7-421f-8677-73774af1435f","Name":"MessageToAssignee","Value":null},{"ParentStepIdentifier":"1c307b31-2f83-44c8-9cd1-c3366fa967e8","ParentWorkflowIdentifier":"0603cecd-77d7-421f-8677-73774af1435f","Name":"PendingActionTimeout","Value":null},{"ParentStepIdentifier":"1c307b31-2f83-44c8-9cd1-c3366fa967e8","ParentWorkflowIdentifier":"0603cecd-77d7-421f-8677-73774af1435f","Name":"ScriptName","Value":"Zendesk_Get Ticket Details"},{"ParentStepIdentifier":"1c307b31-2f83-44c8-9cd1-c3366fa967e8","ParentWorkflowIdentifier":"0603cecd-77d7-421f-8677-73774af1435f","Name":"ScriptParametersEntityFields","Value":"{\"Ticket ID\":\"[Zendesk_Create Ticket.ticket_id]\"}"},{"ParentStepIdentifier":"1c307b31-2f83-44c8-9cd1-c3366fa967e8","ParentWorkflowIdentifier":"0603cecd-77d7-421f-8677-73774af1435f","Name":"SelectedScopeName","Value":"All entities"}],"AutoSkipOnFailure":true,"IsDebugMockData":false,"StepDebugData":null},{"Identifier":"27efd390-7970-4584-b80a-9b8af7a02f11","OriginalStepIdentifier":"e5c9faf2-aa15-4190-8e97-8ddd047d4ba0","ParentWorkflowIdentifier":"0603cecd-77d7-421f-8677-73774af1435f","ParentStepIdentifiers":["1c307b31-2f83-44c8-9cd1-c3366fa967e8"],"ParentStepIdentifier":"1c307b31-2f83-44c8-9cd1-c3366fa967e8","PreviousResultCondition":"{}","InstanceName":"ZenDesk Ticket Details","IsAutomatic":true,"Name":"Tools_Buffer","IsSkippable":false,"Description":"The action receives a json and returns it as a json result","ActionProvider":"Scripts","ActionName":"Tools_Buffer","Type":0,"Integration":"Tools","Parameters":[{"ParentStepIdentifier":"27efd390-7970-4584-b80a-9b8af7a02f11","ParentWorkflowIdentifier":"0603cecd-77d7-421f-8677-73774af1435f","Name":"AssignedUsers","Value":null},{"ParentStepIdentifier":"27efd390-7970-4584-b80a-9b8af7a02f11","ParentWorkflowIdentifier":"0603cecd-77d7-421f-8677-73774af1435f","Name":"AsyncActionTimeout","Value":"86400"},{"ParentStepIdentifier":"27efd390-7970-4584-b80a-9b8af7a02f11","ParentWorkflowIdentifier":"0603cecd-77d7-421f-8677-73774af1435f","Name":"AsyncPollingInterval","Value":"3600"},{"ParentStepIdentifier":"27efd390-7970-4584-b80a-9b8af7a02f11","ParentWorkflowIdentifier":"0603cecd-77d7-421f-8677-73774af1435f","Name":"FallbackIntegrationInstance","Value":null},{"ParentStepIdentifier":"27efd390-7970-4584-b80a-9b8af7a02f11","ParentWorkflowIdentifier":"0603cecd-77d7-421f-8677-73774af1435f","Name":"HasApprovalLink","Value":null},{"ParentStepIdentifier":"27efd390-7970-4584-b80a-9b8af7a02f11","ParentWorkflowIdentifier":"0603cecd-77d7-421f-8677-73774af1435f","Name":"IntegrationInstance","Value":"2e787919-e84d-4616-9029-2cf1a5b8cbb3"},{"ParentStepIdentifier":"27efd390-7970-4584-b80a-9b8af7a02f11","ParentWorkflowIdentifier":"0603cecd-77d7-421f-8677-73774af1435f","Name":"MessageToAssignee","Value":null},{"ParentStepIdentifier":"27efd390-7970-4584-b80a-9b8af7a02f11","ParentWorkflowIdentifier":"0603cecd-77d7-421f-8677-73774af1435f","Name":"PendingActionTimeout","Value":null},{"ParentStepIdentifier":"27efd390-7970-4584-b80a-9b8af7a02f11","ParentWorkflowIdentifier":"0603cecd-77d7-421f-8677-73774af1435f","Name":"ScriptName","Value":"Tools_Buffer"},{"ParentStepIdentifier":"27efd390-7970-4584-b80a-9b8af7a02f11","ParentWorkflowIdentifier":"0603cecd-77d7-421f-8677-73774af1435f","Name":"ScriptParametersEntityFields","Value":"{\"ResultValue\":\"\",\"JSON\":\"[Zendesk_Get Created Ticket.ticket_details]\"}"},{"ParentStepIdentifier":"27efd390-7970-4584-b80a-9b8af7a02f11","ParentWorkflowIdentifier":"0603cecd-77d7-421f-8677-73774af1435f","Name":"SelectedScopeName","Value":"All entities"}],"AutoSkipOnFailure":true,"IsDebugMockData":false,"StepDebugData":null},{"Identifier":"2b678810-a1a4-44ab-b5fd-9630e8417549","OriginalStepIdentifier":"9c805cb0-fc69-4cb5-85da-e329957ddb67","ParentWorkflowIdentifier":"0603cecd-77d7-421f-8677-73774af1435f","ParentStepIdentifiers":["71c71399-2b10-415c-910b-24110e322428"],"ParentStepIdentifier":"71c71399-2b10-415c-910b-24110e322428","PreviousResultCondition":"{\n  \"71c71399-2b10-415c-910b-24110e322428\": \"1\"\n}","InstanceName":"Set ZenDesk ticket priority","IsAutomatic":true,"Name":"Tools_Set Context Value","IsSkippable":false,"Description":"The action sets a key and value in a specific context (alert or case)","ActionProvider":"Scripts","ActionName":"Tools_Set Context Value","Type":0,"Integration":"Tools","Parameters":[{"ParentStepIdentifier":"2b678810-a1a4-44ab-b5fd-9630e8417549","ParentWorkflowIdentifier":"0603cecd-77d7-421f-8677-73774af1435f","Name":"AssignedUsers","Value":null},{"ParentStepIdentifier":"2b678810-a1a4-44ab-b5fd-9630e8417549","ParentWorkflowIdentifier":"0603cecd-77d7-421f-8677-73774af1435f","Name":"AsyncActionTimeout","Value":"86400"},{"ParentStepIdentifier":"2b678810-a1a4-44ab-b5fd-9630e8417549","ParentWorkflowIdentifier":"0603cecd-77d7-421f-8677-73774af1435f","Name":"AsyncPollingInterval","Value":"3600"},{"ParentStepIdentifier":"2b678810-a1a4-44ab-b5fd-9630e8417549","ParentWorkflowIdentifier":"0603cecd-77d7-421f-8677-73774af1435f","Name":"FallbackIntegrationInstance","Value":null},{"ParentStepIdentifier":"2b678810-a1a4-44ab-b5fd-9630e8417549","ParentWorkflowIdentifier":"0603cecd-77d7-421f-8677-73774af1435f","Name":"HasApprovalLink","Value":null},{"ParentStepIdentifier":"2b678810-a1a4-44ab-b5fd-9630e8417549","ParentWorkflowIdentifier":"0603cecd-77d7-421f-8677-73774af1435f","Name":"IntegrationInstance","Value":"2e787919-e84d-4616-9029-2cf1a5b8cbb3"},{"ParentStepIdentifier":"2b678810-a1a4-44ab-b5fd-9630e8417549","ParentWorkflowIdentifier":"0603cecd-77d7-421f-8677-73774af1435f","Name":"MessageToAssignee","Value":null},{"ParentStepIdentifier":"2b678810-a1a4-44ab-b5fd-9630e8417549","ParentWorkflowIdentifier":"0603cecd-77d7-421f-8677-73774af1435f","Name":"PendingActionTimeout","Value":null},{"ParentStepIdentifier":"2b678810-a1a4-44ab-b5fd-9630e8417549","ParentWorkflowIdentifier":"0603cecd-77d7-421f-8677-73774af1435f","Name":"ScriptName","Value":"Tools_Set Context Value"},{"ParentStepIdentifier":"2b678810-a1a4-44ab-b5fd-9630e8417549","ParentWorkflowIdentifier":"0603cecd-77d7-421f-8677-73774af1435f","Name":"ScriptParametersEntityFields","Value":"{\"Value\":\"urgent\",\"Key\":\"ZDticketPriority\",\"Scope\":\"Alert\"}"},{"ParentStepIdentifier":"2b678810-a1a4-44ab-b5fd-9630e8417549","ParentWorkflowIdentifier":"0603cecd-77d7-421f-8677-73774af1435f","Name":"SelectedScopeName","Value":"All entities"}],"AutoSkipOnFailure":true,"IsDebugMockData":false,"StepDebugData":null},{"Identifier":"31474ba7-20f5-44ab-a5c1-f99e0c1c6b64","OriginalStepIdentifier":"bf64805f-6740-4d94-8b9c-14afdb769274","ParentWorkflowIdentifier":"0603cecd-77d7-421f-8677-73774af1435f","ParentStepIdentifiers":["dc411165-c52f-40c2-a03f-f696b3785cbe"],"ParentStepIdentifier":"dc411165-c52f-40c2-a03f-f696b3785cbe","PreviousResultCondition":"{}","InstanceName":"Success creating ticket?","IsAutomatic":true,"Name":"Previous Actions Conditions","IsSkippable":false,"Description":"This step conditions the progress of the playbook according to data fetched by previous actions performed in the playbook, for example: report data, action's success or enrichment data","ActionProvider":"Flow","ActionName":"IfElse","Type":2,"Integration":"Flow","Parameters":[{"ParentStepIdentifier":"31474ba7-20f5-44ab-a5c1-f99e0c1c6b64","ParentWorkflowIdentifier":"0603cecd-77d7-421f-8677-73774af1435f","Name":"AssignedUsers","Value":null},{"ParentStepIdentifier":"31474ba7-20f5-44ab-a5c1-f99e0c1c6b64","ParentWorkflowIdentifier":"0603cecd-77d7-421f-8677-73774af1435f","Name":"Branches","Value":"[{\"LogicalOperator\":0,\"Conditions\":[{\"Operator\":8,\"FieldName\":\"Tools_Get TicketID.ScriptResult\",\"Type\":2,\"Value\":\"\"},{\"Operator\":6,\"FieldName\":\"Tools_Get TicketID.ScriptResult\",\"Type\":2,\"Value\":\"[\"},{\"Operator\":5,\"FieldName\":\"Tools_Get TicketID.ScriptResult\",\"Type\":2,\"Value\":\"false\"}],\"Order\":1,\"IsDefaultBranch\":false,\"Name\":\"Ticket Created successfully \"},{\"LogicalOperator\":0,\"Conditions\":[],\"Order\":2,\"IsDefaultBranch\":true,\"Name\":\"Branch\"}]"},{"ParentStepIdentifier":"31474ba7-20f5-44ab-a5c1-f99e0c1c6b64","ParentWorkflowIdentifier":"0603cecd-77d7-421f-8677-73774af1435f","Name":"ErrorFallbackBranch","Value":"2"},{"ParentStepIdentifier":"31474ba7-20f5-44ab-a5c1-f99e0c1c6b64","ParentWorkflowIdentifier":"0603cecd-77d7-421f-8677-73774af1435f","Name":"HasApprovalLink","Value":null},{"ParentStepIdentifier":"31474ba7-20f5-44ab-a5c1-f99e0c1c6b64","ParentWorkflowIdentifier":"0603cecd-77d7-421f-8677-73774af1435f","Name":"MessageToAssignee","Value":null},{"ParentStepIdentifier":"31474ba7-20f5-44ab-a5c1-f99e0c1c6b64","ParentWorkflowIdentifier":"0603cecd-77d7-421f-8677-73774af1435f","Name":"PendingActionTimeout","Value":null},{"ParentStepIdentifier":"31474ba7-20f5-44ab-a5c1-f99e0c1c6b64","ParentWorkflowIdentifier":"0603cecd-77d7-421f-8677-73774af1435f","Name":"SelectedScopeName","Value":"All entities"}],"AutoSkipOnFailure":false,"IsDebugMockData":false,"StepDebugData":null},{"Identifier":"363aa8d3-3f53-4deb-995a-59c729b3f7f3","OriginalStepIdentifier":"0439ec01-1258-4d2a-b522-b6e866840ffc","ParentWorkflowIdentifier":"0603cecd-77d7-421f-8677-73774af1435f","ParentStepIdentifiers":["31474ba7-20f5-44ab-a5c1-f99e0c1c6b64"],"ParentStepIdentifier":"31474ba7-20f5-44ab-a5c1-f99e0c1c6b64","PreviousResultCondition":"{\n  \"31474ba7-20f5-44ab-a5c1-f99e0c1c6b64\": \"1\"\n}","InstanceName":"Siemplify_Open Ticket Tag_1","IsAutomatic":true,"Name":"Siemplify_Case Tag","IsSkippable":false,"Description":"Add given tag to the case the current alert is grouped to","ActionProvider":"Scripts","ActionName":"Siemplify_Case Tag","Type":0,"Integration":"Siemplify","Parameters":[{"ParentStepIdentifier":"363aa8d3-3f53-4deb-995a-59c729b3f7f3","ParentWorkflowIdentifier":"0603cecd-77d7-421f-8677-73774af1435f","Name":"AssignedUsers","Value":null},{"ParentStepIdentifier":"363aa8d3-3f53-4deb-995a-59c729b3f7f3","ParentWorkflowIdentifier":"0603cecd-77d7-421f-8677-73774af1435f","Name":"AsyncActionTimeout","Value":"86400"},{"ParentStepIdentifier":"363aa8d3-3f53-4deb-995a-59c729b3f7f3","ParentWorkflowIdentifier":"0603cecd-77d7-421f-8677-73774af1435f","Name":"AsyncPollingInterval","Value":"3600"},{"ParentStepIdentifier":"363aa8d3-3f53-4deb-995a-59c729b3f7f3","ParentWorkflowIdentifier":"0603cecd-77d7-421f-8677-73774af1435f","Name":"FallbackIntegrationInstance","Value":null},{"ParentStepIdentifier":"363aa8d3-3f53-4deb-995a-59c729b3f7f3","ParentWorkflowIdentifier":"0603cecd-77d7-421f-8677-73774af1435f","Name":"HasApprovalLink","Value":null},{"ParentStepIdentifier":"363aa8d3-3f53-4deb-995a-59c729b3f7f3","ParentWorkflowIdentifier":"0603cecd-77d7-421f-8677-73774af1435f","Name":"IntegrationInstance","Value":"5a47e2d9-4731-4b72-91db-6cc0677252d1"},{"ParentStepIdentifier":"363aa8d3-3f53-4deb-995a-59c729b3f7f3","ParentWorkflowIdentifier":"0603cecd-77d7-421f-8677-73774af1435f","Name":"MessageToAssignee","Value":null},{"ParentStepIdentifier":"363aa8d3-3f53-4deb-995a-59c729b3f7f3","ParentWorkflowIdentifier":"0603cecd-77d7-421f-8677-73774af1435f","Name":"PendingActionTimeout","Value":null},{"ParentStepIdentifier":"363aa8d3-3f53-4deb-995a-59c729b3f7f3","ParentWorkflowIdentifier":"0603cecd-77d7-421f-8677-73774af1435f","Name":"ScriptName","Value":"Siemplify_Case Tag"},{"ParentStepIdentifier":"363aa8d3-3f53-4deb-995a-59c729b3f7f3","ParentWorkflowIdentifier":"0603cecd-77d7-421f-8677-73774af1435f","Name":"ScriptParametersEntityFields","Value":"{\"Tag\":\"Opened ticket\"}"},{"ParentStepIdentifier":"363aa8d3-3f53-4deb-995a-59c729b3f7f3","ParentWorkflowIdentifier":"0603cecd-77d7-421f-8677-73774af1435f","Name":"SelectedScopeName","Value":"All entities"}],"AutoSkipOnFailure":true,"IsDebugMockData":false,"StepDebugData":null},{"Identifier":"39235b9c-cdfd-47a6-b89a-90bfb9e270bf","OriginalStepIdentifier":"596ca1ae-7d5c-4384-941c-b1cb13fabd5e","ParentWorkflowIdentifier":"0603cecd-77d7-421f-8677-73774af1435f","ParentStepIdentifiers":["2b678810-a1a4-44ab-b5fd-9630e8417549","e9a79151-8f6d-4ae5-ad6f-39bf0e445fda"],"ParentStepIdentifier":"2b678810-a1a4-44ab-b5fd-9630e8417549;e9a79151-8f6d-4ae5-ad6f-39bf0e445fda","PreviousResultCondition":"{}","InstanceName":"Set ServiceNow ticket priority","IsAutomatic":true,"Name":"Tools_Set Context Value","IsSkippable":false,"Description":"The action sets a key and value in a specific context (alert or case)","ActionProvider":"Scripts","ActionName":"Tools_Set Context Value","Type":0,"Integration":"Tools","Parameters":[{"ParentStepIdentifier":"39235b9c-cdfd-47a6-b89a-90bfb9e270bf","ParentWorkflowIdentifier":"0603cecd-77d7-421f-8677-73774af1435f","Name":"AssignedUsers","Value":null},{"ParentStepIdentifier":"39235b9c-cdfd-47a6-b89a-90bfb9e270bf","ParentWorkflowIdentifier":"0603cecd-77d7-421f-8677-73774af1435f","Name":"AsyncActionTimeout","Value":"86400"},{"ParentStepIdentifier":"39235b9c-cdfd-47a6-b89a-90bfb9e270bf","ParentWorkflowIdentifier":"0603cecd-77d7-421f-8677-73774af1435f","Name":"AsyncPollingInterval","Value":"3600"},{"ParentStepIdentifier":"39235b9c-cdfd-47a6-b89a-90bfb9e270bf","ParentWorkflowIdentifier":"0603cecd-77d7-421f-8677-73774af1435f","Name":"FallbackIntegrationInstance","Value":null},{"ParentStepIdentifier":"39235b9c-cdfd-47a6-b89a-90bfb9e270bf","ParentWorkflowIdentifier":"0603cecd-77d7-421f-8677-73774af1435f","Name":"HasApprovalLink","Value":null},{"ParentStepIdentifier":"39235b9c-cdfd-47a6-b89a-90bfb9e270bf","ParentWorkflowIdentifier":"0603cecd-77d7-421f-8677-73774af1435f","Name":"IntegrationInstance","Value":"2e787919-e84d-4616-9029-2cf1a5b8cbb3"},{"ParentStepIdentifier":"39235b9c-cdfd-47a6-b89a-90bfb9e270bf","ParentWorkflowIdentifier":"0603cecd-77d7-421f-8677-73774af1435f","Name":"MessageToAssignee","Value":null},{"ParentStepIdentifier":"39235b9c-cdfd-47a6-b89a-90bfb9e270bf","ParentWorkflowIdentifier":"0603cecd-77d7-421f-8677-73774af1435f","Name":"PendingActionTimeout","Value":null},{"ParentStepIdentifier":"39235b9c-cdfd-47a6-b89a-90bfb9e270bf","ParentWorkflowIdentifier":"0603cecd-77d7-421f-8677-73774af1435f","Name":"ScriptName","Value":"Tools_Set Context Value"},{"ParentStepIdentifier":"39235b9c-cdfd-47a6-b89a-90bfb9e270bf","ParentWorkflowIdentifier":"0603cecd-77d7-421f-8677-73774af1435f","Name":"ScriptParametersEntityFields","Value":"{\"Value\":\"1\",\"Key\":\"SNticketPriority\",\"Scope\":\"Alert\"}"},{"ParentStepIdentifier":"39235b9c-cdfd-47a6-b89a-90bfb9e270bf","ParentWorkflowIdentifier":"0603cecd-77d7-421f-8677-73774af1435f","Name":"SelectedScopeName","Value":"All entities"}],"AutoSkipOnFailure":true,"IsDebugMockData":false,"StepDebugData":null},{"Identifier":"3de13abc-89e7-4117-826a-00f2f52bd228","OriginalStepIdentifier":"146f2b56-7114-49da-9351-a665f7c77fc8","ParentWorkflowIdentifier":"0603cecd-77d7-421f-8677-73774af1435f","ParentStepIdentifiers":["80fa26a3-d3b2-47b9-b6cd-70bbda04f047"],"ParentStepIdentifier":"80fa26a3-d3b2-47b9-b6cd-70bbda04f047","PreviousResultCondition":"{}","InstanceName":"Output_3","IsAutomatic":true,"Name":"Output","IsSkippable":false,"Description":"","ActionProvider":"Flow","ActionName":"OutputAction","Type":6,"Integration":"Flow","Parameters":[{"ParentStepIdentifier":"3de13abc-89e7-4117-826a-00f2f52bd228","ParentWorkflowIdentifier":"0603cecd-77d7-421f-8677-73774af1435f","Name":"NestedWorkflowOutput","Value":"No Ticket"}],"AutoSkipOnFailure":false,"IsDebugMockData":false,"StepDebugData":null},{"Identifier":"67e80867-206e-4a9a-b388-1ba96a0f502b","OriginalStepIdentifier":"b42e8600-fe4b-43ec-a603-4f83be6b4158","ParentWorkflowIdentifier":"0603cecd-77d7-421f-8677-73774af1435f","ParentStepIdentifiers":["084e0fd8-d169-4bc8-85d6-98316f4dad07"],"ParentStepIdentifier":"084e0fd8-d169-4bc8-85d6-98316f4dad07","PreviousResultCondition":"{}","InstanceName":"Set ServiceNow ticket priority2","IsAutomatic":true,"Name":"Tools_Set Context Value","IsSkippable":false,"Description":"The action sets a key and value in a specific context (alert or case)","ActionProvider":"Scripts","ActionName":"Tools_Set Context Value","Type":0,"Integration":"Tools","Parameters":[{"ParentStepIdentifier":"67e80867-206e-4a9a-b388-1ba96a0f502b","ParentWorkflowIdentifier":"0603cecd-77d7-421f-8677-73774af1435f","Name":"AssignedUsers","Value":null},{"ParentStepIdentifier":"67e80867-206e-4a9a-b388-1ba96a0f502b","ParentWorkflowIdentifier":"0603cecd-77d7-421f-8677-73774af1435f","Name":"AsyncActionTimeout","Value":"86400"},{"ParentStepIdentifier":"67e80867-206e-4a9a-b388-1ba96a0f502b","ParentWorkflowIdentifier":"0603cecd-77d7-421f-8677-73774af1435f","Name":"AsyncPollingInterval","Value":"3600"},{"ParentStepIdentifier":"67e80867-206e-4a9a-b388-1ba96a0f502b","ParentWorkflowIdentifier":"0603cecd-77d7-421f-8677-73774af1435f","Name":"FallbackIntegrationInstance","Value":null},{"ParentStepIdentifier":"67e80867-206e-4a9a-b388-1ba96a0f502b","ParentWorkflowIdentifier":"0603cecd-77d7-421f-8677-73774af1435f","Name":"HasApprovalLink","Value":null},{"ParentStepIdentifier":"67e80867-206e-4a9a-b388-1ba96a0f502b","ParentWorkflowIdentifier":"0603cecd-77d7-421f-8677-73774af1435f","Name":"IntegrationInstance","Value":"2e787919-e84d-4616-9029-2cf1a5b8cbb3"},{"ParentStepIdentifier":"67e80867-206e-4a9a-b388-1ba96a0f502b","ParentWorkflowIdentifier":"0603cecd-77d7-421f-8677-73774af1435f","Name":"MessageToAssignee","Value":null},{"ParentStepIdentifier":"67e80867-206e-4a9a-b388-1ba96a0f502b","ParentWorkflowIdentifier":"0603cecd-77d7-421f-8677-73774af1435f","Name":"PendingActionTimeout","Value":null},{"ParentStepIdentifier":"67e80867-206e-4a9a-b388-1ba96a0f502b","ParentWorkflowIdentifier":"0603cecd-77d7-421f-8677-73774af1435f","Name":"ScriptName","Value":"Tools_Set Context Value"},{"ParentStepIdentifier":"67e80867-206e-4a9a-b388-1ba96a0f502b","ParentWorkflowIdentifier":"0603cecd-77d7-421f-8677-73774af1435f","Name":"ScriptParametersEntityFields","Value":"{\"Value\":\"3\",\"Key\":\"SNticketPriority\",\"Scope\":\"Alert\"}"},{"ParentStepIdentifier":"67e80867-206e-4a9a-b388-1ba96a0f502b","ParentWorkflowIdentifier":"0603cecd-77d7-421f-8677-73774af1435f","Name":"SelectedScopeName","Value":"All entities"}],"AutoSkipOnFailure":true,"IsDebugMockData":false,"StepDebugData":null},{"Identifier":"71c71399-2b10-415c-910b-24110e322428","OriginalStepIdentifier":"c0f4496d-04b4-4f4e-aef1-a0f0e1e1a76c","ParentWorkflowIdentifier":"0603cecd-77d7-421f-8677-73774af1435f","ParentStepIdentifiers":["77bf76c1-32f7-40ec-a5f4-d61ecbec01b9","9836a68f-50db-4f34-9979-747cbef09f37"],"ParentStepIdentifier":"77bf76c1-32f7-40ec-a5f4-d61ecbec01b9;9836a68f-50db-4f34-9979-747cbef09f37","PreviousResultCondition":"{}","InstanceName":"Get normalized alert priority","IsAutomatic":true,"Name":"Condition","IsSkippable":false,"Description":"This condition determines the progress of the playbook. Conditions are built based on cases data (cases, alerts, vents, entities and environment properties) as-well as data that comes back from previous playbook steps.","ActionProvider":"Flow","ActionName":"IfFlowCondition","Type":4,"Integration":"Flow","Parameters":[{"ParentStepIdentifier":"71c71399-2b10-415c-910b-24110e322428","ParentWorkflowIdentifier":"0603cecd-77d7-421f-8677-73774af1435f","Name":"AssignedUsers","Value":null},{"ParentStepIdentifier":"71c71399-2b10-415c-910b-24110e322428","ParentWorkflowIdentifier":"0603cecd-77d7-421f-8677-73774af1435f","Name":"Branches","Value":"[{\"LogicalOperator\":0,\"Conditions\":[{\"Operator\":3,\"FieldName\":\"[Alert.ALERT_SCORE]\",\"Type\":2,\"Value\":\"89\"}],\"Order\":1,\"IsDefaultBranch\":false,\"Name\":\"Critical\"},{\"LogicalOperator\":0,\"Conditions\":[],\"Order\":4,\"IsDefaultBranch\":true,\"Name\":\"Branch\"},{\"LogicalOperator\":0,\"Conditions\":[{\"Operator\":3,\"FieldName\":\"[Alert.ALERT_SCORE]\",\"Type\":2,\"Value\":\"74\"}],\"Order\":2,\"IsDefaultBranch\":false,\"Name\":\"High\"},{\"LogicalOperator\":0,\"Conditions\":[{\"Operator\":3,\"FieldName\":\"[Alert.ALERT_SCORE]\",\"Type\":2,\"Value\":\"0\"}],\"Order\":3,\"IsDefaultBranch\":false,\"Name\":\"Medium\"}]"},{"ParentStepIdentifier":"71c71399-2b10-415c-910b-24110e322428","ParentWorkflowIdentifier":"0603cecd-77d7-421f-8677-73774af1435f","Name":"ErrorFallbackBranch","Value":"4"},{"ParentStepIdentifier":"71c71399-2b10-415c-910b-24110e322428","ParentWorkflowIdentifier":"0603cecd-77d7-421f-8677-73774af1435f","Name":"HasApprovalLink","Value":null},{"ParentStepIdentifier":"71c71399-2b10-415c-910b-24110e322428","ParentWorkflowIdentifier":"0603cecd-77d7-421f-8677-73774af1435f","Name":"MessageToAssignee","Value":null},{"ParentStepIdentifier":"71c71399-2b10-415c-910b-24110e322428","ParentWorkflowIdentifier":"0603cecd-77d7-421f-8677-73774af1435f","Name":"PendingActionTimeout","Value":null},{"ParentStepIdentifier":"71c71399-2b10-415c-910b-24110e322428","ParentWorkflowIdentifier":"0603cecd-77d7-421f-8677-73774af1435f","Name":"SelectedScopeName","Value":"All entities"}],"AutoSkipOnFailure":false,"IsDebugMockData":false,"StepDebugData":null},{"Identifier":"77bf76c1-32f7-40ec-a5f4-d61ecbec01b9","OriginalStepIdentifier":"46d5b57f-71c6-46ac-bc5a-31b09e3e0f42","ParentWorkflowIdentifier":"0603cecd-77d7-421f-8677-73774af1435f","ParentStepIdentifiers":["c53064f6-944f-4d68-a095-c537172b49ce"],"ParentStepIdentifier":"c53064f6-944f-4d68-a095-c537172b49ce","PreviousResultCondition":"{\n  \"c53064f6-944f-4d68-a095-c537172b49ce\": \"1\"\n}","InstanceName":"Set Siemplify Case URL","IsAutomatic":true,"Name":"Tools_Set Context Value","IsSkippable":false,"Description":"The action sets a key and value in a specific context (alert or case)","ActionProvider":"Scripts","ActionName":"Tools_Set Context Value","Type":0,"Integration":"Tools","Parameters":[{"ParentStepIdentifier":"77bf76c1-32f7-40ec-a5f4-d61ecbec01b9","ParentWorkflowIdentifier":"0603cecd-77d7-421f-8677-73774af1435f","Name":"AssignedUsers","Value":null},{"ParentStepIdentifier":"77bf76c1-32f7-40ec-a5f4-d61ecbec01b9","ParentWorkflowIdentifier":"0603cecd-77d7-421f-8677-73774af1435f","Name":"AsyncActionTimeout","Value":"86400"},{"ParentStepIdentifier":"77bf76c1-32f7-40ec-a5f4-d61ecbec01b9","ParentWorkflowIdentifier":"0603cecd-77d7-421f-8677-73774af1435f","Name":"AsyncPollingInterval","Value":"3600"},{"ParentStepIdentifier":"77bf76c1-32f7-40ec-a5f4-d61ecbec01b9","ParentWorkflowIdentifier":"0603cecd-77d7-421f-8677-73774af1435f","Name":"FallbackIntegrationInstance","Value":null},{"ParentStepIdentifier":"77bf76c1-32f7-40ec-a5f4-d61ecbec01b9","ParentWorkflowIdentifier":"0603cecd-77d7-421f-8677-73774af1435f","Name":"HasApprovalLink","Value":null},{"ParentStepIdentifier":"77bf76c1-32f7-40ec-a5f4-d61ecbec01b9","ParentWorkflowIdentifier":"0603cecd-77d7-421f-8677-73774af1435f","Name":"IntegrationInstance","Value":"2e787919-e84d-4616-9029-2cf1a5b8cbb3"},{"ParentStepIdentifier":"77bf76c1-32f7-40ec-a5f4-d61ecbec01b9","ParentWorkflowIdentifier":"0603cecd-77d7-421f-8677-73774af1435f","Name":"MessageToAssignee","Value":null},{"ParentStepIdentifier":"77bf76c1-32f7-40ec-a5f4-d61ecbec01b9","ParentWorkflowIdentifier":"0603cecd-77d7-421f-8677-73774af1435f","Name":"PendingActionTimeout","Value":null},{"ParentStepIdentifier":"77bf76c1-32f7-40ec-a5f4-d61ecbec01b9","ParentWorkflowIdentifier":"0603cecd-77d7-421f-8677-73774af1435f","Name":"ScriptName","Value":"Tools_Set Context Value"},{"ParentStepIdentifier":"77bf76c1-32f7-40ec-a5f4-d61ecbec01b9","ParentWorkflowIdentifier":"0603cecd-77d7-421f-8677-73774af1435f","Name":"ScriptParametersEntityFields","Value":"{\"Value\":\"View Case: [Input.Siemplify URL (optional)]/#/main/cases/dynamic-view/[Case.Id]\",\"Key\":\"caseUrl\",\"Scope\":\"Alert\"}"},{"ParentStepIdentifier":"77bf76c1-32f7-40ec-a5f4-d61ecbec01b9","ParentWorkflowIdentifier":"0603cecd-77d7-421f-8677-73774af1435f","Name":"SelectedScopeName","Value":"All entities"}],"AutoSkipOnFailure":true,"IsDebugMockData":false,"StepDebugData":null},{"Identifier":"7ad568c6-d603-45ce-94b4-9b925c793965","OriginalStepIdentifier":"3bb2f2e5-123f-4a7b-9960-0db41dc9816e","ParentWorkflowIdentifier":"0603cecd-77d7-421f-8677-73774af1435f","ParentStepIdentifiers":["9f66e16d-8c6b-42f5-9559-90cdeeac1a56"],"ParentStepIdentifier":"9f66e16d-8c6b-42f5-9559-90cdeeac1a56","PreviousResultCondition":"{\n  \"9f66e16d-8c6b-42f5-9559-90cdeeac1a56\": \"3\"\n}","InstanceName":"Zendesk_Create Ticket","IsAutomatic":true,"Name":"Zendesk_Create Ticket","IsSkippable":false,"Description":"Create a ticket with specific properties","ActionProvider":"Scripts","ActionName":"Zendesk_Create Ticket","Type":0,"Integration":"Zendesk","Parameters":[{"ParentStepIdentifier":"7ad568c6-d603-45ce-94b4-9b925c793965","ParentWorkflowIdentifier":"0603cecd-77d7-421f-8677-73774af1435f","Name":"AssignedUsers","Value":null},{"ParentStepIdentifier":"7ad568c6-d603-45ce-94b4-9b925c793965","ParentWorkflowIdentifier":"0603cecd-77d7-421f-8677-73774af1435f","Name":"AsyncActionTimeout","Value":"86400"},{"ParentStepIdentifier":"7ad568c6-d603-45ce-94b4-9b925c793965","ParentWorkflowIdentifier":"0603cecd-77d7-421f-8677-73774af1435f","Name":"AsyncPollingInterval","Value":"3600"},{"ParentStepIdentifier":"7ad568c6-d603-45ce-94b4-9b925c793965","ParentWorkflowIdentifier":"0603cecd-77d7-421f-8677-73774af1435f","Name":"FallbackIntegrationInstance","Value":null},{"ParentStepIdentifier":"7ad568c6-d603-45ce-94b4-9b925c793965","ParentWorkflowIdentifier":"0603cecd-77d7-421f-8677-73774af1435f","Name":"HasApprovalLink","Value":null},{"ParentStepIdentifier":"7ad568c6-d603-45ce-94b4-9b925c793965","ParentWorkflowIdentifier":"0603cecd-77d7-421f-8677-73774af1435f","Name":"IntegrationInstance","Value":"4a7a06a3-b63d-410c-9921-4b6e058a99cf"},{"ParentStepIdentifier":"7ad568c6-d603-45ce-94b4-9b925c793965","ParentWorkflowIdentifier":"0603cecd-77d7-421f-8677-73774af1435f","Name":"MessageToAssignee","Value":null},{"ParentStepIdentifier":"7ad568c6-d603-45ce-94b4-9b925c793965","ParentWorkflowIdentifier":"0603cecd-77d7-421f-8677-73774af1435f","Name":"PendingActionTimeout","Value":null},{"ParentStepIdentifier":"7ad568c6-d603-45ce-94b4-9b925c793965","ParentWorkflowIdentifier":"0603cecd-77d7-421f-8677-73774af1435f","Name":"ScriptName","Value":"Zendesk_Create Ticket"},{"ParentStepIdentifier":"7ad568c6-d603-45ce-94b4-9b925c793965","ParentWorkflowIdentifier":"0603cecd-77d7-421f-8677-73774af1435f","Name":"ScriptParametersEntityFields","Value":"{\"Subject\":\"[Alert.Name]\",\"Description\":\"Involved entities:\\n[Entity.OriginalIdentifier]\\n\\n\\n[Alert.caseUrl]\",\"Assigned User\":\"[Input.Assignee (optional)]\",\"Assignment Group\":\"\",\"Priority\":\"[Alert.ZDticketPriority]\",\"Ticket Type\":\"incident\",\"Tag\":\"\",\"Internal Note\":false,\"Email CCs\":\"\",\"Validate Email CCs\":true}"},{"ParentStepIdentifier":"7ad568c6-d603-45ce-94b4-9b925c793965","ParentWorkflowIdentifier":"0603cecd-77d7-421f-8677-73774af1435f","Name":"SelectedScopeName","Value":"All entities"}],"AutoSkipOnFailure":true,"IsDebugMockData":false,"StepDebugData":null},{"Identifier":"80fa26a3-d3b2-47b9-b6cd-70bbda04f047","OriginalStepIdentifier":"b4aae6a2-dacb-4ae6-a2ca-f68a71143af2","ParentWorkflowIdentifier":"0603cecd-77d7-421f-8677-73774af1435f","ParentStepIdentifiers":["31474ba7-20f5-44ab-a5c1-f99e0c1c6b64"],"ParentStepIdentifier":"31474ba7-20f5-44ab-a5c1-f99e0c1c6b64","PreviousResultCondition":"{\n  \"31474ba7-20f5-44ab-a5c1-f99e0c1c6b64\": \"2\"\n}","InstanceName":"Siemplify_Case Comment_Failed creating ticket","IsAutomatic":true,"Name":"Siemplify_Case Comment","IsSkippable":false,"Description":"Add a comment to the case the current alert has been grouped to","ActionProvider":"Scripts","ActionName":"Siemplify_Case Comment","Type":0,"Integration":"Siemplify","Parameters":[{"ParentStepIdentifier":"80fa26a3-d3b2-47b9-b6cd-70bbda04f047","ParentWorkflowIdentifier":"0603cecd-77d7-421f-8677-73774af1435f","Name":"AssignedUsers","Value":null},{"ParentStepIdentifier":"80fa26a3-d3b2-47b9-b6cd-70bbda04f047","ParentWorkflowIdentifier":"0603cecd-77d7-421f-8677-73774af1435f","Name":"AsyncActionTimeout","Value":"86400"},{"ParentStepIdentifier":"80fa26a3-d3b2-47b9-b6cd-70bbda04f047","ParentWorkflowIdentifier":"0603cecd-77d7-421f-8677-73774af1435f","Name":"AsyncPollingInterval","Value":"3600"},{"ParentStepIdentifier":"80fa26a3-d3b2-47b9-b6cd-70bbda04f047","ParentWorkflowIdentifier":"0603cecd-77d7-421f-8677-73774af1435f","Name":"FallbackIntegrationInstance","Value":null},{"ParentStepIdentifier":"80fa26a3-d3b2-47b9-b6cd-70bbda04f047","ParentWorkflowIdentifier":"0603cecd-77d7-421f-8677-73774af1435f","Name":"HasApprovalLink","Value":null},{"ParentStepIdentifier":"80fa26a3-d3b2-47b9-b6cd-70bbda04f047","ParentWorkflowIdentifier":"0603cecd-77d7-421f-8677-73774af1435f","Name":"IntegrationInstance","Value":"5a47e2d9-4731-4b72-91db-6cc0677252d1"},{"ParentStepIdentifier":"80fa26a3-d3b2-47b9-b6cd-70bbda04f047","ParentWorkflowIdentifier":"0603cecd-77d7-421f-8677-73774af1435f","Name":"MessageToAssignee","Value":null},{"ParentStepIdentifier":"80fa26a3-d3b2-47b9-b6cd-70bbda04f047","ParentWorkflowIdentifier":"0603cecd-77d7-421f-8677-73774af1435f","Name":"PendingActionTimeout","Value":null},{"ParentStepIdentifier":"80fa26a3-d3b2-47b9-b6cd-70bbda04f047","ParentWorkflowIdentifier":"0603cecd-77d7-421f-8677-73774af1435f","Name":"ScriptName","Value":"Siemplify_Case Comment"},{"ParentStepIdentifier":"80fa26a3-d3b2-47b9-b6cd-70bbda04f047","ParentWorkflowIdentifier":"0603cecd-77d7-421f-8677-73774af1435f","Name":"ScriptParametersEntityFields","Value":"{\"Comment\":\"Ticket was not created successfully \"}"},{"ParentStepIdentifier":"80fa26a3-d3b2-47b9-b6cd-70bbda04f047","ParentWorkflowIdentifier":"0603cecd-77d7-421f-8677-73774af1435f","Name":"SelectedScopeName","Value":"All entities"}],"AutoSkipOnFailure":false,"IsDebugMockData":false,"StepDebugData":null},{"Identifier":"9836a68f-50db-4f34-9979-747cbef09f37","OriginalStepIdentifier":"534023bf-d0d3-4756-a022-ee22d950a932","ParentWorkflowIdentifier":"0603cecd-77d7-421f-8677-73774af1435f","ParentStepIdentifiers":["c53064f6-944f-4d68-a095-c537172b49ce"],"ParentStepIdentifier":"c53064f6-944f-4d68-a095-c537172b49ce","PreviousResultCondition":"{\n  \"c53064f6-944f-4d68-a095-c537172b49ce\": \"2\"\n}","InstanceName":"Set Empty URL","IsAutomatic":true,"Name":"Tools_Set Context Value","IsSkippable":false,"Description":"The action sets a key and value in a specific context (alert or case)","ActionProvider":"Scripts","ActionName":"Tools_Set Context Value","Type":0,"Integration":"Tools","Parameters":[{"ParentStepIdentifier":"9836a68f-50db-4f34-9979-747cbef09f37","ParentWorkflowIdentifier":"0603cecd-77d7-421f-8677-73774af1435f","Name":"AssignedUsers","Value":null},{"ParentStepIdentifier":"9836a68f-50db-4f34-9979-747cbef09f37","ParentWorkflowIdentifier":"0603cecd-77d7-421f-8677-73774af1435f","Name":"AsyncActionTimeout","Value":"86400"},{"ParentStepIdentifier":"9836a68f-50db-4f34-9979-747cbef09f37","ParentWorkflowIdentifier":"0603cecd-77d7-421f-8677-73774af1435f","Name":"AsyncPollingInterval","Value":"3600"},{"ParentStepIdentifier":"9836a68f-50db-4f34-9979-747cbef09f37","ParentWorkflowIdentifier":"0603cecd-77d7-421f-8677-73774af1435f","Name":"FallbackIntegrationInstance","Value":null},{"ParentStepIdentifier":"9836a68f-50db-4f34-9979-747cbef09f37","ParentWorkflowIdentifier":"0603cecd-77d7-421f-8677-73774af1435f","Name":"HasApprovalLink","Value":null},{"ParentStepIdentifier":"9836a68f-50db-4f34-9979-747cbef09f37","ParentWorkflowIdentifier":"0603cecd-77d7-421f-8677-73774af1435f","Name":"IntegrationInstance","Value":"2e787919-e84d-4616-9029-2cf1a5b8cbb3"},{"ParentStepIdentifier":"9836a68f-50db-4f34-9979-747cbef09f37","ParentWorkflowIdentifier":"0603cecd-77d7-421f-8677-73774af1435f","Name":"MessageToAssignee","Value":null},{"ParentStepIdentifier":"9836a68f-50db-4f34-9979-747cbef09f37","ParentWorkflowIdentifier":"0603cecd-77d7-421f-8677-73774af1435f","Name":"PendingActionTimeout","Value":null},{"ParentStepIdentifier":"9836a68f-50db-4f34-9979-747cbef09f37","ParentWorkflowIdentifier":"0603cecd-77d7-421f-8677-73774af1435f","Name":"ScriptName","Value":"Tools_Set Context Value"},{"ParentStepIdentifier":"9836a68f-50db-4f34-9979-747cbef09f37","ParentWorkflowIdentifier":"0603cecd-77d7-421f-8677-73774af1435f","Name":"ScriptParametersEntityFields","Value":"{\"Value\":\"A case was opened in Siemplify.\",\"Key\":\"caseUrl\",\"Scope\":\"Alert\"}"},{"ParentStepIdentifier":"9836a68f-50db-4f34-9979-747cbef09f37","ParentWorkflowIdentifier":"0603cecd-77d7-421f-8677-73774af1435f","Name":"SelectedScopeName","Value":"All entities"}],"AutoSkipOnFailure":true,"IsDebugMockData":false,"StepDebugData":null},{"Identifier":"98d9d1b1-07fb-4a18-98c5-65222224940d","OriginalStepIdentifier":"d3271388-344c-4ddc-b63d-67372fdb87bf","ParentWorkflowIdentifier":"0603cecd-77d7-421f-8677-73774af1435f","ParentStepIdentifiers":["9f66e16d-8c6b-42f5-9559-90cdeeac1a56"],"ParentStepIdentifier":"9f66e16d-8c6b-42f5-9559-90cdeeac1a56","PreviousResultCondition":"{\n  \"9f66e16d-8c6b-42f5-9559-90cdeeac1a56\": \"2\"\n}","InstanceName":"ServiceNow_Create Incident","IsAutomatic":true,"Name":"ServiceNow_Create Incident","IsSkippable":false,"Description":"Create a new incident in the ServiceNow system","ActionProvider":"Scripts","ActionName":"ServiceNow_Create Incident","Type":0,"Integration":"ServiceNow","Parameters":[{"ParentStepIdentifier":"98d9d1b1-07fb-4a18-98c5-65222224940d","ParentWorkflowIdentifier":"0603cecd-77d7-421f-8677-73774af1435f","Name":"AssignedUsers","Value":null},{"ParentStepIdentifier":"98d9d1b1-07fb-4a18-98c5-65222224940d","ParentWorkflowIdentifier":"0603cecd-77d7-421f-8677-73774af1435f","Name":"AsyncActionTimeout","Value":"86400"},{"ParentStepIdentifier":"98d9d1b1-07fb-4a18-98c5-65222224940d","ParentWorkflowIdentifier":"0603cecd-77d7-421f-8677-73774af1435f","Name":"AsyncPollingInterval","Value":"3600"},{"ParentStepIdentifier":"98d9d1b1-07fb-4a18-98c5-65222224940d","ParentWorkflowIdentifier":"0603cecd-77d7-421f-8677-73774af1435f","Name":"FallbackIntegrationInstance","Value":null},{"ParentStepIdentifier":"98d9d1b1-07fb-4a18-98c5-65222224940d","ParentWorkflowIdentifier":"0603cecd-77d7-421f-8677-73774af1435f","Name":"HasApprovalLink","Value":null},{"ParentStepIdentifier":"98d9d1b1-07fb-4a18-98c5-65222224940d","ParentWorkflowIdentifier":"0603cecd-77d7-421f-8677-73774af1435f","Name":"IntegrationInstance","Value":"6b793f35-7e4b-4802-946b-5008b712beff"},{"ParentStepIdentifier":"98d9d1b1-07fb-4a18-98c5-65222224940d","ParentWorkflowIdentifier":"0603cecd-77d7-421f-8677-73774af1435f","Name":"MessageToAssignee","Value":null},{"ParentStepIdentifier":"98d9d1b1-07fb-4a18-98c5-65222224940d","ParentWorkflowIdentifier":"0603cecd-77d7-421f-8677-73774af1435f","Name":"PendingActionTimeout","Value":null},{"ParentStepIdentifier":"98d9d1b1-07fb-4a18-98c5-65222224940d","ParentWorkflowIdentifier":"0603cecd-77d7-421f-8677-73774af1435f","Name":"ScriptName","Value":"ServiceNow_Create Incident"},{"ParentStepIdentifier":"98d9d1b1-07fb-4a18-98c5-65222224940d","ParentWorkflowIdentifier":"0603cecd-77d7-421f-8677-73774af1435f","Name":"ScriptParametersEntityFields","Value":"{\"Short Description\":\"[Alert.Name]\",\"Impact\":\"[Alert.SNticketPriority]\",\"Urgency\":\"[Alert.SNticketPriority]\",\"Category\":\"\",\"Assignment group ID\":\"\",\"Assigned User ID\":\"[Input.Assignee (optional)]\",\"Description\":\"Involved entities:\\n[Entity.OriginalIdentifier]\\n\\n[Alert.caseUrl]\",\"Custom Fields\":\"\"}"},{"ParentStepIdentifier":"98d9d1b1-07fb-4a18-98c5-65222224940d","ParentWorkflowIdentifier":"0603cecd-77d7-421f-8677-73774af1435f","Name":"SelectedScopeName","Value":"All entities"}],"AutoSkipOnFailure":true,"IsDebugMockData":false,"StepDebugData":null},{"Identifier":"9e74c3ff-b2ba-4acc-a146-bde3d505e549","OriginalStepIdentifier":"a2116d50-b5fb-48e9-8966-b991ab41e9ff","ParentWorkflowIdentifier":"0603cecd-77d7-421f-8677-73774af1435f","ParentStepIdentifiers":["71c71399-2b10-415c-910b-24110e322428"],"ParentStepIdentifier":"71c71399-2b10-415c-910b-24110e322428","PreviousResultCondition":"{\n  \"71c71399-2b10-415c-910b-24110e322428\": \"3\"\n}","InstanceName":"Set ZenDesk ticket priority2","IsAutomatic":true,"Name":"Tools_Set Context Value","IsSkippable":false,"Description":"The action sets a key and value in a specific context (alert or case)","ActionProvider":"Scripts","ActionName":"Tools_Set Context Value","Type":0,"Integration":"Tools","Parameters":[{"ParentStepIdentifier":"9e74c3ff-b2ba-4acc-a146-bde3d505e549","ParentWorkflowIdentifier":"0603cecd-77d7-421f-8677-73774af1435f","Name":"AssignedUsers","Value":null},{"ParentStepIdentifier":"9e74c3ff-b2ba-4acc-a146-bde3d505e549","ParentWorkflowIdentifier":"0603cecd-77d7-421f-8677-73774af1435f","Name":"AsyncActionTimeout","Value":"86400"},{"ParentStepIdentifier":"9e74c3ff-b2ba-4acc-a146-bde3d505e549","ParentWorkflowIdentifier":"0603cecd-77d7-421f-8677-73774af1435f","Name":"AsyncPollingInterval","Value":"3600"},{"ParentStepIdentifier":"9e74c3ff-b2ba-4acc-a146-bde3d505e549","ParentWorkflowIdentifier":"0603cecd-77d7-421f-8677-73774af1435f","Name":"FallbackIntegrationInstance","Value":null},{"ParentStepIdentifier":"9e74c3ff-b2ba-4acc-a146-bde3d505e549","ParentWorkflowIdentifier":"0603cecd-77d7-421f-8677-73774af1435f","Name":"HasApprovalLink","Value":null},{"ParentStepIdentifier":"9e74c3ff-b2ba-4acc-a146-bde3d505e549","ParentWorkflowIdentifier":"0603cecd-77d7-421f-8677-73774af1435f","Name":"IntegrationInstance","Value":"2e787919-e84d-4616-9029-2cf1a5b8cbb3"},{"ParentStepIdentifier":"9e74c3ff-b2ba-4acc-a146-bde3d505e549","ParentWorkflowIdentifier":"0603cecd-77d7-421f-8677-73774af1435f","Name":"MessageToAssignee","Value":null},{"ParentStepIdentifier":"9e74c3ff-b2ba-4acc-a146-bde3d505e549","ParentWorkflowIdentifier":"0603cecd-77d7-421f-8677-73774af1435f","Name":"PendingActionTimeout","Value":null},{"ParentStepIdentifier":"9e74c3ff-b2ba-4acc-a146-bde3d505e549","ParentWorkflowIdentifier":"0603cecd-77d7-421f-8677-73774af1435f","Name":"ScriptName","Value":"Tools_Set Context Value"},{"ParentStepIdentifier":"9e74c3ff-b2ba-4acc-a146-bde3d505e549","ParentWorkflowIdentifier":"0603cecd-77d7-421f-8677-73774af1435f","Name":"ScriptParametersEntityFields","Value":"{\"Value\":\"normal\",\"Key\":\"ZDticketPriority\",\"Scope\":\"Alert\"}"},{"ParentStepIdentifier":"9e74c3ff-b2ba-4acc-a146-bde3d505e549","ParentWorkflowIdentifier":"0603cecd-77d7-421f-8677-73774af1435f","Name":"SelectedScopeName","Value":"All entities"}],"AutoSkipOnFailure":true,"IsDebugMockData":false,"StepDebugData":null},{"Identifier":"9f66e16d-8c6b-42f5-9559-90cdeeac1a56","OriginalStepIdentifier":"1181e4d8-c5ff-4916-aafc-65dacdf4f12e","ParentWorkflowIdentifier":"0603cecd-77d7-421f-8677-73774af1435f","ParentStepIdentifiers":["39235b9c-cdfd-47a6-b89a-90bfb9e270bf","1b55076f-fa3b-4397-871e-95af75453dd7","67e80867-206e-4a9a-b388-1ba96a0f502b"],"ParentStepIdentifier":"39235b9c-cdfd-47a6-b89a-90bfb9e270bf;1b55076f-fa3b-4397-871e-95af75453dd7;67e80867-206e-4a9a-b388-1ba96a0f502b","PreviousResultCondition":"{}","InstanceName":"Choose Ticketing system","IsAutomatic":true,"Name":"Condition","IsSkippable":false,"Description":"This condition determines the progress of the playbook. Conditions are built based on cases data (cases, alerts, vents, entities and environment properties) as-well as data that comes back from previous playbook steps.","ActionProvider":"Flow","ActionName":"IfFlowCondition","Type":4,"Integration":"Flow","Parameters":[{"ParentStepIdentifier":"9f66e16d-8c6b-42f5-9559-90cdeeac1a56","ParentWorkflowIdentifier":"0603cecd-77d7-421f-8677-73774af1435f","Name":"AssignedUsers","Value":null},{"ParentStepIdentifier":"9f66e16d-8c6b-42f5-9559-90cdeeac1a56","ParentWorkflowIdentifier":"0603cecd-77d7-421f-8677-73774af1435f","Name":"Branches","Value":"[{\"LogicalOperator\":0,\"Conditions\":[{\"Operator\":0,\"FieldName\":\"[GET ITSM Product.JsonResult| \\\"Value\\\"]\",\"Type\":2,\"Value\":\"Jira\"}],\"Order\":1,\"IsDefaultBranch\":false,\"Name\":\"Jira\"},{\"LogicalOperator\":0,\"Conditions\":[],\"Order\":4,\"IsDefaultBranch\":true,\"Name\":\"Branch\"},{\"LogicalOperator\":0,\"Conditions\":[{\"Operator\":0,\"FieldName\":\"[GET ITSM Product.JsonResult| \\\"Value\\\"]\",\"Type\":2,\"Value\":\"Service Now\"}],\"Order\":2,\"IsDefaultBranch\":false,\"Name\":\"Service Now\"},{\"LogicalOperator\":0,\"Conditions\":[{\"Operator\":0,\"FieldName\":\"[GET ITSM Product.JsonResult| \\\"Value\\\"]\",\"Type\":2,\"Value\":\"ZenDesk\"}],\"Order\":3,\"IsDefaultBranch\":false,\"Name\":\"ZenDesk\"}]"},{"ParentStepIdentifier":"9f66e16d-8c6b-42f5-9559-90cdeeac1a56","ParentWorkflowIdentifier":"0603cecd-77d7-421f-8677-73774af1435f","Name":"ErrorFallbackBranch","Value":"4"},{"ParentStepIdentifier":"9f66e16d-8c6b-42f5-9559-90cdeeac1a56","ParentWorkflowIdentifier":"0603cecd-77d7-421f-8677-73774af1435f","Name":"HasApprovalLink","Value":null},{"ParentStepIdentifier":"9f66e16d-8c6b-42f5-9559-90cdeeac1a56","ParentWorkflowIdentifier":"0603cecd-77d7-421f-8677-73774af1435f","Name":"MessageToAssignee","Value":null},{"ParentStepIdentifier":"9f66e16d-8c6b-42f5-9559-90cdeeac1a56","ParentWorkflowIdentifier":"0603cecd-77d7-421f-8677-73774af1435f","Name":"PendingActionTimeout","Value":null},{"ParentStepIdentifier":"9f66e16d-8c6b-42f5-9559-90cdeeac1a56","ParentWorkflowIdentifier":"0603cecd-77d7-421f-8677-73774af1435f","Name":"SelectedScopeName","Value":"All entities"}],"AutoSkipOnFailure":false,"IsDebugMockData":false,"StepDebugData":null},{"Identifier":"acc04fc5-2b66-4f63-85f0-1794b9c3a4b0","OriginalStepIdentifier":"2139b0c6-caf8-4160-adec-4e63cc9efe71","ParentWorkflowIdentifier":"0603cecd-77d7-421f-8677-73774af1435f","ParentStepIdentifiers":["ff2fe225-ed35-4d2c-b786-8e4b3ee2514b"],"ParentStepIdentifier":"ff2fe225-ed35-4d2c-b786-8e4b3ee2514b","PreviousResultCondition":"{}","InstanceName":"Tools_Set Ticket ID","IsAutomatic":true,"Name":"Tools_Set Context Value","IsSkippable":false,"Description":"The action sets a key and value in a specific context (alert or case)","ActionProvider":"Scripts","ActionName":"Tools_Set Context Value","Type":0,"Integration":"Tools","Parameters":[{"ParentStepIdentifier":"acc04fc5-2b66-4f63-85f0-1794b9c3a4b0","ParentWorkflowIdentifier":"0603cecd-77d7-421f-8677-73774af1435f","Name":"AssignedUsers","Value":null},{"ParentStepIdentifier":"acc04fc5-2b66-4f63-85f0-1794b9c3a4b0","ParentWorkflowIdentifier":"0603cecd-77d7-421f-8677-73774af1435f","Name":"AsyncActionTimeout","Value":"86400"},{"ParentStepIdentifier":"acc04fc5-2b66-4f63-85f0-1794b9c3a4b0","ParentWorkflowIdentifier":"0603cecd-77d7-421f-8677-73774af1435f","Name":"AsyncPollingInterval","Value":"3600"},{"ParentStepIdentifier":"acc04fc5-2b66-4f63-85f0-1794b9c3a4b0","ParentWorkflowIdentifier":"0603cecd-77d7-421f-8677-73774af1435f","Name":"FallbackIntegrationInstance","Value":null},{"ParentStepIdentifier":"acc04fc5-2b66-4f63-85f0-1794b9c3a4b0","ParentWorkflowIdentifier":"0603cecd-77d7-421f-8677-73774af1435f","Name":"HasApprovalLink","Value":null},{"ParentStepIdentifier":"acc04fc5-2b66-4f63-85f0-1794b9c3a4b0","ParentWorkflowIdentifier":"0603cecd-77d7-421f-8677-73774af1435f","Name":"IntegrationInstance","Value":"2e787919-e84d-4616-9029-2cf1a5b8cbb3"},{"ParentStepIdentifier":"acc04fc5-2b66-4f63-85f0-1794b9c3a4b0","ParentWorkflowIdentifier":"0603cecd-77d7-421f-8677-73774af1435f","Name":"MessageToAssignee","Value":null},{"ParentStepIdentifier":"acc04fc5-2b66-4f63-85f0-1794b9c3a4b0","ParentWorkflowIdentifier":"0603cecd-77d7-421f-8677-73774af1435f","Name":"PendingActionTimeout","Value":null},{"ParentStepIdentifier":"acc04fc5-2b66-4f63-85f0-1794b9c3a4b0","ParentWorkflowIdentifier":"0603cecd-77d7-421f-8677-73774af1435f","Name":"ScriptName","Value":"Tools_Set Context Value"},{"ParentStepIdentifier":"acc04fc5-2b66-4f63-85f0-1794b9c3a4b0","ParentWorkflowIdentifier":"0603cecd-77d7-421f-8677-73774af1435f","Name":"ScriptParametersEntityFields","Value":"{\"Value\":\"[Jira_Open Ticket.issue_key]\",\"Key\":\"TicketID\",\"Scope\":\"Alert\"}"},{"ParentStepIdentifier":"acc04fc5-2b66-4f63-85f0-1794b9c3a4b0","ParentWorkflowIdentifier":"0603cecd-77d7-421f-8677-73774af1435f","Name":"SelectedScopeName","Value":"All entities"}],"AutoSkipOnFailure":true,"IsDebugMockData":false,"StepDebugData":null},{"Identifier":"c53064f6-944f-4d68-a095-c537172b49ce","OriginalStepIdentifier":"affa4474-2f56-4b0d-a3d0-0f440a1f4d7b","ParentWorkflowIdentifier":"0603cecd-77d7-421f-8677-73774af1435f","ParentStepIdentifiers":["173f00c4-6ac9-4a37-b246-dd5f0e5c719c"],"ParentStepIdentifier":"173f00c4-6ac9-4a37-b246-dd5f0e5c719c","PreviousResultCondition":"{}","InstanceName":"URL not empty?","IsAutomatic":true,"Name":"Condition","IsSkippable":false,"Description":"This condition determines the progress of the playbook. Conditions are built based on cases data (cases, alerts, vents, entities and environment properties) as-well as data that comes back from previous playbook steps.","ActionProvider":"Flow","ActionName":"IfFlowCondition","Type":4,"Integration":"Flow","Parameters":[{"ParentStepIdentifier":"c53064f6-944f-4d68-a095-c537172b49ce","ParentWorkflowIdentifier":"0603cecd-77d7-421f-8677-73774af1435f","Name":"AssignedUsers","Value":null},{"ParentStepIdentifier":"c53064f6-944f-4d68-a095-c537172b49ce","ParentWorkflowIdentifier":"0603cecd-77d7-421f-8677-73774af1435f","Name":"Branches","Value":"[{\"LogicalOperator\":0,\"Conditions\":[{\"Operator\":8,\"FieldName\":\"[Input.Siemplify URL (optional)]\",\"Type\":2,\"Value\":\"\"}],\"Order\":1,\"IsDefaultBranch\":false,\"Name\":\"Branch\"},{\"LogicalOperator\":0,\"Conditions\":[],\"Order\":2,\"IsDefaultBranch\":true,\"Name\":\"Branch\"}]"},{"ParentStepIdentifier":"c53064f6-944f-4d68-a095-c537172b49ce","ParentWorkflowIdentifier":"0603cecd-77d7-421f-8677-73774af1435f","Name":"ErrorFallbackBranch","Value":"2"},{"ParentStepIdentifier":"c53064f6-944f-4d68-a095-c537172b49ce","ParentWorkflowIdentifier":"0603cecd-77d7-421f-8677-73774af1435f","Name":"HasApprovalLink","Value":null},{"ParentStepIdentifier":"c53064f6-944f-4d68-a095-c537172b49ce","ParentWorkflowIdentifier":"0603cecd-77d7-421f-8677-73774af1435f","Name":"MessageToAssignee","Value":null},{"ParentStepIdentifier":"c53064f6-944f-4d68-a095-c537172b49ce","ParentWorkflowIdentifier":"0603cecd-77d7-421f-8677-73774af1435f","Name":"PendingActionTimeout","Value":null},{"ParentStepIdentifier":"c53064f6-944f-4d68-a095-c537172b49ce","ParentWorkflowIdentifier":"0603cecd-77d7-421f-8677-73774af1435f","Name":"SelectedScopeName","Value":"All entities"}],"AutoSkipOnFailure":false,"IsDebugMockData":false,"StepDebugData":null},{"Identifier":"d697cc85-e369-4d00-a108-067a6b9b2b3c","OriginalStepIdentifier":"0c5498d6-5d85-4e16-8a0e-faae4820f9a2","ParentWorkflowIdentifier":"0603cecd-77d7-421f-8677-73774af1435f","ParentStepIdentifiers":["363aa8d3-3f53-4deb-995a-59c729b3f7f3"],"ParentStepIdentifier":"363aa8d3-3f53-4deb-995a-59c729b3f7f3","PreviousResultCondition":"{}","InstanceName":"Output_1","IsAutomatic":true,"Name":"Output","IsSkippable":false,"Description":"","ActionProvider":"Flow","ActionName":"OutputAction","Type":6,"Integration":"Flow","Parameters":[{"ParentStepIdentifier":"d697cc85-e369-4d00-a108-067a6b9b2b3c","ParentWorkflowIdentifier":"0603cecd-77d7-421f-8677-73774af1435f","Name":"NestedWorkflowOutput","Value":"{\"ticketid\":\"[Tools_Get TicketID.ScriptResult]\",\"ts\":\"[Input.Ticketing system]\"}"}],"AutoSkipOnFailure":false,"IsDebugMockData":false,"StepDebugData":null},{"Identifier":"dc411165-c52f-40c2-a03f-f696b3785cbe","OriginalStepIdentifier":"58b9b413-1808-4fe4-af9b-df45fba4d1a9","ParentWorkflowIdentifier":"0603cecd-77d7-421f-8677-73774af1435f","ParentStepIdentifiers":["acc04fc5-2b66-4f63-85f0-1794b9c3a4b0","0fca97d1-d75f-429f-a487-3fb7eeb0548c","27efd390-7970-4584-b80a-9b8af7a02f11"],"ParentStepIdentifier":"acc04fc5-2b66-4f63-85f0-1794b9c3a4b0;0fca97d1-d75f-429f-a487-3fb7eeb0548c;27efd390-7970-4584-b80a-9b8af7a02f11","PreviousResultCondition":"{}","InstanceName":"Tools_Get TicketID","IsAutomatic":true,"Name":"Tools_Get Context Value","IsSkippable":false,"Description":"The action gets a key and value in a specific context (alert or case)","ActionProvider":"Scripts","ActionName":"Tools_Get Context Value","Type":0,"Integration":"Tools","Parameters":[{"ParentStepIdentifier":"dc411165-c52f-40c2-a03f-f696b3785cbe","ParentWorkflowIdentifier":"0603cecd-77d7-421f-8677-73774af1435f","Name":"AssignedUsers","Value":null},{"ParentStepIdentifier":"dc411165-c52f-40c2-a03f-f696b3785cbe","ParentWorkflowIdentifier":"0603cecd-77d7-421f-8677-73774af1435f","Name":"AsyncActionTimeout","Value":"86400"},{"ParentStepIdentifier":"dc411165-c52f-40c2-a03f-f696b3785cbe","ParentWorkflowIdentifier":"0603cecd-77d7-421f-8677-73774af1435f","Name":"AsyncPollingInterval","Value":"3600"},{"ParentStepIdentifier":"dc411165-c52f-40c2-a03f-f696b3785cbe","ParentWorkflowIdentifier":"0603cecd-77d7-421f-8677-73774af1435f","Name":"FallbackIntegrationInstance","Value":null},{"ParentStepIdentifier":"dc411165-c52f-40c2-a03f-f696b3785cbe","ParentWorkflowIdentifier":"0603cecd-77d7-421f-8677-73774af1435f","Name":"HasApprovalLink","Value":null},{"ParentStepIdentifier":"dc411165-c52f-40c2-a03f-f696b3785cbe","ParentWorkflowIdentifier":"0603cecd-77d7-421f-8677-73774af1435f","Name":"IntegrationInstance","Value":"2e787919-e84d-4616-9029-2cf1a5b8cbb3"},{"ParentStepIdentifier":"dc411165-c52f-40c2-a03f-f696b3785cbe","ParentWorkflowIdentifier":"0603cecd-77d7-421f-8677-73774af1435f","Name":"MessageToAssignee","Value":null},{"ParentStepIdentifier":"dc411165-c52f-40c2-a03f-f696b3785cbe","ParentWorkflowIdentifier":"0603cecd-77d7-421f-8677-73774af1435f","Name":"PendingActionTimeout","Value":null},{"ParentStepIdentifier":"dc411165-c52f-40c2-a03f-f696b3785cbe","ParentWorkflowIdentifier":"0603cecd-77d7-421f-8677-73774af1435f","Name":"ScriptName","Value":"Tools_Get Context Value"},{"ParentStepIdentifier":"dc411165-c52f-40c2-a03f-f696b3785cbe","ParentWorkflowIdentifier":"0603cecd-77d7-421f-8677-73774af1435f","Name":"ScriptParametersEntityFields","Value":"{\"Scope\":\"Alert\",\"Key\":\"TicketID\"}"},{"ParentStepIdentifier":"dc411165-c52f-40c2-a03f-f696b3785cbe","ParentWorkflowIdentifier":"0603cecd-77d7-421f-8677-73774af1435f","Name":"SelectedScopeName","Value":"All entities"}],"AutoSkipOnFailure":true,"IsDebugMockData":false,"StepDebugData":null},{"Identifier":"e9a79151-8f6d-4ae5-ad6f-39bf0e445fda","OriginalStepIdentifier":"6d1117d6-ca64-4e89-8336-3c88e8e5016c","ParentWorkflowIdentifier":"0603cecd-77d7-421f-8677-73774af1435f","ParentStepIdentifiers":["71c71399-2b10-415c-910b-24110e322428"],"ParentStepIdentifier":"71c71399-2b10-415c-910b-24110e322428","PreviousResultCondition":"{\n  \"71c71399-2b10-415c-910b-24110e322428\": \"2\"\n}","InstanceName":"Set ZenDesk ticket priority1","IsAutomatic":true,"Name":"Tools_Set Context Value","IsSkippable":false,"Description":"The action sets a key and value in a specific context (alert or case)","ActionProvider":"Scripts","ActionName":"Tools_Set Context Value","Type":0,"Integration":"Tools","Parameters":[{"ParentStepIdentifier":"e9a79151-8f6d-4ae5-ad6f-39bf0e445fda","ParentWorkflowIdentifier":"0603cecd-77d7-421f-8677-73774af1435f","Name":"AssignedUsers","Value":null},{"ParentStepIdentifier":"e9a79151-8f6d-4ae5-ad6f-39bf0e445fda","ParentWorkflowIdentifier":"0603cecd-77d7-421f-8677-73774af1435f","Name":"AsyncActionTimeout","Value":"86400"},{"ParentStepIdentifier":"e9a79151-8f6d-4ae5-ad6f-39bf0e445fda","ParentWorkflowIdentifier":"0603cecd-77d7-421f-8677-73774af1435f","Name":"AsyncPollingInterval","Value":"3600"},{"ParentStepIdentifier":"e9a79151-8f6d-4ae5-ad6f-39bf0e445fda","ParentWorkflowIdentifier":"0603cecd-77d7-421f-8677-73774af1435f","Name":"FallbackIntegrationInstance","Value":null},{"ParentStepIdentifier":"e9a79151-8f6d-4ae5-ad6f-39bf0e445fda","ParentWorkflowIdentifier":"0603cecd-77d7-421f-8677-73774af1435f","Name":"HasApprovalLink","Value":null},{"ParentStepIdentifier":"e9a79151-8f6d-4ae5-ad6f-39bf0e445fda","ParentWorkflowIdentifier":"0603cecd-77d7-421f-8677-73774af1435f","Name":"IntegrationInstance","Value":"2e787919-e84d-4616-9029-2cf1a5b8cbb3"},{"ParentStepIdentifier":"e9a79151-8f6d-4ae5-ad6f-39bf0e445fda","ParentWorkflowIdentifier":"0603cecd-77d7-421f-8677-73774af1435f","Name":"MessageToAssignee","Value":null},{"ParentStepIdentifier":"e9a79151-8f6d-4ae5-ad6f-39bf0e445fda","ParentWorkflowIdentifier":"0603cecd-77d7-421f-8677-73774af1435f","Name":"PendingActionTimeout","Value":null},{"ParentStepIdentifier":"e9a79151-8f6d-4ae5-ad6f-39bf0e445fda","ParentWorkflowIdentifier":"0603cecd-77d7-421f-8677-73774af1435f","Name":"ScriptName","Value":"Tools_Set Context Value"},{"ParentStepIdentifier":"e9a79151-8f6d-4ae5-ad6f-39bf0e445fda","ParentWorkflowIdentifier":"0603cecd-77d7-421f-8677-73774af1435f","Name":"ScriptParametersEntityFields","Value":"{\"Value\":\"high\",\"Key\":\"ZDticketPriority\",\"Scope\":\"Alert\"}"},{"ParentStepIdentifier":"e9a79151-8f6d-4ae5-ad6f-39bf0e445fda","ParentWorkflowIdentifier":"0603cecd-77d7-421f-8677-73774af1435f","Name":"SelectedScopeName","Value":"All entities"}],"AutoSkipOnFailure":true,"IsDebugMockData":false,"StepDebugData":null},{"Identifier":"f50b7a6e-c1e5-47a1-973b-fde6e5233d10","OriginalStepIdentifier":"76af4a89-9462-4283-a6cb-0cac3da21918","ParentWorkflowIdentifier":"0603cecd-77d7-421f-8677-73774af1435f","ParentStepIdentifiers":["9f66e16d-8c6b-42f5-9559-90cdeeac1a56"],"ParentStepIdentifier":"9f66e16d-8c6b-42f5-9559-90cdeeac1a56","PreviousResultCondition":"{\n  \"9f66e16d-8c6b-42f5-9559-90cdeeac1a56\": \"4\"\n}","InstanceName":"Output_2","IsAutomatic":true,"Name":"Output","IsSkippable":false,"Description":"","ActionProvider":"Flow","ActionName":"OutputAction","Type":6,"Integration":"Flow","Parameters":[{"ParentStepIdentifier":"f50b7a6e-c1e5-47a1-973b-fde6e5233d10","ParentWorkflowIdentifier":"0603cecd-77d7-421f-8677-73774af1435f","Name":"NestedWorkflowOutput","Value":"No Ticket"}],"AutoSkipOnFailure":false,"IsDebugMockData":false,"StepDebugData":null},{"Identifier":"ff2fe225-ed35-4d2c-b786-8e4b3ee2514b","OriginalStepIdentifier":"4ebd94ff-45c9-47b6-b75c-32c973ad9c06","ParentWorkflowIdentifier":"0603cecd-77d7-421f-8677-73774af1435f","ParentStepIdentifiers":["9f66e16d-8c6b-42f5-9559-90cdeeac1a56"],"ParentStepIdentifier":"9f66e16d-8c6b-42f5-9559-90cdeeac1a56","PreviousResultCondition":"{\n  \"9f66e16d-8c6b-42f5-9559-90cdeeac1a56\": \"1\"\n}","InstanceName":"Jira_Open Ticket","IsAutomatic":true,"Name":"Jira_Create Issue","IsSkippable":false,"Description":"Create an issue in a project. (Jira username could be: name, mail, etc...). For new Jira Api, action will try to find a match for the assignee to assign an issue based on User email or displayName field.\nAdd your relevant project key.","ActionProvider":"Scripts","ActionName":"Jira_Create Issue","Type":0,"Integration":"Jira","Parameters":[{"ParentStepIdentifier":"ff2fe225-ed35-4d2c-b786-8e4b3ee2514b","ParentWorkflowIdentifier":"0603cecd-77d7-421f-8677-73774af1435f","Name":"AssignedUsers","Value":null},{"ParentStepIdentifier":"ff2fe225-ed35-4d2c-b786-8e4b3ee2514b","ParentWorkflowIdentifier":"0603cecd-77d7-421f-8677-73774af1435f","Name":"AsyncActionTimeout","Value":"86400"},{"ParentStepIdentifier":"ff2fe225-ed35-4d2c-b786-8e4b3ee2514b","ParentWorkflowIdentifier":"0603cecd-77d7-421f-8677-73774af1435f","Name":"AsyncPollingInterval","Value":"3600"},{"ParentStepIdentifier":"ff2fe225-ed35-4d2c-b786-8e4b3ee2514b","ParentWorkflowIdentifier":"0603cecd-77d7-421f-8677-73774af1435f","Name":"FallbackIntegrationInstance","Value":null},{"ParentStepIdentifier":"ff2fe225-ed35-4d2c-b786-8e4b3ee2514b","ParentWorkflowIdentifier":"0603cecd-77d7-421f-8677-73774af1435f","Name":"HasApprovalLink","Value":null},{"ParentStepIdentifier":"ff2fe225-ed35-4d2c-b786-8e4b3ee2514b","ParentWorkflowIdentifier":"0603cecd-77d7-421f-8677-73774af1435f","Name":"IntegrationInstance","Value":"9a344967-c0dc-40df-bac7-ea5bfe656f27"},{"ParentStepIdentifier":"ff2fe225-ed35-4d2c-b786-8e4b3ee2514b","ParentWorkflowIdentifier":"0603cecd-77d7-421f-8677-73774af1435f","Name":"MessageToAssignee","Value":null},{"ParentStepIdentifier":"ff2fe225-ed35-4d2c-b786-8e4b3ee2514b","ParentWorkflowIdentifier":"0603cecd-77d7-421f-8677-73774af1435f","Name":"PendingActionTimeout","Value":null},{"ParentStepIdentifier":"ff2fe225-ed35-4d2c-b786-8e4b3ee2514b","ParentWorkflowIdentifier":"0603cecd-77d7-421f-8677-73774af1435f","Name":"ScriptName","Value":"Jira_Create Issue"},{"ParentStepIdentifier":"ff2fe225-ed35-4d2c-b786-8e4b3ee2514b","ParentWorkflowIdentifier":"0603cecd-77d7-421f-8677-73774af1435f","Name":"ScriptParametersEntityFields","Value":"{\"Project Key\":\"[Input.Project key (Jira)]\",\"Summary\":\"[Alert.Name]\",\"Description\":\"Severity - [Event.severity]\\nInvolved entities:\\n[Entity.OriginalIdentifier]\\n\\n\\n[Alert.caseUrl]\",\"Issue Type\":\"Task\",\"Jira Username\":\"\",\"Assignee\":\"[Input.Assignee (optional)]\",\"Components\":\"\",\"Labels\":\"SCC\",\"Custom Fields\":\"\"}"},{"ParentStepIdentifier":"ff2fe225-ed35-4d2c-b786-8e4b3ee2514b","ParentWorkflowIdentifier":"0603cecd-77d7-421f-8677-73774af1435f","Name":"SelectedScopeName","Value":"All entities"}],"AutoSkipOnFailure":true,"IsDebugMockData":false,"StepDebugData":null}],"Triggers":[{"Identifier":"1e5a55d0-0ef5-454b-a519-c7f94e212726","IsEnabled":true,"DefinitionIdentifier":"0603cecd-77d7-421f-8677-73774af1435f","Type":11,"WorkflowName":null,"LogicalOperator":0,"Conditions":[{"FieldName":"Ticketing system","MatchType":0,"Value":"None"},{"FieldName":"Siemplify URL (optional)","MatchType":0,"Value":""},{"FieldName":"Project key (Jira)","MatchType":0,"Value":""},{"FieldName":"Assignee (optional)","MatchType":0,"Value":""}],"Environments":["Default Environment"]}],"OverviewTemplates":[],"Permissions":[],"Environments":["Default Environment"]}}