{"CategoryName":"Imported Playbooks","OverviewTemplatesDetails":[],"WidgetTemplates":null,"Definition":{"Identifier":"41813c54-3d28-4de1-89ca-e740b0d0404d","IsEnable":true,"Version":0.0,"IsArchived":false,"IsAutomatic":false,"Name":"Remediation Without Slack","Category":2,"Description":"An embedded workflow that can receive inputs and return an output.","Priority":2,"Creator":"25d7f19d-80d3-4b38-971d-b16418374708","VersionCreator":null,"VersionComment":null,"OriginalWorkflowIdentifier":"d7b430f2-b567-4938-8418-582d650f276f","TemplateName":null,"PlaybookType":1,"IsDebugMode":false,"DebugBaseAlertIdentifier":"TTP_RUNDLL32_OPENURL_D447320C-2DDF-4306-AF50-200B224EC9D8","DebugAlertIdentifier":"TTP_RUNDLL32_OPENURL623F6F7D-976B-441A-84B6-BCB14C2A5D46","SimulationClone":false,"DefaultAccessLevel":0,"Steps":[{"Identifier":"2ae58db9-e8d4-4865-9494-19d9a4f835b7","OriginalStepIdentifier":"e07cbe4e-d5f6-469d-bd3d-407059b0c03f","ParentWorkflowIdentifier":"41813c54-3d28-4de1-89ca-e740b0d0404d","ParentStepIdentifiers":["5fb44836-4d0f-4351-9494-723150c3369a","eb081a87-ce4b-4140-8b93-7afcd4bcf1cb"],"ParentStepIdentifier":"5fb44836-4d0f-4351-9494-723150c3369a;eb081a87-ce4b-4140-8b93-7afcd4bcf1cb","PreviousResultCondition":"{\"eb081a87-ce4b-4140-8b93-7afcd4bcf1cb\":\"3\",\"5fb44836-4d0f-4351-9494-723150c3369a\":\"2\"}","InstanceName":"GET KILL PROCESS","IsAutomatic":true,"Name":"Tools_Get Context Value","IsSkippable":false,"Description":"The action gets a key and value in a specific context (alert or case)","ActionProvider":"Scripts","ActionName":"Tools_Get Context Value","Type":0,"Integration":"Tools","Parameters":[{"ParentStepIdentifier":"2ae58db9-e8d4-4865-9494-19d9a4f835b7","ParentWorkflowIdentifier":"41813c54-3d28-4de1-89ca-e740b0d0404d","Name":"AssignedUsers","Value":null},{"ParentStepIdentifier":"2ae58db9-e8d4-4865-9494-19d9a4f835b7","ParentWorkflowIdentifier":"41813c54-3d28-4de1-89ca-e740b0d0404d","Name":"AsyncActionTimeout","Value":"86400"},{"ParentStepIdentifier":"2ae58db9-e8d4-4865-9494-19d9a4f835b7","ParentWorkflowIdentifier":"41813c54-3d28-4de1-89ca-e740b0d0404d","Name":"AsyncPollingInterval","Value":"3600"},{"ParentStepIdentifier":"2ae58db9-e8d4-4865-9494-19d9a4f835b7","ParentWorkflowIdentifier":"41813c54-3d28-4de1-89ca-e740b0d0404d","Name":"FallbackIntegrationInstance","Value":null},{"ParentStepIdentifier":"2ae58db9-e8d4-4865-9494-19d9a4f835b7","ParentWorkflowIdentifier":"41813c54-3d28-4de1-89ca-e740b0d0404d","Name":"HasApprovalLink","Value":null},{"ParentStepIdentifier":"2ae58db9-e8d4-4865-9494-19d9a4f835b7","ParentWorkflowIdentifier":"41813c54-3d28-4de1-89ca-e740b0d0404d","Name":"IntegrationInstance","Value":"2e787919-e84d-4616-9029-2cf1a5b8cbb3"},{"ParentStepIdentifier":"2ae58db9-e8d4-4865-9494-19d9a4f835b7","ParentWorkflowIdentifier":"41813c54-3d28-4de1-89ca-e740b0d0404d","Name":"MessageToAssignee","Value":null},{"ParentStepIdentifier":"2ae58db9-e8d4-4865-9494-19d9a4f835b7","ParentWorkflowIdentifier":"41813c54-3d28-4de1-89ca-e740b0d0404d","Name":"PendingActionTimeout","Value":null},{"ParentStepIdentifier":"2ae58db9-e8d4-4865-9494-19d9a4f835b7","ParentWorkflowIdentifier":"41813c54-3d28-4de1-89ca-e740b0d0404d","Name":"ScriptName","Value":"Tools_Get Context Value"},{"ParentStepIdentifier":"2ae58db9-e8d4-4865-9494-19d9a4f835b7","ParentWorkflowIdentifier":"41813c54-3d28-4de1-89ca-e740b0d0404d","Name":"ScriptParametersEntityFields","Value":"{\"Scope\":\"Alert\",\"Key\":\"CROWDSTRIKE_KILL_PROCESS\"}"},{"ParentStepIdentifier":"2ae58db9-e8d4-4865-9494-19d9a4f835b7","ParentWorkflowIdentifier":"41813c54-3d28-4de1-89ca-e740b0d0404d","Name":"SelectedScopeName","Value":"All entities"}],"AutoSkipOnFailure":false,"IsDebugMockData":false,"StepDebugData":null},{"Identifier":"326e66ea-a8e8-4718-8e41-8fd0be4eeebb","OriginalStepIdentifier":"4e7fd4d4-52d1-4e4e-9239-c940b40aad93","ParentWorkflowIdentifier":"41813c54-3d28-4de1-89ca-e740b0d0404d","ParentStepIdentifiers":["e17d7564-136f-425f-b8bb-0825067f5522"],"ParentStepIdentifier":"e17d7564-136f-425f-b8bb-0825067f5522","PreviousResultCondition":"{\"e17d7564-136f-425f-b8bb-0825067f5522\":\"1\"}","InstanceName":"IS File a Possible Remediation?","IsAutomatic":true,"Name":"Condition","IsSkippable":false,"Description":"This condition determines the progress of the playbook. Conditions are built based on cases data (cases, alerts, vents, entities and environment properties) as-well as data that comes back from previous playbook steps.","ActionProvider":"Flow","ActionName":"IfFlowCondition","Type":4,"Integration":"Flow","Parameters":[{"ParentStepIdentifier":"326e66ea-a8e8-4718-8e41-8fd0be4eeebb","ParentWorkflowIdentifier":"41813c54-3d28-4de1-89ca-e740b0d0404d","Name":"AssignedUsers","Value":null},{"ParentStepIdentifier":"326e66ea-a8e8-4718-8e41-8fd0be4eeebb","ParentWorkflowIdentifier":"41813c54-3d28-4de1-89ca-e740b0d0404d","Name":"Branches","Value":"[{\"LogicalOperator\":0,\"Conditions\":[{\"Operator\":1,\"FieldName\":\"[Input.possible_remediations]\",\"Type\":2,\"Value\":\"Delete\"}],\"Order\":1,\"IsDefaultBranch\":false,\"Name\":\"Branch\"},{\"LogicalOperator\":0,\"Conditions\":[],\"Order\":2,\"IsDefaultBranch\":true,\"Name\":\"Branch\"}]"},{"ParentStepIdentifier":"326e66ea-a8e8-4718-8e41-8fd0be4eeebb","ParentWorkflowIdentifier":"41813c54-3d28-4de1-89ca-e740b0d0404d","Name":"ErrorFallbackBranch","Value":null},{"ParentStepIdentifier":"326e66ea-a8e8-4718-8e41-8fd0be4eeebb","ParentWorkflowIdentifier":"41813c54-3d28-4de1-89ca-e740b0d0404d","Name":"HasApprovalLink","Value":null},{"ParentStepIdentifier":"326e66ea-a8e8-4718-8e41-8fd0be4eeebb","ParentWorkflowIdentifier":"41813c54-3d28-4de1-89ca-e740b0d0404d","Name":"MessageToAssignee","Value":null},{"ParentStepIdentifier":"326e66ea-a8e8-4718-8e41-8fd0be4eeebb","ParentWorkflowIdentifier":"41813c54-3d28-4de1-89ca-e740b0d0404d","Name":"PendingActionTimeout","Value":null},{"ParentStepIdentifier":"326e66ea-a8e8-4718-8e41-8fd0be4eeebb","ParentWorkflowIdentifier":"41813c54-3d28-4de1-89ca-e740b0d0404d","Name":"SelectedScopeName","Value":"All entities"}],"AutoSkipOnFailure":false,"IsDebugMockData":false,"StepDebugData":null},{"Identifier":"4124d6bd-827b-4ad6-b2fc-e6063af55537","OriginalStepIdentifier":"1ce48b20-d1e3-44ff-b978-1d6c1ec5a86d","ParentWorkflowIdentifier":"41813c54-3d28-4de1-89ca-e740b0d0404d","ParentStepIdentifiers":["e17d7564-136f-425f-b8bb-0825067f5522"],"ParentStepIdentifier":"e17d7564-136f-425f-b8bb-0825067f5522","PreviousResultCondition":"{\"e17d7564-136f-425f-b8bb-0825067f5522\":\"2\"}","InstanceName":"Is file a a possible remediation?","IsAutomatic":true,"Name":"Condition","IsSkippable":false,"Description":"This condition determines the progress of the playbook. Conditions are built based on cases data (cases, alerts, vents, entities and environment properties) as-well as data that comes back from previous playbook steps.","ActionProvider":"Flow","ActionName":"IfFlowCondition","Type":4,"Integration":"Flow","Parameters":[{"ParentStepIdentifier":"4124d6bd-827b-4ad6-b2fc-e6063af55537","ParentWorkflowIdentifier":"41813c54-3d28-4de1-89ca-e740b0d0404d","Name":"AssignedUsers","Value":null},{"ParentStepIdentifier":"4124d6bd-827b-4ad6-b2fc-e6063af55537","ParentWorkflowIdentifier":"41813c54-3d28-4de1-89ca-e740b0d0404d","Name":"Branches","Value":"[{\"LogicalOperator\":0,\"Conditions\":[{\"Operator\":1,\"FieldName\":\"[Input.possible_remediations]\",\"Type\":2,\"Value\":\"Delete\"}],\"Order\":1,\"IsDefaultBranch\":false,\"Name\":\"Branch\"},{\"LogicalOperator\":0,\"Conditions\":[],\"Order\":2,\"IsDefaultBranch\":true,\"Name\":\"Branch\"}]"},{"ParentStepIdentifier":"4124d6bd-827b-4ad6-b2fc-e6063af55537","ParentWorkflowIdentifier":"41813c54-3d28-4de1-89ca-e740b0d0404d","Name":"ErrorFallbackBranch","Value":null},{"ParentStepIdentifier":"4124d6bd-827b-4ad6-b2fc-e6063af55537","ParentWorkflowIdentifier":"41813c54-3d28-4de1-89ca-e740b0d0404d","Name":"HasApprovalLink","Value":null},{"ParentStepIdentifier":"4124d6bd-827b-4ad6-b2fc-e6063af55537","ParentWorkflowIdentifier":"41813c54-3d28-4de1-89ca-e740b0d0404d","Name":"MessageToAssignee","Value":null},{"ParentStepIdentifier":"4124d6bd-827b-4ad6-b2fc-e6063af55537","ParentWorkflowIdentifier":"41813c54-3d28-4de1-89ca-e740b0d0404d","Name":"PendingActionTimeout","Value":null},{"ParentStepIdentifier":"4124d6bd-827b-4ad6-b2fc-e6063af55537","ParentWorkflowIdentifier":"41813c54-3d28-4de1-89ca-e740b0d0404d","Name":"SelectedScopeName","Value":"All entities"}],"AutoSkipOnFailure":false,"IsDebugMockData":false,"StepDebugData":null},{"Identifier":"432b608a-dc43-4f99-8c2d-c20fb0997f5a","OriginalStepIdentifier":"a5171334-813d-45ae-b804-496303add787","ParentWorkflowIdentifier":"41813c54-3d28-4de1-89ca-e740b0d0404d","ParentStepIdentifiers":["a6cacc24-518f-4467-a41f-a5c69d4bbd4d"],"ParentStepIdentifier":"a6cacc24-518f-4467-a41f-a5c69d4bbd4d","PreviousResultCondition":"{\"a6cacc24-518f-4467-a41f-a5c69d4bbd4d\":\"3\"}","InstanceName":"Output_2","IsAutomatic":true,"Name":"Output","IsSkippable":false,"Description":"","ActionProvider":"Flow","ActionName":"OutputAction","Type":6,"Integration":"Flow","Parameters":[{"ParentStepIdentifier":"432b608a-dc43-4f99-8c2d-c20fb0997f5a","ParentWorkflowIdentifier":"41813c54-3d28-4de1-89ca-e740b0d0404d","Name":"NestedWorkflowOutput","Value":null}],"AutoSkipOnFailure":false,"IsDebugMockData":false,"StepDebugData":null},{"Identifier":"509a3c1f-e5bb-475f-8a15-908735a4b65c","OriginalStepIdentifier":"36a51d05-c285-4669-ac32-83d25a421561","ParentWorkflowIdentifier":"41813c54-3d28-4de1-89ca-e740b0d0404d","ParentStepIdentifiers":["b04659f7-df4e-471e-9cbf-f6494cc349ad"],"ParentStepIdentifier":"b04659f7-df4e-471e-9cbf-f6494cc349ad","PreviousResultCondition":"{}","InstanceName":"Output_3","IsAutomatic":true,"Name":"Output","IsSkippable":false,"Description":"","ActionProvider":"Flow","ActionName":"OutputAction","Type":6,"Integration":"Flow","Parameters":[{"ParentStepIdentifier":"509a3c1f-e5bb-475f-8a15-908735a4b65c","ParentWorkflowIdentifier":"41813c54-3d28-4de1-89ca-e740b0d0404d","Name":"NestedWorkflowOutput","Value":null}],"AutoSkipOnFailure":false,"IsDebugMockData":false,"StepDebugData":null},{"Identifier":"532f6077-59c7-44ed-9288-14cca9f1ed12","OriginalStepIdentifier":"9bdc6110-5c00-4c1b-abdb-570d6c27c81b","ParentWorkflowIdentifier":"41813c54-3d28-4de1-89ca-e740b0d0404d","ParentStepIdentifiers":["65502103-fd5c-49c6-a563-a04e35b9e432"],"ParentStepIdentifier":"65502103-fd5c-49c6-a563-a04e35b9e432","PreviousResultCondition":"{}","InstanceName":"Kill Process","IsAutomatic":true,"Name":"CrowdStrikeFalcon_Execute Command","IsSkippable":false,"Description":"Execute commands on the hosts in Crowdstrike Falcon. Supported entities: IP Address and Hostname.","ActionProvider":"Scripts","ActionName":"CrowdStrikeFalcon_Execute Command","Type":0,"Integration":"CrowdStrikeFalcon","Parameters":[{"ParentStepIdentifier":"532f6077-59c7-44ed-9288-14cca9f1ed12","ParentWorkflowIdentifier":"41813c54-3d28-4de1-89ca-e740b0d0404d","Name":"AssignedUsers","Value":null},{"ParentStepIdentifier":"532f6077-59c7-44ed-9288-14cca9f1ed12","ParentWorkflowIdentifier":"41813c54-3d28-4de1-89ca-e740b0d0404d","Name":"AsyncActionTimeout","Value":"3600"},{"ParentStepIdentifier":"532f6077-59c7-44ed-9288-14cca9f1ed12","ParentWorkflowIdentifier":"41813c54-3d28-4de1-89ca-e740b0d0404d","Name":"AsyncPollingInterval","Value":"30"},{"ParentStepIdentifier":"532f6077-59c7-44ed-9288-14cca9f1ed12","ParentWorkflowIdentifier":"41813c54-3d28-4de1-89ca-e740b0d0404d","Name":"FallbackIntegrationInstance","Value":null},{"ParentStepIdentifier":"532f6077-59c7-44ed-9288-14cca9f1ed12","ParentWorkflowIdentifier":"41813c54-3d28-4de1-89ca-e740b0d0404d","Name":"HasApprovalLink","Value":null},{"ParentStepIdentifier":"532f6077-59c7-44ed-9288-14cca9f1ed12","ParentWorkflowIdentifier":"41813c54-3d28-4de1-89ca-e740b0d0404d","Name":"IntegrationInstance","Value":"f2d0cacc-3f5e-4f63-a514-ea6b975e3328"},{"ParentStepIdentifier":"532f6077-59c7-44ed-9288-14cca9f1ed12","ParentWorkflowIdentifier":"41813c54-3d28-4de1-89ca-e740b0d0404d","Name":"MessageToAssignee","Value":null},{"ParentStepIdentifier":"532f6077-59c7-44ed-9288-14cca9f1ed12","ParentWorkflowIdentifier":"41813c54-3d28-4de1-89ca-e740b0d0404d","Name":"PendingActionTimeout","Value":null},{"ParentStepIdentifier":"532f6077-59c7-44ed-9288-14cca9f1ed12","ParentWorkflowIdentifier":"41813c54-3d28-4de1-89ca-e740b0d0404d","Name":"ScriptName","Value":"CrowdStrikeFalcon_Execute Command"},{"ParentStepIdentifier":"532f6077-59c7-44ed-9288-14cca9f1ed12","ParentWorkflowIdentifier":"41813c54-3d28-4de1-89ca-e740b0d0404d","Name":"ScriptParametersEntityFields","Value":"{\"Command\":\"kill [Parse Process.ScriptResult]\"}"},{"ParentStepIdentifier":"532f6077-59c7-44ed-9288-14cca9f1ed12","ParentWorkflowIdentifier":"41813c54-3d28-4de1-89ca-e740b0d0404d","Name":"SelectedScopeName","Value":"All hostnames"}],"AutoSkipOnFailure":false,"IsDebugMockData":false,"StepDebugData":{"CreationTimeUnixTimeInMs":0,"ModificationTimeUnixTimeInMs":0,"OriginalWorkflowIdentifier":"d7b430f2-b567-4938-8418-582d650f276f","OriginalStepIdentifier":"9bdc6110-5c00-4c1b-abdb-570d6c27c81b","ResultValue":"","ResultJson":"","ScopeEntitiesEnrichmentData":[],"ScopeEntitiesEnrichmentDataJson":"[]"}},{"Identifier":"5fb44836-4d0f-4351-9494-723150c3369a","OriginalStepIdentifier":"2e9df7a5-ce2b-4e1b-8a2b-b2c7a762181d","ParentWorkflowIdentifier":"41813c54-3d28-4de1-89ca-e740b0d0404d","ParentStepIdentifiers":["326e66ea-a8e8-4718-8e41-8fd0be4eeebb"],"ParentStepIdentifier":"326e66ea-a8e8-4718-8e41-8fd0be4eeebb","PreviousResultCondition":"{\"326e66ea-a8e8-4718-8e41-8fd0be4eeebb\":\"2\"}","InstanceName":"Remediation question (Kill and Isolate) for Crowdstrike","IsAutomatic":false,"Name":"MultiChoiceQuestion","IsSkippable":false,"Description":"This step conditions the progress of the playbook according to a question the analyst has to answer manually, would be used most for questions which can't be answered automatically","ActionProvider":"Flow","ActionName":"MultiChoiceQuestion","Type":1,"Integration":"Flow","Parameters":[{"ParentStepIdentifier":"5fb44836-4d0f-4351-9494-723150c3369a","ParentWorkflowIdentifier":"41813c54-3d28-4de1-89ca-e740b0d0404d","Name":"Answers","Value":"{\"1\":\"Isolate Machines\",\"2\":\"Kill Process\",\"3\":\"No Remediation\"}"},{"ParentStepIdentifier":"5fb44836-4d0f-4351-9494-723150c3369a","ParentWorkflowIdentifier":"41813c54-3d28-4de1-89ca-e740b0d0404d","Name":"AssignedUsers","Value":null},{"ParentStepIdentifier":"5fb44836-4d0f-4351-9494-723150c3369a","ParentWorkflowIdentifier":"41813c54-3d28-4de1-89ca-e740b0d0404d","Name":"HasApprovalLink","Value":null},{"ParentStepIdentifier":"5fb44836-4d0f-4351-9494-723150c3369a","ParentWorkflowIdentifier":"41813c54-3d28-4de1-89ca-e740b0d0404d","Name":"MessageToAssignee","Value":null},{"ParentStepIdentifier":"5fb44836-4d0f-4351-9494-723150c3369a","ParentWorkflowIdentifier":"41813c54-3d28-4de1-89ca-e740b0d0404d","Name":"PendingActionTimeout","Value":null},{"ParentStepIdentifier":"5fb44836-4d0f-4351-9494-723150c3369a","ParentWorkflowIdentifier":"41813c54-3d28-4de1-89ca-e740b0d0404d","Name":"Question","Value":"Which of the following remediation steps would you like to perform? Only executes on Hostname entities."},{"ParentStepIdentifier":"5fb44836-4d0f-4351-9494-723150c3369a","ParentWorkflowIdentifier":"41813c54-3d28-4de1-89ca-e740b0d0404d","Name":"SelectedScopeName","Value":null}],"AutoSkipOnFailure":false,"IsDebugMockData":false,"StepDebugData":null},{"Identifier":"620022f5-a6f0-4516-8021-1e15c8772ccc","OriginalStepIdentifier":"9860e9f0-190a-48aa-a0ea-11a324d08e3c","ParentWorkflowIdentifier":"41813c54-3d28-4de1-89ca-e740b0d0404d","ParentStepIdentifiers":["a6cacc24-518f-4467-a41f-a5c69d4bbd4d"],"ParentStepIdentifier":"a6cacc24-518f-4467-a41f-a5c69d4bbd4d","PreviousResultCondition":"{\"a6cacc24-518f-4467-a41f-a5c69d4bbd4d\":\"2\"}","InstanceName":"Remediation Question for Carbon Black","IsAutomatic":false,"Name":"MultiChoiceQuestion","IsSkippable":false,"Description":"This step conditions the progress of the playbook according to a question the analyst has to answer manually, would be used most for questions which can't be answered automatically","ActionProvider":"Flow","ActionName":"MultiChoiceQuestion","Type":1,"Integration":"Flow","Parameters":[{"ParentStepIdentifier":"620022f5-a6f0-4516-8021-1e15c8772ccc","ParentWorkflowIdentifier":"41813c54-3d28-4de1-89ca-e740b0d0404d","Name":"Answers","Value":"{\"1\":\"Approved\",\"2\":\"Disapproved\"}"},{"ParentStepIdentifier":"620022f5-a6f0-4516-8021-1e15c8772ccc","ParentWorkflowIdentifier":"41813c54-3d28-4de1-89ca-e740b0d0404d","Name":"AssignedUsers","Value":null},{"ParentStepIdentifier":"620022f5-a6f0-4516-8021-1e15c8772ccc","ParentWorkflowIdentifier":"41813c54-3d28-4de1-89ca-e740b0d0404d","Name":"HasApprovalLink","Value":null},{"ParentStepIdentifier":"620022f5-a6f0-4516-8021-1e15c8772ccc","ParentWorkflowIdentifier":"41813c54-3d28-4de1-89ca-e740b0d0404d","Name":"MessageToAssignee","Value":null},{"ParentStepIdentifier":"620022f5-a6f0-4516-8021-1e15c8772ccc","ParentWorkflowIdentifier":"41813c54-3d28-4de1-89ca-e740b0d0404d","Name":"PendingActionTimeout","Value":null},{"ParentStepIdentifier":"620022f5-a6f0-4516-8021-1e15c8772ccc","ParentWorkflowIdentifier":"41813c54-3d28-4de1-89ca-e740b0d0404d","Name":"Question","Value":"Request to allow isolation on the machines related to the alert. Only executes on Hostname entities."},{"ParentStepIdentifier":"620022f5-a6f0-4516-8021-1e15c8772ccc","ParentWorkflowIdentifier":"41813c54-3d28-4de1-89ca-e740b0d0404d","Name":"SelectedScopeName","Value":null}],"AutoSkipOnFailure":false,"IsDebugMockData":false,"StepDebugData":null},{"Identifier":"633f2aee-87b4-4257-a747-00c6378f515f","OriginalStepIdentifier":"e5dc5cff-97e8-49f7-9916-0650224e3815","ParentWorkflowIdentifier":"41813c54-3d28-4de1-89ca-e740b0d0404d","ParentStepIdentifiers":["edef57d4-aa8b-42b4-af81-9ac869d687c2"],"ParentStepIdentifier":"edef57d4-aa8b-42b4-af81-9ac869d687c2","PreviousResultCondition":"{}","InstanceName":"Delete File","IsAutomatic":true,"Name":"CrowdStrikeFalcon_Execute Command","IsSkippable":false,"Description":"Execute commands on the hosts in Crowdstrike Falcon. Supported entities: IP Address and Hostname.","ActionProvider":"Scripts","ActionName":"CrowdStrikeFalcon_Execute Command","Type":0,"Integration":"CrowdStrikeFalcon","Parameters":[{"ParentStepIdentifier":"633f2aee-87b4-4257-a747-00c6378f515f","ParentWorkflowIdentifier":"41813c54-3d28-4de1-89ca-e740b0d0404d","Name":"AssignedUsers","Value":null},{"ParentStepIdentifier":"633f2aee-87b4-4257-a747-00c6378f515f","ParentWorkflowIdentifier":"41813c54-3d28-4de1-89ca-e740b0d0404d","Name":"AsyncActionTimeout","Value":"3600"},{"ParentStepIdentifier":"633f2aee-87b4-4257-a747-00c6378f515f","ParentWorkflowIdentifier":"41813c54-3d28-4de1-89ca-e740b0d0404d","Name":"AsyncPollingInterval","Value":"30"},{"ParentStepIdentifier":"633f2aee-87b4-4257-a747-00c6378f515f","ParentWorkflowIdentifier":"41813c54-3d28-4de1-89ca-e740b0d0404d","Name":"FallbackIntegrationInstance","Value":null},{"ParentStepIdentifier":"633f2aee-87b4-4257-a747-00c6378f515f","ParentWorkflowIdentifier":"41813c54-3d28-4de1-89ca-e740b0d0404d","Name":"HasApprovalLink","Value":null},{"ParentStepIdentifier":"633f2aee-87b4-4257-a747-00c6378f515f","ParentWorkflowIdentifier":"41813c54-3d28-4de1-89ca-e740b0d0404d","Name":"IntegrationInstance","Value":"f2d0cacc-3f5e-4f63-a514-ea6b975e3328"},{"ParentStepIdentifier":"633f2aee-87b4-4257-a747-00c6378f515f","ParentWorkflowIdentifier":"41813c54-3d28-4de1-89ca-e740b0d0404d","Name":"MessageToAssignee","Value":null},{"ParentStepIdentifier":"633f2aee-87b4-4257-a747-00c6378f515f","ParentWorkflowIdentifier":"41813c54-3d28-4de1-89ca-e740b0d0404d","Name":"PendingActionTimeout","Value":null},{"ParentStepIdentifier":"633f2aee-87b4-4257-a747-00c6378f515f","ParentWorkflowIdentifier":"41813c54-3d28-4de1-89ca-e740b0d0404d","Name":"ScriptName","Value":"CrowdStrikeFalcon_Execute Command"},{"ParentStepIdentifier":"633f2aee-87b4-4257-a747-00c6378f515f","ParentWorkflowIdentifier":"41813c54-3d28-4de1-89ca-e740b0d0404d","Name":"ScriptParametersEntityFields","Value":"{\"Command\":\"rm [Parse Delete.ScriptResult]\"}"},{"ParentStepIdentifier":"633f2aee-87b4-4257-a747-00c6378f515f","ParentWorkflowIdentifier":"41813c54-3d28-4de1-89ca-e740b0d0404d","Name":"SelectedScopeName","Value":"All hostnames"}],"AutoSkipOnFailure":false,"IsDebugMockData":false,"StepDebugData":{"CreationTimeUnixTimeInMs":0,"ModificationTimeUnixTimeInMs":0,"OriginalWorkflowIdentifier":"d7b430f2-b567-4938-8418-582d650f276f","OriginalStepIdentifier":"e5dc5cff-97e8-49f7-9916-0650224e3815","ResultValue":"","ResultJson":"","ScopeEntitiesEnrichmentData":[],"ScopeEntitiesEnrichmentDataJson":"[]"}},{"Identifier":"65502103-fd5c-49c6-a563-a04e35b9e432","OriginalStepIdentifier":"285b05ec-a0d9-4f33-9e84-8cd36ddbb9f7","ParentWorkflowIdentifier":"41813c54-3d28-4de1-89ca-e740b0d0404d","ParentStepIdentifiers":["2ae58db9-e8d4-4865-9494-19d9a4f835b7"],"ParentStepIdentifier":"2ae58db9-e8d4-4865-9494-19d9a4f835b7","PreviousResultCondition":"{}","InstanceName":"Parse Process","IsAutomatic":true,"Name":"Functions_String Functions","IsSkippable":false,"Description":"This action includes basic Pythonic string functions as mentioned below - \nLower - converts a string into lower case.\nUpper - converts a string into upper case.\nCount - returns the number of times a specified value occurs in a string.\nFind - searches the string for a specified value and returns the position of where it was found.\nIsAlpha - returns \"True\" if all characters in the string are in the alphabet.\nIsDigit - returns \"True\" if all characters in the string are digits.\nReplace - returns a string where a specified value is replaced with a specified value.\nStrip - returns a trimmed version of the string.\nTitle - converts the first character of each word to uppercase.\nSplit - Splits the input string into a list using Param 1 as the separator.  Defaults to comma.","ActionProvider":"Scripts","ActionName":"Functions_String Functions","Type":0,"Integration":"Functions","Parameters":[{"ParentStepIdentifier":"65502103-fd5c-49c6-a563-a04e35b9e432","ParentWorkflowIdentifier":"41813c54-3d28-4de1-89ca-e740b0d0404d","Name":"AssignedUsers","Value":null},{"ParentStepIdentifier":"65502103-fd5c-49c6-a563-a04e35b9e432","ParentWorkflowIdentifier":"41813c54-3d28-4de1-89ca-e740b0d0404d","Name":"AsyncActionTimeout","Value":"86400"},{"ParentStepIdentifier":"65502103-fd5c-49c6-a563-a04e35b9e432","ParentWorkflowIdentifier":"41813c54-3d28-4de1-89ca-e740b0d0404d","Name":"AsyncPollingInterval","Value":"3600"},{"ParentStepIdentifier":"65502103-fd5c-49c6-a563-a04e35b9e432","ParentWorkflowIdentifier":"41813c54-3d28-4de1-89ca-e740b0d0404d","Name":"FallbackIntegrationInstance","Value":null},{"ParentStepIdentifier":"65502103-fd5c-49c6-a563-a04e35b9e432","ParentWorkflowIdentifier":"41813c54-3d28-4de1-89ca-e740b0d0404d","Name":"HasApprovalLink","Value":null},{"ParentStepIdentifier":"65502103-fd5c-49c6-a563-a04e35b9e432","ParentWorkflowIdentifier":"41813c54-3d28-4de1-89ca-e740b0d0404d","Name":"IntegrationInstance","Value":"2e96d39b-28a0-4d9c-ac90-4c704183566e"},{"ParentStepIdentifier":"65502103-fd5c-49c6-a563-a04e35b9e432","ParentWorkflowIdentifier":"41813c54-3d28-4de1-89ca-e740b0d0404d","Name":"MessageToAssignee","Value":null},{"ParentStepIdentifier":"65502103-fd5c-49c6-a563-a04e35b9e432","ParentWorkflowIdentifier":"41813c54-3d28-4de1-89ca-e740b0d0404d","Name":"PendingActionTimeout","Value":null},{"ParentStepIdentifier":"65502103-fd5c-49c6-a563-a04e35b9e432","ParentWorkflowIdentifier":"41813c54-3d28-4de1-89ca-e740b0d0404d","Name":"ScriptName","Value":"Functions_String Functions"},{"ParentStepIdentifier":"65502103-fd5c-49c6-a563-a04e35b9e432","ParentWorkflowIdentifier":"41813c54-3d28-4de1-89ca-e740b0d0404d","Name":"ScriptParametersEntityFields","Value":"{\"Param 2\":\" \",\"Param 1\":\" \\\\((.*?)\\\\)\",\"Input\":\"[GET KILL PROCESS.ScriptResult]\",\"Function\":\"Regex\"}"},{"ParentStepIdentifier":"65502103-fd5c-49c6-a563-a04e35b9e432","ParentWorkflowIdentifier":"41813c54-3d28-4de1-89ca-e740b0d0404d","Name":"SelectedScopeName","Value":"All entities"}],"AutoSkipOnFailure":false,"IsDebugMockData":false,"StepDebugData":null},{"Identifier":"65f2fdb7-eb36-4ddf-845d-0785b645e7dc","OriginalStepIdentifier":"440b49e2-1ce8-4850-aae9-178c4c806e7c","ParentWorkflowIdentifier":"41813c54-3d28-4de1-89ca-e740b0d0404d","ParentStepIdentifiers":["620022f5-a6f0-4516-8021-1e15c8772ccc"],"ParentStepIdentifier":"620022f5-a6f0-4516-8021-1e15c8772ccc","PreviousResultCondition":"{\"620022f5-a6f0-4516-8021-1e15c8772ccc\":\"2\"}","InstanceName":"Output_4","IsAutomatic":true,"Name":"Output","IsSkippable":false,"Description":"","ActionProvider":"Flow","ActionName":"OutputAction","Type":6,"Integration":"Flow","Parameters":[{"ParentStepIdentifier":"65f2fdb7-eb36-4ddf-845d-0785b645e7dc","ParentWorkflowIdentifier":"41813c54-3d28-4de1-89ca-e740b0d0404d","Name":"NestedWorkflowOutput","Value":null}],"AutoSkipOnFailure":false,"IsDebugMockData":false,"StepDebugData":null},{"Identifier":"6cffa09b-fcd5-44be-979e-9a618034fc43","OriginalStepIdentifier":"2514d81c-e143-47ef-bc8e-729372b19715","ParentWorkflowIdentifier":"41813c54-3d28-4de1-89ca-e740b0d0404d","ParentStepIdentifiers":["4124d6bd-827b-4ad6-b2fc-e6063af55537"],"ParentStepIdentifier":"4124d6bd-827b-4ad6-b2fc-e6063af55537","PreviousResultCondition":"{\"4124d6bd-827b-4ad6-b2fc-e6063af55537\":\"1\"}","InstanceName":"Remediation question (Delete and Isolate) for Crowdstrike","IsAutomatic":false,"Name":"MultiChoiceQuestion","IsSkippable":false,"Description":"This step conditions the progress of the playbook according to a question the analyst has to answer manually, would be used most for questions which can't be answered automatically","ActionProvider":"Flow","ActionName":"MultiChoiceQuestion","Type":1,"Integration":"Flow","Parameters":[{"ParentStepIdentifier":"6cffa09b-fcd5-44be-979e-9a618034fc43","ParentWorkflowIdentifier":"41813c54-3d28-4de1-89ca-e740b0d0404d","Name":"Answers","Value":"{\"1\":\"Isolate Machines\",\"2\":\"Delete File\",\"3\":\"No Remediation\"}"},{"ParentStepIdentifier":"6cffa09b-fcd5-44be-979e-9a618034fc43","ParentWorkflowIdentifier":"41813c54-3d28-4de1-89ca-e740b0d0404d","Name":"AssignedUsers","Value":null},{"ParentStepIdentifier":"6cffa09b-fcd5-44be-979e-9a618034fc43","ParentWorkflowIdentifier":"41813c54-3d28-4de1-89ca-e740b0d0404d","Name":"HasApprovalLink","Value":null},{"ParentStepIdentifier":"6cffa09b-fcd5-44be-979e-9a618034fc43","ParentWorkflowIdentifier":"41813c54-3d28-4de1-89ca-e740b0d0404d","Name":"MessageToAssignee","Value":null},{"ParentStepIdentifier":"6cffa09b-fcd5-44be-979e-9a618034fc43","ParentWorkflowIdentifier":"41813c54-3d28-4de1-89ca-e740b0d0404d","Name":"PendingActionTimeout","Value":null},{"ParentStepIdentifier":"6cffa09b-fcd5-44be-979e-9a618034fc43","ParentWorkflowIdentifier":"41813c54-3d28-4de1-89ca-e740b0d0404d","Name":"Question","Value":"Which of the following remediation steps would you like to perform? Only executes on Hostname entities."},{"ParentStepIdentifier":"6cffa09b-fcd5-44be-979e-9a618034fc43","ParentWorkflowIdentifier":"41813c54-3d28-4de1-89ca-e740b0d0404d","Name":"SelectedScopeName","Value":null}],"AutoSkipOnFailure":false,"IsDebugMockData":false,"StepDebugData":null},{"Identifier":"6e8f8d10-afc5-4c8d-a304-36ea66d9b3c8","OriginalStepIdentifier":"e5c02542-af52-46d2-86ce-dcea5f759c96","ParentWorkflowIdentifier":"41813c54-3d28-4de1-89ca-e740b0d0404d","ParentStepIdentifiers":["4124d6bd-827b-4ad6-b2fc-e6063af55537"],"ParentStepIdentifier":"4124d6bd-827b-4ad6-b2fc-e6063af55537","PreviousResultCondition":"{\"4124d6bd-827b-4ad6-b2fc-e6063af55537\":\"2\"}","InstanceName":"Remediation question (Isolate) for Crowdstrike","IsAutomatic":false,"Name":"MultiChoiceQuestion","IsSkippable":false,"Description":"This step conditions the progress of the playbook according to a question the analyst has to answer manually, would be used most for questions which can't be answered automatically","ActionProvider":"Flow","ActionName":"MultiChoiceQuestion","Type":1,"Integration":"Flow","Parameters":[{"ParentStepIdentifier":"6e8f8d10-afc5-4c8d-a304-36ea66d9b3c8","ParentWorkflowIdentifier":"41813c54-3d28-4de1-89ca-e740b0d0404d","Name":"Answers","Value":"{\"1\":\"Approved\",\"2\":\"Disapproved\"}"},{"ParentStepIdentifier":"6e8f8d10-afc5-4c8d-a304-36ea66d9b3c8","ParentWorkflowIdentifier":"41813c54-3d28-4de1-89ca-e740b0d0404d","Name":"AssignedUsers","Value":null},{"ParentStepIdentifier":"6e8f8d10-afc5-4c8d-a304-36ea66d9b3c8","ParentWorkflowIdentifier":"41813c54-3d28-4de1-89ca-e740b0d0404d","Name":"HasApprovalLink","Value":null},{"ParentStepIdentifier":"6e8f8d10-afc5-4c8d-a304-36ea66d9b3c8","ParentWorkflowIdentifier":"41813c54-3d28-4de1-89ca-e740b0d0404d","Name":"MessageToAssignee","Value":null},{"ParentStepIdentifier":"6e8f8d10-afc5-4c8d-a304-36ea66d9b3c8","ParentWorkflowIdentifier":"41813c54-3d28-4de1-89ca-e740b0d0404d","Name":"PendingActionTimeout","Value":null},{"ParentStepIdentifier":"6e8f8d10-afc5-4c8d-a304-36ea66d9b3c8","ParentWorkflowIdentifier":"41813c54-3d28-4de1-89ca-e740b0d0404d","Name":"Question","Value":"Request to allow isolation on the machines related to the alert. Only executes on Hostname entities."},{"ParentStepIdentifier":"6e8f8d10-afc5-4c8d-a304-36ea66d9b3c8","ParentWorkflowIdentifier":"41813c54-3d28-4de1-89ca-e740b0d0404d","Name":"SelectedScopeName","Value":null}],"AutoSkipOnFailure":false,"IsDebugMockData":false,"StepDebugData":null},{"Identifier":"7d059038-ad63-400f-9351-2ceecbd3002f","OriginalStepIdentifier":"d2ce7ca1-2a28-4a84-ae02-8af0f20c3546","ParentWorkflowIdentifier":"41813c54-3d28-4de1-89ca-e740b0d0404d","ParentStepIdentifiers":["6cffa09b-fcd5-44be-979e-9a618034fc43","eb081a87-ce4b-4140-8b93-7afcd4bcf1cb"],"ParentStepIdentifier":"6cffa09b-fcd5-44be-979e-9a618034fc43;eb081a87-ce4b-4140-8b93-7afcd4bcf1cb","PreviousResultCondition":"{\"eb081a87-ce4b-4140-8b93-7afcd4bcf1cb\":\"2\",\"6cffa09b-fcd5-44be-979e-9a618034fc43\":\"2\"}","InstanceName":"GET DELETE FILE","IsAutomatic":true,"Name":"Tools_Get Context Value","IsSkippable":false,"Description":"The action gets a key and value in a specific context (alert or case)","ActionProvider":"Scripts","ActionName":"Tools_Get Context Value","Type":0,"Integration":"Tools","Parameters":[{"ParentStepIdentifier":"7d059038-ad63-400f-9351-2ceecbd3002f","ParentWorkflowIdentifier":"41813c54-3d28-4de1-89ca-e740b0d0404d","Name":"AssignedUsers","Value":null},{"ParentStepIdentifier":"7d059038-ad63-400f-9351-2ceecbd3002f","ParentWorkflowIdentifier":"41813c54-3d28-4de1-89ca-e740b0d0404d","Name":"AsyncActionTimeout","Value":"86400"},{"ParentStepIdentifier":"7d059038-ad63-400f-9351-2ceecbd3002f","ParentWorkflowIdentifier":"41813c54-3d28-4de1-89ca-e740b0d0404d","Name":"AsyncPollingInterval","Value":"3600"},{"ParentStepIdentifier":"7d059038-ad63-400f-9351-2ceecbd3002f","ParentWorkflowIdentifier":"41813c54-3d28-4de1-89ca-e740b0d0404d","Name":"FallbackIntegrationInstance","Value":null},{"ParentStepIdentifier":"7d059038-ad63-400f-9351-2ceecbd3002f","ParentWorkflowIdentifier":"41813c54-3d28-4de1-89ca-e740b0d0404d","Name":"HasApprovalLink","Value":null},{"ParentStepIdentifier":"7d059038-ad63-400f-9351-2ceecbd3002f","ParentWorkflowIdentifier":"41813c54-3d28-4de1-89ca-e740b0d0404d","Name":"IntegrationInstance","Value":"2e787919-e84d-4616-9029-2cf1a5b8cbb3"},{"ParentStepIdentifier":"7d059038-ad63-400f-9351-2ceecbd3002f","ParentWorkflowIdentifier":"41813c54-3d28-4de1-89ca-e740b0d0404d","Name":"MessageToAssignee","Value":null},{"ParentStepIdentifier":"7d059038-ad63-400f-9351-2ceecbd3002f","ParentWorkflowIdentifier":"41813c54-3d28-4de1-89ca-e740b0d0404d","Name":"PendingActionTimeout","Value":null},{"ParentStepIdentifier":"7d059038-ad63-400f-9351-2ceecbd3002f","ParentWorkflowIdentifier":"41813c54-3d28-4de1-89ca-e740b0d0404d","Name":"ScriptName","Value":"Tools_Get Context Value"},{"ParentStepIdentifier":"7d059038-ad63-400f-9351-2ceecbd3002f","ParentWorkflowIdentifier":"41813c54-3d28-4de1-89ca-e740b0d0404d","Name":"ScriptParametersEntityFields","Value":"{\"Scope\":\"Alert\",\"Key\":\"CROWDSTRIKE_DELETE_FILES\"}"},{"ParentStepIdentifier":"7d059038-ad63-400f-9351-2ceecbd3002f","ParentWorkflowIdentifier":"41813c54-3d28-4de1-89ca-e740b0d0404d","Name":"SelectedScopeName","Value":"All entities"}],"AutoSkipOnFailure":false,"IsDebugMockData":false,"StepDebugData":null},{"Identifier":"8c9493b0-448b-4d0e-b200-720f29aba68a","OriginalStepIdentifier":"11d60c04-233d-4e49-ab4c-52fed1c3506e","ParentWorkflowIdentifier":"41813c54-3d28-4de1-89ca-e740b0d0404d","ParentStepIdentifiers":[],"ParentStepIdentifier":"","PreviousResultCondition":"{}","InstanceName":"GET EDR PRODUCT","IsAutomatic":true,"Name":"Tools_Get Context Value","IsSkippable":false,"Description":"The action gets a key and value in a specific context (alert or case)","ActionProvider":"Scripts","ActionName":"Tools_Get Context Value","Type":0,"Integration":"Tools","Parameters":[{"ParentStepIdentifier":"8c9493b0-448b-4d0e-b200-720f29aba68a","ParentWorkflowIdentifier":"41813c54-3d28-4de1-89ca-e740b0d0404d","Name":"AssignedUsers","Value":null},{"ParentStepIdentifier":"8c9493b0-448b-4d0e-b200-720f29aba68a","ParentWorkflowIdentifier":"41813c54-3d28-4de1-89ca-e740b0d0404d","Name":"AsyncActionTimeout","Value":"86400"},{"ParentStepIdentifier":"8c9493b0-448b-4d0e-b200-720f29aba68a","ParentWorkflowIdentifier":"41813c54-3d28-4de1-89ca-e740b0d0404d","Name":"AsyncPollingInterval","Value":"3600"},{"ParentStepIdentifier":"8c9493b0-448b-4d0e-b200-720f29aba68a","ParentWorkflowIdentifier":"41813c54-3d28-4de1-89ca-e740b0d0404d","Name":"FallbackIntegrationInstance","Value":null},{"ParentStepIdentifier":"8c9493b0-448b-4d0e-b200-720f29aba68a","ParentWorkflowIdentifier":"41813c54-3d28-4de1-89ca-e740b0d0404d","Name":"HasApprovalLink","Value":null},{"ParentStepIdentifier":"8c9493b0-448b-4d0e-b200-720f29aba68a","ParentWorkflowIdentifier":"41813c54-3d28-4de1-89ca-e740b0d0404d","Name":"IntegrationInstance","Value":"2e787919-e84d-4616-9029-2cf1a5b8cbb3"},{"ParentStepIdentifier":"8c9493b0-448b-4d0e-b200-720f29aba68a","ParentWorkflowIdentifier":"41813c54-3d28-4de1-89ca-e740b0d0404d","Name":"MessageToAssignee","Value":null},{"ParentStepIdentifier":"8c9493b0-448b-4d0e-b200-720f29aba68a","ParentWorkflowIdentifier":"41813c54-3d28-4de1-89ca-e740b0d0404d","Name":"PendingActionTimeout","Value":null},{"ParentStepIdentifier":"8c9493b0-448b-4d0e-b200-720f29aba68a","ParentWorkflowIdentifier":"41813c54-3d28-4de1-89ca-e740b0d0404d","Name":"ScriptName","Value":"Tools_Get Context Value"},{"ParentStepIdentifier":"8c9493b0-448b-4d0e-b200-720f29aba68a","ParentWorkflowIdentifier":"41813c54-3d28-4de1-89ca-e740b0d0404d","Name":"ScriptParametersEntityFields","Value":"{\"Scope\":\"Alert\",\"Key\":\"EDR_PRODUCT\"}"},{"ParentStepIdentifier":"8c9493b0-448b-4d0e-b200-720f29aba68a","ParentWorkflowIdentifier":"41813c54-3d28-4de1-89ca-e740b0d0404d","Name":"SelectedScopeName","Value":"All entities"}],"AutoSkipOnFailure":false,"IsDebugMockData":false,"StepDebugData":null},{"Identifier":"91d851ea-1129-4f7d-9eb4-e9122ecadbb5","OriginalStepIdentifier":"328c0856-26c8-4a2c-bb0d-8a4a6c7b1fd2","ParentWorkflowIdentifier":"41813c54-3d28-4de1-89ca-e740b0d0404d","ParentStepIdentifiers":["6cffa09b-fcd5-44be-979e-9a618034fc43"],"ParentStepIdentifier":"6cffa09b-fcd5-44be-979e-9a618034fc43","PreviousResultCondition":"{\"6cffa09b-fcd5-44be-979e-9a618034fc43\":\"3\"}","InstanceName":"Output_8","IsAutomatic":true,"Name":"Output","IsSkippable":false,"Description":"","ActionProvider":"Flow","ActionName":"OutputAction","Type":6,"Integration":"Flow","Parameters":[{"ParentStepIdentifier":"91d851ea-1129-4f7d-9eb4-e9122ecadbb5","ParentWorkflowIdentifier":"41813c54-3d28-4de1-89ca-e740b0d0404d","Name":"NestedWorkflowOutput","Value":null}],"AutoSkipOnFailure":false,"IsDebugMockData":false,"StepDebugData":null},{"Identifier":"a3120ce6-44a1-47b3-b18c-af40588511ae","OriginalStepIdentifier":"b73c91fc-b01a-4d3d-b7b3-bdacfcb6d0a3","ParentWorkflowIdentifier":"41813c54-3d28-4de1-89ca-e740b0d0404d","ParentStepIdentifiers":["6cffa09b-fcd5-44be-979e-9a618034fc43","6e8f8d10-afc5-4c8d-a304-36ea66d9b3c8","5fb44836-4d0f-4351-9494-723150c3369a","eb081a87-ce4b-4140-8b93-7afcd4bcf1cb"],"ParentStepIdentifier":"6cffa09b-fcd5-44be-979e-9a618034fc43;6e8f8d10-afc5-4c8d-a304-36ea66d9b3c8;5fb44836-4d0f-4351-9494-723150c3369a;eb081a87-ce4b-4140-8b93-7afcd4bcf1cb","PreviousResultCondition":"{\"6e8f8d10-afc5-4c8d-a304-36ea66d9b3c8\":\"1\",\"5fb44836-4d0f-4351-9494-723150c3369a\":\"1\",\"eb081a87-ce4b-4140-8b93-7afcd4bcf1cb\":\"1\",\"6cffa09b-fcd5-44be-979e-9a618034fc43\":\"1\"}","InstanceName":"CrowdStrikeFalcon_Contain Endpoint_1","IsAutomatic":true,"Name":"CrowdStrikeFalcon_Contain Endpoint","IsSkippable":false,"Description":"Contain endpoint in Crowdstrike Falcon. Supported entities: Hostname and IP address.","ActionProvider":"Scripts","ActionName":"CrowdStrikeFalcon_Contain Endpoint","Type":0,"Integration":"CrowdStrikeFalcon","Parameters":[{"ParentStepIdentifier":"a3120ce6-44a1-47b3-b18c-af40588511ae","ParentWorkflowIdentifier":"41813c54-3d28-4de1-89ca-e740b0d0404d","Name":"AssignedUsers","Value":null},{"ParentStepIdentifier":"a3120ce6-44a1-47b3-b18c-af40588511ae","ParentWorkflowIdentifier":"41813c54-3d28-4de1-89ca-e740b0d0404d","Name":"AsyncActionTimeout","Value":"300"},{"ParentStepIdentifier":"a3120ce6-44a1-47b3-b18c-af40588511ae","ParentWorkflowIdentifier":"41813c54-3d28-4de1-89ca-e740b0d0404d","Name":"AsyncPollingInterval","Value":"30"},{"ParentStepIdentifier":"a3120ce6-44a1-47b3-b18c-af40588511ae","ParentWorkflowIdentifier":"41813c54-3d28-4de1-89ca-e740b0d0404d","Name":"FallbackIntegrationInstance","Value":null},{"ParentStepIdentifier":"a3120ce6-44a1-47b3-b18c-af40588511ae","ParentWorkflowIdentifier":"41813c54-3d28-4de1-89ca-e740b0d0404d","Name":"HasApprovalLink","Value":null},{"ParentStepIdentifier":"a3120ce6-44a1-47b3-b18c-af40588511ae","ParentWorkflowIdentifier":"41813c54-3d28-4de1-89ca-e740b0d0404d","Name":"IntegrationInstance","Value":"f2d0cacc-3f5e-4f63-a514-ea6b975e3328"},{"ParentStepIdentifier":"a3120ce6-44a1-47b3-b18c-af40588511ae","ParentWorkflowIdentifier":"41813c54-3d28-4de1-89ca-e740b0d0404d","Name":"MessageToAssignee","Value":null},{"ParentStepIdentifier":"a3120ce6-44a1-47b3-b18c-af40588511ae","ParentWorkflowIdentifier":"41813c54-3d28-4de1-89ca-e740b0d0404d","Name":"PendingActionTimeout","Value":null},{"ParentStepIdentifier":"a3120ce6-44a1-47b3-b18c-af40588511ae","ParentWorkflowIdentifier":"41813c54-3d28-4de1-89ca-e740b0d0404d","Name":"ScriptName","Value":"CrowdStrikeFalcon_Contain Endpoint"},{"ParentStepIdentifier":"a3120ce6-44a1-47b3-b18c-af40588511ae","ParentWorkflowIdentifier":"41813c54-3d28-4de1-89ca-e740b0d0404d","Name":"ScriptParametersEntityFields","Value":"{\"Fail If Timeout\":true}"},{"ParentStepIdentifier":"a3120ce6-44a1-47b3-b18c-af40588511ae","ParentWorkflowIdentifier":"41813c54-3d28-4de1-89ca-e740b0d0404d","Name":"SelectedScopeName","Value":"All hostnames"}],"AutoSkipOnFailure":false,"IsDebugMockData":false,"StepDebugData":{"CreationTimeUnixTimeInMs":0,"ModificationTimeUnixTimeInMs":0,"OriginalWorkflowIdentifier":"d7b430f2-b567-4938-8418-582d650f276f","OriginalStepIdentifier":"b73c91fc-b01a-4d3d-b7b3-bdacfcb6d0a3","ResultValue":"","ResultJson":"","ScopeEntitiesEnrichmentData":[],"ScopeEntitiesEnrichmentDataJson":"[]"}},{"Identifier":"a6cacc24-518f-4467-a41f-a5c69d4bbd4d","OriginalStepIdentifier":"14d6711d-d357-4f55-bf56-a5259ddc2319","ParentWorkflowIdentifier":"41813c54-3d28-4de1-89ca-e740b0d0404d","ParentStepIdentifiers":["8c9493b0-448b-4d0e-b200-720f29aba68a"],"ParentStepIdentifier":"8c9493b0-448b-4d0e-b200-720f29aba68a","PreviousResultCondition":"{}","InstanceName":"SELECT PRODUCT","IsAutomatic":true,"Name":"Condition","IsSkippable":false,"Description":"This condition determines the progress of the playbook. Conditions are built based on cases data (cases, alerts, vents, entities and environment properties) as-well as data that comes back from previous playbook steps.","ActionProvider":"Flow","ActionName":"IfFlowCondition","Type":4,"Integration":"Flow","Parameters":[{"ParentStepIdentifier":"a6cacc24-518f-4467-a41f-a5c69d4bbd4d","ParentWorkflowIdentifier":"41813c54-3d28-4de1-89ca-e740b0d0404d","Name":"AssignedUsers","Value":null},{"ParentStepIdentifier":"a6cacc24-518f-4467-a41f-a5c69d4bbd4d","ParentWorkflowIdentifier":"41813c54-3d28-4de1-89ca-e740b0d0404d","Name":"Branches","Value":"[{\"LogicalOperator\":0,\"Conditions\":[{\"Operator\":0,\"FieldName\":\"[GET EDR PRODUCT.ScriptResult]\",\"Type\":2,\"Value\":\"Crowdstrike\"}],\"Order\":1,\"IsDefaultBranch\":false,\"Name\":\"Branch\"},{\"LogicalOperator\":0,\"Conditions\":[],\"Order\":3,\"IsDefaultBranch\":true,\"Name\":\"Branch\"},{\"LogicalOperator\":0,\"Conditions\":[{\"Operator\":0,\"FieldName\":\"[GET EDR PRODUCT.ScriptResult]\",\"Type\":2,\"Value\":\"Carbon Black\"}],\"Order\":2,\"IsDefaultBranch\":false,\"Name\":\"Branch\"}]"},{"ParentStepIdentifier":"a6cacc24-518f-4467-a41f-a5c69d4bbd4d","ParentWorkflowIdentifier":"41813c54-3d28-4de1-89ca-e740b0d0404d","Name":"ErrorFallbackBranch","Value":null},{"ParentStepIdentifier":"a6cacc24-518f-4467-a41f-a5c69d4bbd4d","ParentWorkflowIdentifier":"41813c54-3d28-4de1-89ca-e740b0d0404d","Name":"HasApprovalLink","Value":null},{"ParentStepIdentifier":"a6cacc24-518f-4467-a41f-a5c69d4bbd4d","ParentWorkflowIdentifier":"41813c54-3d28-4de1-89ca-e740b0d0404d","Name":"MessageToAssignee","Value":null},{"ParentStepIdentifier":"a6cacc24-518f-4467-a41f-a5c69d4bbd4d","ParentWorkflowIdentifier":"41813c54-3d28-4de1-89ca-e740b0d0404d","Name":"PendingActionTimeout","Value":null},{"ParentStepIdentifier":"a6cacc24-518f-4467-a41f-a5c69d4bbd4d","ParentWorkflowIdentifier":"41813c54-3d28-4de1-89ca-e740b0d0404d","Name":"SelectedScopeName","Value":"All entities"}],"AutoSkipOnFailure":false,"IsDebugMockData":false,"StepDebugData":null},{"Identifier":"a8dcaf52-5be2-4dbe-a57b-8427baa760bf","OriginalStepIdentifier":"e6fe7539-2658-481e-b0f2-f08c7818b371","ParentWorkflowIdentifier":"41813c54-3d28-4de1-89ca-e740b0d0404d","ParentStepIdentifiers":["633f2aee-87b4-4257-a747-00c6378f515f"],"ParentStepIdentifier":"633f2aee-87b4-4257-a747-00c6378f515f","PreviousResultCondition":"{}","InstanceName":"Output_11","IsAutomatic":true,"Name":"Output","IsSkippable":false,"Description":"","ActionProvider":"Flow","ActionName":"OutputAction","Type":6,"Integration":"Flow","Parameters":[{"ParentStepIdentifier":"a8dcaf52-5be2-4dbe-a57b-8427baa760bf","ParentWorkflowIdentifier":"41813c54-3d28-4de1-89ca-e740b0d0404d","Name":"NestedWorkflowOutput","Value":null}],"AutoSkipOnFailure":false,"IsDebugMockData":false,"StepDebugData":null},{"Identifier":"b04659f7-df4e-471e-9cbf-f6494cc349ad","OriginalStepIdentifier":"36996b29-3878-4ec7-b489-794077e8f16f","ParentWorkflowIdentifier":"41813c54-3d28-4de1-89ca-e740b0d0404d","ParentStepIdentifiers":["620022f5-a6f0-4516-8021-1e15c8772ccc"],"ParentStepIdentifier":"620022f5-a6f0-4516-8021-1e15c8772ccc","PreviousResultCondition":"{\"620022f5-a6f0-4516-8021-1e15c8772ccc\":\"1\"}","InstanceName":"CBCloud_Quarantine Device_1","IsAutomatic":true,"Name":"CBCloud_Quarantine Device","IsSkippable":false,"Description":"Create quarantine device task on the VMware Carbon Black Cloud server based on the Siemplify IP or Host Siemplify entities.","ActionProvider":"Scripts","ActionName":"CBCloud_Quarantine Device","Type":0,"Integration":"CBCloud","Parameters":[{"ParentStepIdentifier":"b04659f7-df4e-471e-9cbf-f6494cc349ad","ParentWorkflowIdentifier":"41813c54-3d28-4de1-89ca-e740b0d0404d","Name":"AssignedUsers","Value":null},{"ParentStepIdentifier":"b04659f7-df4e-471e-9cbf-f6494cc349ad","ParentWorkflowIdentifier":"41813c54-3d28-4de1-89ca-e740b0d0404d","Name":"AsyncActionTimeout","Value":"86400"},{"ParentStepIdentifier":"b04659f7-df4e-471e-9cbf-f6494cc349ad","ParentWorkflowIdentifier":"41813c54-3d28-4de1-89ca-e740b0d0404d","Name":"AsyncPollingInterval","Value":"3600"},{"ParentStepIdentifier":"b04659f7-df4e-471e-9cbf-f6494cc349ad","ParentWorkflowIdentifier":"41813c54-3d28-4de1-89ca-e740b0d0404d","Name":"FallbackIntegrationInstance","Value":null},{"ParentStepIdentifier":"b04659f7-df4e-471e-9cbf-f6494cc349ad","ParentWorkflowIdentifier":"41813c54-3d28-4de1-89ca-e740b0d0404d","Name":"HasApprovalLink","Value":null},{"ParentStepIdentifier":"b04659f7-df4e-471e-9cbf-f6494cc349ad","ParentWorkflowIdentifier":"41813c54-3d28-4de1-89ca-e740b0d0404d","Name":"IntegrationInstance","Value":"5cfa473c-8835-40f2-a6fc-47cf2c18b9bf"},{"ParentStepIdentifier":"b04659f7-df4e-471e-9cbf-f6494cc349ad","ParentWorkflowIdentifier":"41813c54-3d28-4de1-89ca-e740b0d0404d","Name":"MessageToAssignee","Value":null},{"ParentStepIdentifier":"b04659f7-df4e-471e-9cbf-f6494cc349ad","ParentWorkflowIdentifier":"41813c54-3d28-4de1-89ca-e740b0d0404d","Name":"PendingActionTimeout","Value":null},{"ParentStepIdentifier":"b04659f7-df4e-471e-9cbf-f6494cc349ad","ParentWorkflowIdentifier":"41813c54-3d28-4de1-89ca-e740b0d0404d","Name":"ScriptName","Value":"CBCloud_Quarantine Device"},{"ParentStepIdentifier":"b04659f7-df4e-471e-9cbf-f6494cc349ad","ParentWorkflowIdentifier":"41813c54-3d28-4de1-89ca-e740b0d0404d","Name":"ScriptParametersEntityFields","Value":"{}"},{"ParentStepIdentifier":"b04659f7-df4e-471e-9cbf-f6494cc349ad","ParentWorkflowIdentifier":"41813c54-3d28-4de1-89ca-e740b0d0404d","Name":"SelectedScopeName","Value":"All hostnames"}],"AutoSkipOnFailure":false,"IsDebugMockData":false,"StepDebugData":null},{"Identifier":"cdfe01a5-e3d7-4ec2-9d56-95cb97c48ef7","OriginalStepIdentifier":"027c4522-d585-4f4e-9cc5-bf92d1fd398e","ParentWorkflowIdentifier":"41813c54-3d28-4de1-89ca-e740b0d0404d","ParentStepIdentifiers":["5fb44836-4d0f-4351-9494-723150c3369a"],"ParentStepIdentifier":"5fb44836-4d0f-4351-9494-723150c3369a","PreviousResultCondition":"{\"5fb44836-4d0f-4351-9494-723150c3369a\":\"3\"}","InstanceName":"Output_7","IsAutomatic":true,"Name":"Output","IsSkippable":false,"Description":"","ActionProvider":"Flow","ActionName":"OutputAction","Type":6,"Integration":"Flow","Parameters":[{"ParentStepIdentifier":"cdfe01a5-e3d7-4ec2-9d56-95cb97c48ef7","ParentWorkflowIdentifier":"41813c54-3d28-4de1-89ca-e740b0d0404d","Name":"NestedWorkflowOutput","Value":null}],"AutoSkipOnFailure":false,"IsDebugMockData":false,"StepDebugData":null},{"Identifier":"e17d7564-136f-425f-b8bb-0825067f5522","OriginalStepIdentifier":"9fc0da14-be0b-4fac-b7b7-065a1bddab05","ParentWorkflowIdentifier":"41813c54-3d28-4de1-89ca-e740b0d0404d","ParentStepIdentifiers":["a6cacc24-518f-4467-a41f-a5c69d4bbd4d"],"ParentStepIdentifier":"a6cacc24-518f-4467-a41f-a5c69d4bbd4d","PreviousResultCondition":"{\"a6cacc24-518f-4467-a41f-a5c69d4bbd4d\":\"1\"}","InstanceName":"IS Kill Process as possible remediation?","IsAutomatic":true,"Name":"Condition","IsSkippable":false,"Description":"This condition determines the progress of the playbook. Conditions are built based on cases data (cases, alerts, vents, entities and environment properties) as-well as data that comes back from previous playbook steps.","ActionProvider":"Flow","ActionName":"IfFlowCondition","Type":4,"Integration":"Flow","Parameters":[{"ParentStepIdentifier":"e17d7564-136f-425f-b8bb-0825067f5522","ParentWorkflowIdentifier":"41813c54-3d28-4de1-89ca-e740b0d0404d","Name":"AssignedUsers","Value":null},{"ParentStepIdentifier":"e17d7564-136f-425f-b8bb-0825067f5522","ParentWorkflowIdentifier":"41813c54-3d28-4de1-89ca-e740b0d0404d","Name":"Branches","Value":"[{\"LogicalOperator\":0,\"Conditions\":[{\"Operator\":1,\"FieldName\":\"[Input.possible_remediations]\",\"Type\":2,\"Value\":\"Kill\"}],\"Order\":1,\"IsDefaultBranch\":false,\"Name\":\"Branch\"},{\"LogicalOperator\":0,\"Conditions\":[],\"Order\":2,\"IsDefaultBranch\":true,\"Name\":\"Branch\"}]"},{"ParentStepIdentifier":"e17d7564-136f-425f-b8bb-0825067f5522","ParentWorkflowIdentifier":"41813c54-3d28-4de1-89ca-e740b0d0404d","Name":"ErrorFallbackBranch","Value":null},{"ParentStepIdentifier":"e17d7564-136f-425f-b8bb-0825067f5522","ParentWorkflowIdentifier":"41813c54-3d28-4de1-89ca-e740b0d0404d","Name":"HasApprovalLink","Value":null},{"ParentStepIdentifier":"e17d7564-136f-425f-b8bb-0825067f5522","ParentWorkflowIdentifier":"41813c54-3d28-4de1-89ca-e740b0d0404d","Name":"MessageToAssignee","Value":null},{"ParentStepIdentifier":"e17d7564-136f-425f-b8bb-0825067f5522","ParentWorkflowIdentifier":"41813c54-3d28-4de1-89ca-e740b0d0404d","Name":"PendingActionTimeout","Value":null},{"ParentStepIdentifier":"e17d7564-136f-425f-b8bb-0825067f5522","ParentWorkflowIdentifier":"41813c54-3d28-4de1-89ca-e740b0d0404d","Name":"SelectedScopeName","Value":"All entities"}],"AutoSkipOnFailure":false,"IsDebugMockData":false,"StepDebugData":null},{"Identifier":"e89bed7c-0fac-4c2e-b147-2862588e008f","OriginalStepIdentifier":"cf709170-ab7b-459a-b4ab-9e0bffd895de","ParentWorkflowIdentifier":"41813c54-3d28-4de1-89ca-e740b0d0404d","ParentStepIdentifiers":["532f6077-59c7-44ed-9288-14cca9f1ed12"],"ParentStepIdentifier":"532f6077-59c7-44ed-9288-14cca9f1ed12","PreviousResultCondition":"{}","InstanceName":"Output_10","IsAutomatic":true,"Name":"Output","IsSkippable":false,"Description":"","ActionProvider":"Flow","ActionName":"OutputAction","Type":6,"Integration":"Flow","Parameters":[{"ParentStepIdentifier":"e89bed7c-0fac-4c2e-b147-2862588e008f","ParentWorkflowIdentifier":"41813c54-3d28-4de1-89ca-e740b0d0404d","Name":"NestedWorkflowOutput","Value":null}],"AutoSkipOnFailure":false,"IsDebugMockData":false,"StepDebugData":null},{"Identifier":"eb081a87-ce4b-4140-8b93-7afcd4bcf1cb","OriginalStepIdentifier":"b15e8bed-7010-4f1f-a542-152f82880eb2","ParentWorkflowIdentifier":"41813c54-3d28-4de1-89ca-e740b0d0404d","ParentStepIdentifiers":["326e66ea-a8e8-4718-8e41-8fd0be4eeebb"],"ParentStepIdentifier":"326e66ea-a8e8-4718-8e41-8fd0be4eeebb","PreviousResultCondition":"{\"326e66ea-a8e8-4718-8e41-8fd0be4eeebb\":\"1\"}","InstanceName":"Remediation question (Kill and Delete and Isolate) for Crowdstrike","IsAutomatic":false,"Name":"MultiChoiceQuestion","IsSkippable":false,"Description":"This step conditions the progress of the playbook according to a question the analyst has to answer manually, would be used most for questions which can't be answered automatically","ActionProvider":"Flow","ActionName":"MultiChoiceQuestion","Type":1,"Integration":"Flow","Parameters":[{"ParentStepIdentifier":"eb081a87-ce4b-4140-8b93-7afcd4bcf1cb","ParentWorkflowIdentifier":"41813c54-3d28-4de1-89ca-e740b0d0404d","Name":"Answers","Value":"{\"1\":\"Isolate Machines\",\"2\":\"Delete File\",\"3\":\"Kill Process\",\"4\":\"No Remediation\"}"},{"ParentStepIdentifier":"eb081a87-ce4b-4140-8b93-7afcd4bcf1cb","ParentWorkflowIdentifier":"41813c54-3d28-4de1-89ca-e740b0d0404d","Name":"AssignedUsers","Value":null},{"ParentStepIdentifier":"eb081a87-ce4b-4140-8b93-7afcd4bcf1cb","ParentWorkflowIdentifier":"41813c54-3d28-4de1-89ca-e740b0d0404d","Name":"HasApprovalLink","Value":null},{"ParentStepIdentifier":"eb081a87-ce4b-4140-8b93-7afcd4bcf1cb","ParentWorkflowIdentifier":"41813c54-3d28-4de1-89ca-e740b0d0404d","Name":"MessageToAssignee","Value":null},{"ParentStepIdentifier":"eb081a87-ce4b-4140-8b93-7afcd4bcf1cb","ParentWorkflowIdentifier":"41813c54-3d28-4de1-89ca-e740b0d0404d","Name":"PendingActionTimeout","Value":null},{"ParentStepIdentifier":"eb081a87-ce4b-4140-8b93-7afcd4bcf1cb","ParentWorkflowIdentifier":"41813c54-3d28-4de1-89ca-e740b0d0404d","Name":"Question","Value":"Which of the following remediation steps would you like to perform? Only executes on Hostname entities."},{"ParentStepIdentifier":"eb081a87-ce4b-4140-8b93-7afcd4bcf1cb","ParentWorkflowIdentifier":"41813c54-3d28-4de1-89ca-e740b0d0404d","Name":"SelectedScopeName","Value":null}],"AutoSkipOnFailure":false,"IsDebugMockData":false,"StepDebugData":null},{"Identifier":"edef57d4-aa8b-42b4-af81-9ac869d687c2","OriginalStepIdentifier":"afc7228c-efee-4005-94e1-084478531563","ParentWorkflowIdentifier":"41813c54-3d28-4de1-89ca-e740b0d0404d","ParentStepIdentifiers":["7d059038-ad63-400f-9351-2ceecbd3002f"],"ParentStepIdentifier":"7d059038-ad63-400f-9351-2ceecbd3002f","PreviousResultCondition":"{}","InstanceName":"Parse Delete","IsAutomatic":true,"Name":"Functions_String Functions","IsSkippable":false,"Description":"This action includes basic Pythonic string functions as mentioned below - \nLower - converts a string into lower case.\nUpper - converts a string into upper case.\nCount - returns the number of times a specified value occurs in a string.\nFind - searches the string for a specified value and returns the position of where it was found.\nIsAlpha - returns \"True\" if all characters in the string are in the alphabet.\nIsDigit - returns \"True\" if all characters in the string are digits.\nReplace - returns a string where a specified value is replaced with a specified value.\nStrip - returns a trimmed version of the string.\nTitle - converts the first character of each word to uppercase.\nSplit - Splits the input string into a list using Param 1 as the separator.  Defaults to comma.","ActionProvider":"Scripts","ActionName":"Functions_String Functions","Type":0,"Integration":"Functions","Parameters":[{"ParentStepIdentifier":"edef57d4-aa8b-42b4-af81-9ac869d687c2","ParentWorkflowIdentifier":"41813c54-3d28-4de1-89ca-e740b0d0404d","Name":"AssignedUsers","Value":null},{"ParentStepIdentifier":"edef57d4-aa8b-42b4-af81-9ac869d687c2","ParentWorkflowIdentifier":"41813c54-3d28-4de1-89ca-e740b0d0404d","Name":"AsyncActionTimeout","Value":"86400"},{"ParentStepIdentifier":"edef57d4-aa8b-42b4-af81-9ac869d687c2","ParentWorkflowIdentifier":"41813c54-3d28-4de1-89ca-e740b0d0404d","Name":"AsyncPollingInterval","Value":"3600"},{"ParentStepIdentifier":"edef57d4-aa8b-42b4-af81-9ac869d687c2","ParentWorkflowIdentifier":"41813c54-3d28-4de1-89ca-e740b0d0404d","Name":"FallbackIntegrationInstance","Value":null},{"ParentStepIdentifier":"edef57d4-aa8b-42b4-af81-9ac869d687c2","ParentWorkflowIdentifier":"41813c54-3d28-4de1-89ca-e740b0d0404d","Name":"HasApprovalLink","Value":null},{"ParentStepIdentifier":"edef57d4-aa8b-42b4-af81-9ac869d687c2","ParentWorkflowIdentifier":"41813c54-3d28-4de1-89ca-e740b0d0404d","Name":"IntegrationInstance","Value":"2e96d39b-28a0-4d9c-ac90-4c704183566e"},{"ParentStepIdentifier":"edef57d4-aa8b-42b4-af81-9ac869d687c2","ParentWorkflowIdentifier":"41813c54-3d28-4de1-89ca-e740b0d0404d","Name":"MessageToAssignee","Value":null},{"ParentStepIdentifier":"edef57d4-aa8b-42b4-af81-9ac869d687c2","ParentWorkflowIdentifier":"41813c54-3d28-4de1-89ca-e740b0d0404d","Name":"PendingActionTimeout","Value":null},{"ParentStepIdentifier":"edef57d4-aa8b-42b4-af81-9ac869d687c2","ParentWorkflowIdentifier":"41813c54-3d28-4de1-89ca-e740b0d0404d","Name":"ScriptName","Value":"Functions_String Functions"},{"ParentStepIdentifier":"edef57d4-aa8b-42b4-af81-9ac869d687c2","ParentWorkflowIdentifier":"41813c54-3d28-4de1-89ca-e740b0d0404d","Name":"ScriptParametersEntityFields","Value":"{\"Param 2\":\" \",\"Param 1\":\" \\\\((.*?)\\\\)\",\"Input\":\"[GET DELETE FILE.ScriptResult]\",\"Function\":\"Regex\"}"},{"ParentStepIdentifier":"edef57d4-aa8b-42b4-af81-9ac869d687c2","ParentWorkflowIdentifier":"41813c54-3d28-4de1-89ca-e740b0d0404d","Name":"SelectedScopeName","Value":"All entities"}],"AutoSkipOnFailure":false,"IsDebugMockData":false,"StepDebugData":null},{"Identifier":"f5daaf85-8607-45bf-a8f4-8a1e8aa74151","OriginalStepIdentifier":"bc263c0a-c888-428c-b64e-107dec831ace","ParentWorkflowIdentifier":"41813c54-3d28-4de1-89ca-e740b0d0404d","ParentStepIdentifiers":["eb081a87-ce4b-4140-8b93-7afcd4bcf1cb"],"ParentStepIdentifier":"eb081a87-ce4b-4140-8b93-7afcd4bcf1cb","PreviousResultCondition":"{\"eb081a87-ce4b-4140-8b93-7afcd4bcf1cb\":\"4\"}","InstanceName":"Output_6","IsAutomatic":true,"Name":"Output","IsSkippable":false,"Description":"","ActionProvider":"Flow","ActionName":"OutputAction","Type":6,"Integration":"Flow","Parameters":[{"ParentStepIdentifier":"f5daaf85-8607-45bf-a8f4-8a1e8aa74151","ParentWorkflowIdentifier":"41813c54-3d28-4de1-89ca-e740b0d0404d","Name":"NestedWorkflowOutput","Value":null}],"AutoSkipOnFailure":false,"IsDebugMockData":false,"StepDebugData":null},{"Identifier":"f78003bc-a24c-4197-832e-bcf4f37390e8","OriginalStepIdentifier":"82472425-413c-4a4b-b49e-cb0a5c92732e","ParentWorkflowIdentifier":"41813c54-3d28-4de1-89ca-e740b0d0404d","ParentStepIdentifiers":["a3120ce6-44a1-47b3-b18c-af40588511ae"],"ParentStepIdentifier":"a3120ce6-44a1-47b3-b18c-af40588511ae","PreviousResultCondition":"{}","InstanceName":"Output_5","IsAutomatic":true,"Name":"Output","IsSkippable":false,"Description":"","ActionProvider":"Flow","ActionName":"OutputAction","Type":6,"Integration":"Flow","Parameters":[{"ParentStepIdentifier":"f78003bc-a24c-4197-832e-bcf4f37390e8","ParentWorkflowIdentifier":"41813c54-3d28-4de1-89ca-e740b0d0404d","Name":"NestedWorkflowOutput","Value":null}],"AutoSkipOnFailure":false,"IsDebugMockData":false,"StepDebugData":null},{"Identifier":"fabb99bf-685b-4324-9f55-22f4790ea628","OriginalStepIdentifier":"664fae17-873d-498c-89a9-db4142a9ae47","ParentWorkflowIdentifier":"41813c54-3d28-4de1-89ca-e740b0d0404d","ParentStepIdentifiers":["6e8f8d10-afc5-4c8d-a304-36ea66d9b3c8"],"ParentStepIdentifier":"6e8f8d10-afc5-4c8d-a304-36ea66d9b3c8","PreviousResultCondition":"{\"6e8f8d10-afc5-4c8d-a304-36ea66d9b3c8\":\"2\"}","InstanceName":"Output_12","IsAutomatic":true,"Name":"Output","IsSkippable":false,"Description":"","ActionProvider":"Flow","ActionName":"OutputAction","Type":6,"Integration":"Flow","Parameters":[{"ParentStepIdentifier":"fabb99bf-685b-4324-9f55-22f4790ea628","ParentWorkflowIdentifier":"41813c54-3d28-4de1-89ca-e740b0d0404d","Name":"NestedWorkflowOutput","Value":null}],"AutoSkipOnFailure":false,"IsDebugMockData":false,"StepDebugData":null}],"Triggers":[{"Identifier":"6460df20-8cbf-4e7c-b950-2ba68304fe30","IsEnabled":true,"DefinitionIdentifier":"41813c54-3d28-4de1-89ca-e740b0d0404d","Type":11,"WorkflowName":null,"LogicalOperator":0,"Conditions":[{"FieldName":"possible_remediations","MatchType":0,"Value":"No Remediation"}],"Environments":["Default Environment"]}],"OverviewTemplates":[],"Permissions":[],"Environments":["Default Environment"]}}