{"CategoryName":"Imported Playbooks","OverviewTemplatesDetails":[],"WidgetTemplates":null,"Definition":{"Identifier":"5cc99900-f5d3-4455-8a59-33f913f612df","IsEnable":true,"Version":0.0,"IsArchived":false,"IsAutomatic":true,"Name":"Set Initial Severity","Category":2,"Description":"An embedded workflow that can receive inputs and return an output.","Priority":2,"Creator":"25d7f19d-80d3-4b38-971d-b16418374708","VersionCreator":null,"VersionComment":null,"OriginalWorkflowIdentifier":"5cc99900-f5d3-4455-8a59-33f913f612df","TemplateName":null,"PlaybookType":1,"IsDebugMode":false,"DebugBaseAlertIdentifier":null,"DebugAlertIdentifier":null,"SimulationClone":false,"DefaultAccessLevel":0,"Steps":[{"Identifier":"0cec3252-ab70-4c97-bd28-e59071bc8196","OriginalStepIdentifier":"c18b829a-8bba-49a9-a3ee-7ed10992d304","ParentWorkflowIdentifier":"5cc99900-f5d3-4455-8a59-33f913f612df","ParentStepIdentifiers":["f9fe4829-7c5a-4f43-844f-01000afc2b53"],"ParentStepIdentifier":"f9fe4829-7c5a-4f43-844f-01000afc2b53","PreviousResultCondition":"{\n  \"f9fe4829-7c5a-4f43-844f-01000afc2b53\": \"5\"\n}","InstanceName":"Output_2","IsAutomatic":true,"Name":"Output","IsSkippable":false,"Description":"","ActionProvider":"Flow","ActionName":"OutputAction","Type":6,"Integration":"Flow","Parameters":[{"ParentStepIdentifier":"0cec3252-ab70-4c97-bd28-e59071bc8196","ParentWorkflowIdentifier":"5cc99900-f5d3-4455-8a59-33f913f612df","Name":"NestedWorkflowOutput","Value":null}],"AutoSkipOnFailure":false,"IsDebugMockData":false,"StepDebugData":null},{"Identifier":"166f2bc5-c593-4be8-aba4-a0fc30523fdf","OriginalStepIdentifier":"a5d52008-194d-4fb3-964b-fcb61a509861","ParentWorkflowIdentifier":"5cc99900-f5d3-4455-8a59-33f913f612df","ParentStepIdentifiers":["f9fe4829-7c5a-4f43-844f-01000afc2b53"],"ParentStepIdentifier":"f9fe4829-7c5a-4f43-844f-01000afc2b53","PreviousResultCondition":"{\n  \"f9fe4829-7c5a-4f43-844f-01000afc2b53\": \"2\"\n}","InstanceName":"Set Initial Priority +75","IsAutomatic":true,"Name":"Tools_Update Alert Score","IsSkippable":false,"Description":"This will update the alert score by the amount supplied in the 'Input' parameter. ","ActionProvider":"Scripts","ActionName":"Tools_Update Alert Score","Type":0,"Integration":"Tools","Parameters":[{"ParentStepIdentifier":"166f2bc5-c593-4be8-aba4-a0fc30523fdf","ParentWorkflowIdentifier":"5cc99900-f5d3-4455-8a59-33f913f612df","Name":"AssignedUsers","Value":null},{"ParentStepIdentifier":"166f2bc5-c593-4be8-aba4-a0fc30523fdf","ParentWorkflowIdentifier":"5cc99900-f5d3-4455-8a59-33f913f612df","Name":"AsyncActionTimeout","Value":"86400"},{"ParentStepIdentifier":"166f2bc5-c593-4be8-aba4-a0fc30523fdf","ParentWorkflowIdentifier":"5cc99900-f5d3-4455-8a59-33f913f612df","Name":"AsyncPollingInterval","Value":"3600"},{"ParentStepIdentifier":"166f2bc5-c593-4be8-aba4-a0fc30523fdf","ParentWorkflowIdentifier":"5cc99900-f5d3-4455-8a59-33f913f612df","Name":"FallbackIntegrationInstance","Value":null},{"ParentStepIdentifier":"166f2bc5-c593-4be8-aba4-a0fc30523fdf","ParentWorkflowIdentifier":"5cc99900-f5d3-4455-8a59-33f913f612df","Name":"HasApprovalLink","Value":null},{"ParentStepIdentifier":"166f2bc5-c593-4be8-aba4-a0fc30523fdf","ParentWorkflowIdentifier":"5cc99900-f5d3-4455-8a59-33f913f612df","Name":"IntegrationInstance","Value":"2e787919-e84d-4616-9029-2cf1a5b8cbb3"},{"ParentStepIdentifier":"166f2bc5-c593-4be8-aba4-a0fc30523fdf","ParentWorkflowIdentifier":"5cc99900-f5d3-4455-8a59-33f913f612df","Name":"MessageToAssignee","Value":null},{"ParentStepIdentifier":"166f2bc5-c593-4be8-aba4-a0fc30523fdf","ParentWorkflowIdentifier":"5cc99900-f5d3-4455-8a59-33f913f612df","Name":"PendingActionTimeout","Value":null},{"ParentStepIdentifier":"166f2bc5-c593-4be8-aba4-a0fc30523fdf","ParentWorkflowIdentifier":"5cc99900-f5d3-4455-8a59-33f913f612df","Name":"ScriptName","Value":"Tools_Update Alert Score"},{"ParentStepIdentifier":"166f2bc5-c593-4be8-aba4-a0fc30523fdf","ParentWorkflowIdentifier":"5cc99900-f5d3-4455-8a59-33f913f612df","Name":"ScriptParametersEntityFields","Value":"{\"Input\":\"+75\"}"},{"ParentStepIdentifier":"166f2bc5-c593-4be8-aba4-a0fc30523fdf","ParentWorkflowIdentifier":"5cc99900-f5d3-4455-8a59-33f913f612df","Name":"SelectedScopeName","Value":"All entities"}],"AutoSkipOnFailure":false,"IsDebugMockData":false,"StepDebugData":null},{"Identifier":"2c253529-365f-4bbf-8e42-18e09c7edcf3","OriginalStepIdentifier":"d96bdbfd-2c90-452d-8b1e-4fdfd0d202c9","ParentWorkflowIdentifier":"5cc99900-f5d3-4455-8a59-33f913f612df","ParentStepIdentifiers":["feda4a10-c344-4ffb-af8a-cf02909fb3af"],"ParentStepIdentifier":"feda4a10-c344-4ffb-af8a-cf02909fb3af","PreviousResultCondition":"{}","InstanceName":"Output_1","IsAutomatic":true,"Name":"Output","IsSkippable":false,"Description":"","ActionProvider":"Flow","ActionName":"OutputAction","Type":6,"Integration":"Flow","Parameters":[{"ParentStepIdentifier":"2c253529-365f-4bbf-8e42-18e09c7edcf3","ParentWorkflowIdentifier":"5cc99900-f5d3-4455-8a59-33f913f612df","Name":"NestedWorkflowOutput","Value":null}],"AutoSkipOnFailure":false,"IsDebugMockData":false,"StepDebugData":null},{"Identifier":"6767c362-8868-43a0-b0a6-057c5fb42d67","OriginalStepIdentifier":"6e81eabf-3c8e-4aaf-b5b7-108e40d36dc1","ParentWorkflowIdentifier":"5cc99900-f5d3-4455-8a59-33f913f612df","ParentStepIdentifiers":["f9fe4829-7c5a-4f43-844f-01000afc2b53"],"ParentStepIdentifier":"f9fe4829-7c5a-4f43-844f-01000afc2b53","PreviousResultCondition":"{\n  \"f9fe4829-7c5a-4f43-844f-01000afc2b53\": \"3\"\n}","InstanceName":"Set Initial Priority +50","IsAutomatic":true,"Name":"Tools_Update Alert Score","IsSkippable":false,"Description":"This will update the alert score by the amount supplied in the 'Input' parameter. ","ActionProvider":"Scripts","ActionName":"Tools_Update Alert Score","Type":0,"Integration":"Tools","Parameters":[{"ParentStepIdentifier":"6767c362-8868-43a0-b0a6-057c5fb42d67","ParentWorkflowIdentifier":"5cc99900-f5d3-4455-8a59-33f913f612df","Name":"AssignedUsers","Value":null},{"ParentStepIdentifier":"6767c362-8868-43a0-b0a6-057c5fb42d67","ParentWorkflowIdentifier":"5cc99900-f5d3-4455-8a59-33f913f612df","Name":"AsyncActionTimeout","Value":"86400"},{"ParentStepIdentifier":"6767c362-8868-43a0-b0a6-057c5fb42d67","ParentWorkflowIdentifier":"5cc99900-f5d3-4455-8a59-33f913f612df","Name":"AsyncPollingInterval","Value":"3600"},{"ParentStepIdentifier":"6767c362-8868-43a0-b0a6-057c5fb42d67","ParentWorkflowIdentifier":"5cc99900-f5d3-4455-8a59-33f913f612df","Name":"FallbackIntegrationInstance","Value":null},{"ParentStepIdentifier":"6767c362-8868-43a0-b0a6-057c5fb42d67","ParentWorkflowIdentifier":"5cc99900-f5d3-4455-8a59-33f913f612df","Name":"HasApprovalLink","Value":null},{"ParentStepIdentifier":"6767c362-8868-43a0-b0a6-057c5fb42d67","ParentWorkflowIdentifier":"5cc99900-f5d3-4455-8a59-33f913f612df","Name":"IntegrationInstance","Value":"2e787919-e84d-4616-9029-2cf1a5b8cbb3"},{"ParentStepIdentifier":"6767c362-8868-43a0-b0a6-057c5fb42d67","ParentWorkflowIdentifier":"5cc99900-f5d3-4455-8a59-33f913f612df","Name":"MessageToAssignee","Value":null},{"ParentStepIdentifier":"6767c362-8868-43a0-b0a6-057c5fb42d67","ParentWorkflowIdentifier":"5cc99900-f5d3-4455-8a59-33f913f612df","Name":"PendingActionTimeout","Value":null},{"ParentStepIdentifier":"6767c362-8868-43a0-b0a6-057c5fb42d67","ParentWorkflowIdentifier":"5cc99900-f5d3-4455-8a59-33f913f612df","Name":"ScriptName","Value":"Tools_Update Alert Score"},{"ParentStepIdentifier":"6767c362-8868-43a0-b0a6-057c5fb42d67","ParentWorkflowIdentifier":"5cc99900-f5d3-4455-8a59-33f913f612df","Name":"ScriptParametersEntityFields","Value":"{\"Input\":\"+50\"}"},{"ParentStepIdentifier":"6767c362-8868-43a0-b0a6-057c5fb42d67","ParentWorkflowIdentifier":"5cc99900-f5d3-4455-8a59-33f913f612df","Name":"SelectedScopeName","Value":"All entities"}],"AutoSkipOnFailure":false,"IsDebugMockData":false,"StepDebugData":null},{"Identifier":"697c4b94-4b74-4341-90ad-3be80b0cddec","OriginalStepIdentifier":"66cb98be-ce57-44b6-a93a-1b5b202c2db5","ParentWorkflowIdentifier":"5cc99900-f5d3-4455-8a59-33f913f612df","ParentStepIdentifiers":["e3a87e43-a866-4817-9491-07ec0b922210"],"ParentStepIdentifier":"e3a87e43-a866-4817-9491-07ec0b922210","PreviousResultCondition":"{}","InstanceName":"Output_5","IsAutomatic":true,"Name":"Output","IsSkippable":false,"Description":"","ActionProvider":"Flow","ActionName":"OutputAction","Type":6,"Integration":"Flow","Parameters":[{"ParentStepIdentifier":"697c4b94-4b74-4341-90ad-3be80b0cddec","ParentWorkflowIdentifier":"5cc99900-f5d3-4455-8a59-33f913f612df","Name":"NestedWorkflowOutput","Value":null}],"AutoSkipOnFailure":false,"IsDebugMockData":false,"StepDebugData":null},{"Identifier":"8808a4e8-6979-4402-a410-083c41e8007d","OriginalStepIdentifier":"e06b808a-e979-4b9d-9df9-d0923cddc242","ParentWorkflowIdentifier":"5cc99900-f5d3-4455-8a59-33f913f612df","ParentStepIdentifiers":["6767c362-8868-43a0-b0a6-057c5fb42d67"],"ParentStepIdentifier":"6767c362-8868-43a0-b0a6-057c5fb42d67","PreviousResultCondition":"{}","InstanceName":"Output_4","IsAutomatic":true,"Name":"Output","IsSkippable":false,"Description":"","ActionProvider":"Flow","ActionName":"OutputAction","Type":6,"Integration":"Flow","Parameters":[{"ParentStepIdentifier":"8808a4e8-6979-4402-a410-083c41e8007d","ParentWorkflowIdentifier":"5cc99900-f5d3-4455-8a59-33f913f612df","Name":"NestedWorkflowOutput","Value":null}],"AutoSkipOnFailure":false,"IsDebugMockData":false,"StepDebugData":null},{"Identifier":"dc549945-d577-43ef-a8dc-da645a35afab","OriginalStepIdentifier":"3c38be61-a4b4-4b4d-a842-a81a01a40b8c","ParentWorkflowIdentifier":"5cc99900-f5d3-4455-8a59-33f913f612df","ParentStepIdentifiers":["166f2bc5-c593-4be8-aba4-a0fc30523fdf"],"ParentStepIdentifier":"166f2bc5-c593-4be8-aba4-a0fc30523fdf","PreviousResultCondition":"{}","InstanceName":"Output_3","IsAutomatic":true,"Name":"Output","IsSkippable":false,"Description":"","ActionProvider":"Flow","ActionName":"OutputAction","Type":6,"Integration":"Flow","Parameters":[{"ParentStepIdentifier":"dc549945-d577-43ef-a8dc-da645a35afab","ParentWorkflowIdentifier":"5cc99900-f5d3-4455-8a59-33f913f612df","Name":"NestedWorkflowOutput","Value":null}],"AutoSkipOnFailure":false,"IsDebugMockData":false,"StepDebugData":null},{"Identifier":"e3a87e43-a866-4817-9491-07ec0b922210","OriginalStepIdentifier":"2bbe6188-d024-430d-a003-5a590d353359","ParentWorkflowIdentifier":"5cc99900-f5d3-4455-8a59-33f913f612df","ParentStepIdentifiers":["f9fe4829-7c5a-4f43-844f-01000afc2b53"],"ParentStepIdentifier":"f9fe4829-7c5a-4f43-844f-01000afc2b53","PreviousResultCondition":"{\n  \"f9fe4829-7c5a-4f43-844f-01000afc2b53\": \"4\"\n}","InstanceName":"Set Initial Priority +25","IsAutomatic":true,"Name":"Tools_Update Alert Score","IsSkippable":false,"Description":"This will update the alert score by the amount supplied in the 'Input' parameter. ","ActionProvider":"Scripts","ActionName":"Tools_Update Alert Score","Type":0,"Integration":"Tools","Parameters":[{"ParentStepIdentifier":"e3a87e43-a866-4817-9491-07ec0b922210","ParentWorkflowIdentifier":"5cc99900-f5d3-4455-8a59-33f913f612df","Name":"AssignedUsers","Value":null},{"ParentStepIdentifier":"e3a87e43-a866-4817-9491-07ec0b922210","ParentWorkflowIdentifier":"5cc99900-f5d3-4455-8a59-33f913f612df","Name":"AsyncActionTimeout","Value":"86400"},{"ParentStepIdentifier":"e3a87e43-a866-4817-9491-07ec0b922210","ParentWorkflowIdentifier":"5cc99900-f5d3-4455-8a59-33f913f612df","Name":"AsyncPollingInterval","Value":"3600"},{"ParentStepIdentifier":"e3a87e43-a866-4817-9491-07ec0b922210","ParentWorkflowIdentifier":"5cc99900-f5d3-4455-8a59-33f913f612df","Name":"FallbackIntegrationInstance","Value":null},{"ParentStepIdentifier":"e3a87e43-a866-4817-9491-07ec0b922210","ParentWorkflowIdentifier":"5cc99900-f5d3-4455-8a59-33f913f612df","Name":"HasApprovalLink","Value":null},{"ParentStepIdentifier":"e3a87e43-a866-4817-9491-07ec0b922210","ParentWorkflowIdentifier":"5cc99900-f5d3-4455-8a59-33f913f612df","Name":"IntegrationInstance","Value":"2e787919-e84d-4616-9029-2cf1a5b8cbb3"},{"ParentStepIdentifier":"e3a87e43-a866-4817-9491-07ec0b922210","ParentWorkflowIdentifier":"5cc99900-f5d3-4455-8a59-33f913f612df","Name":"MessageToAssignee","Value":null},{"ParentStepIdentifier":"e3a87e43-a866-4817-9491-07ec0b922210","ParentWorkflowIdentifier":"5cc99900-f5d3-4455-8a59-33f913f612df","Name":"PendingActionTimeout","Value":null},{"ParentStepIdentifier":"e3a87e43-a866-4817-9491-07ec0b922210","ParentWorkflowIdentifier":"5cc99900-f5d3-4455-8a59-33f913f612df","Name":"ScriptName","Value":"Tools_Update Alert Score"},{"ParentStepIdentifier":"e3a87e43-a866-4817-9491-07ec0b922210","ParentWorkflowIdentifier":"5cc99900-f5d3-4455-8a59-33f913f612df","Name":"ScriptParametersEntityFields","Value":"{\"Input\":\"+25\"}"},{"ParentStepIdentifier":"e3a87e43-a866-4817-9491-07ec0b922210","ParentWorkflowIdentifier":"5cc99900-f5d3-4455-8a59-33f913f612df","Name":"SelectedScopeName","Value":"All entities"}],"AutoSkipOnFailure":false,"IsDebugMockData":false,"StepDebugData":null},{"Identifier":"f9fe4829-7c5a-4f43-844f-01000afc2b53","OriginalStepIdentifier":"d7ddfffd-df16-4a09-9028-3310b10f744e","ParentWorkflowIdentifier":"5cc99900-f5d3-4455-8a59-33f913f612df","ParentStepIdentifiers":[],"ParentStepIdentifier":"","PreviousResultCondition":null,"InstanceName":"Set by alert severity ","IsAutomatic":true,"Name":"Condition","IsSkippable":false,"Description":"This condition determines the progress of the playbook. Conditions are built based on cases data (cases, alerts, vents, entities and environment properties) as-well as data that comes back from previous playbook steps.","ActionProvider":"Flow","ActionName":"IfFlowCondition","Type":4,"Integration":"Flow","Parameters":[{"ParentStepIdentifier":"f9fe4829-7c5a-4f43-844f-01000afc2b53","ParentWorkflowIdentifier":"5cc99900-f5d3-4455-8a59-33f913f612df","Name":"AssignedUsers","Value":null},{"ParentStepIdentifier":"f9fe4829-7c5a-4f43-844f-01000afc2b53","ParentWorkflowIdentifier":"5cc99900-f5d3-4455-8a59-33f913f612df","Name":"Branches","Value":"[{\"LogicalOperator\":1,\"Conditions\":[{\"Operator\":1,\"FieldName\":\"[Event.detection_1_severity]\",\"Type\":2,\"Value\":\"CRITICAL\"}],\"Order\":1,\"IsDefaultBranch\":false,\"Name\":\"Critical\"},{\"LogicalOperator\":0,\"Conditions\":[],\"Order\":5,\"IsDefaultBranch\":true,\"Name\":\"Branch\"},{\"LogicalOperator\":1,\"Conditions\":[{\"Operator\":1,\"FieldName\":\"[Event.detection_1_severity]\",\"Type\":2,\"Value\":\"HIGH\"}],\"Order\":2,\"IsDefaultBranch\":false,\"Name\":\"High\"},{\"LogicalOperator\":1,\"Conditions\":[{\"Operator\":1,\"FieldName\":\"[Event.detection_1_severity]\",\"Type\":2,\"Value\":\"MEDIUM\"}],\"Order\":3,\"IsDefaultBranch\":false,\"Name\":\"Medium\"},{\"LogicalOperator\":0,\"Conditions\":[{\"Operator\":1,\"FieldName\":\"[Event.detection_1_severity]\",\"Type\":2,\"Value\":\"LOW\"}],\"Order\":4,\"IsDefaultBranch\":false,\"Name\":\"Low\"}]"},{"ParentStepIdentifier":"f9fe4829-7c5a-4f43-844f-01000afc2b53","ParentWorkflowIdentifier":"5cc99900-f5d3-4455-8a59-33f913f612df","Name":"ErrorFallbackBranch","Value":null},{"ParentStepIdentifier":"f9fe4829-7c5a-4f43-844f-01000afc2b53","ParentWorkflowIdentifier":"5cc99900-f5d3-4455-8a59-33f913f612df","Name":"HasApprovalLink","Value":null},{"ParentStepIdentifier":"f9fe4829-7c5a-4f43-844f-01000afc2b53","ParentWorkflowIdentifier":"5cc99900-f5d3-4455-8a59-33f913f612df","Name":"MessageToAssignee","Value":null},{"ParentStepIdentifier":"f9fe4829-7c5a-4f43-844f-01000afc2b53","ParentWorkflowIdentifier":"5cc99900-f5d3-4455-8a59-33f913f612df","Name":"PendingActionTimeout","Value":null},{"ParentStepIdentifier":"f9fe4829-7c5a-4f43-844f-01000afc2b53","ParentWorkflowIdentifier":"5cc99900-f5d3-4455-8a59-33f913f612df","Name":"SelectedScopeName","Value":"All entities"}],"AutoSkipOnFailure":false,"IsDebugMockData":false,"StepDebugData":null},{"Identifier":"feda4a10-c344-4ffb-af8a-cf02909fb3af","OriginalStepIdentifier":"18be0aa6-b6c6-46f1-aa9c-f777e610dbc5","ParentWorkflowIdentifier":"5cc99900-f5d3-4455-8a59-33f913f612df","ParentStepIdentifiers":["f9fe4829-7c5a-4f43-844f-01000afc2b53"],"ParentStepIdentifier":"f9fe4829-7c5a-4f43-844f-01000afc2b53","PreviousResultCondition":"{\n  \"f9fe4829-7c5a-4f43-844f-01000afc2b53\": \"1\"\n}","InstanceName":"Set Initial Priority +90","IsAutomatic":true,"Name":"Tools_Update Alert Score","IsSkippable":false,"Description":"This will update the alert score by the amount supplied in the 'Input' parameter. ","ActionProvider":"Scripts","ActionName":"Tools_Update Alert Score","Type":0,"Integration":"Tools","Parameters":[{"ParentStepIdentifier":"feda4a10-c344-4ffb-af8a-cf02909fb3af","ParentWorkflowIdentifier":"5cc99900-f5d3-4455-8a59-33f913f612df","Name":"AssignedUsers","Value":null},{"ParentStepIdentifier":"feda4a10-c344-4ffb-af8a-cf02909fb3af","ParentWorkflowIdentifier":"5cc99900-f5d3-4455-8a59-33f913f612df","Name":"AsyncActionTimeout","Value":"86400"},{"ParentStepIdentifier":"feda4a10-c344-4ffb-af8a-cf02909fb3af","ParentWorkflowIdentifier":"5cc99900-f5d3-4455-8a59-33f913f612df","Name":"AsyncPollingInterval","Value":"3600"},{"ParentStepIdentifier":"feda4a10-c344-4ffb-af8a-cf02909fb3af","ParentWorkflowIdentifier":"5cc99900-f5d3-4455-8a59-33f913f612df","Name":"FallbackIntegrationInstance","Value":null},{"ParentStepIdentifier":"feda4a10-c344-4ffb-af8a-cf02909fb3af","ParentWorkflowIdentifier":"5cc99900-f5d3-4455-8a59-33f913f612df","Name":"HasApprovalLink","Value":null},{"ParentStepIdentifier":"feda4a10-c344-4ffb-af8a-cf02909fb3af","ParentWorkflowIdentifier":"5cc99900-f5d3-4455-8a59-33f913f612df","Name":"IntegrationInstance","Value":"2e787919-e84d-4616-9029-2cf1a5b8cbb3"},{"ParentStepIdentifier":"feda4a10-c344-4ffb-af8a-cf02909fb3af","ParentWorkflowIdentifier":"5cc99900-f5d3-4455-8a59-33f913f612df","Name":"MessageToAssignee","Value":null},{"ParentStepIdentifier":"feda4a10-c344-4ffb-af8a-cf02909fb3af","ParentWorkflowIdentifier":"5cc99900-f5d3-4455-8a59-33f913f612df","Name":"PendingActionTimeout","Value":null},{"ParentStepIdentifier":"feda4a10-c344-4ffb-af8a-cf02909fb3af","ParentWorkflowIdentifier":"5cc99900-f5d3-4455-8a59-33f913f612df","Name":"ScriptName","Value":"Tools_Update Alert Score"},{"ParentStepIdentifier":"feda4a10-c344-4ffb-af8a-cf02909fb3af","ParentWorkflowIdentifier":"5cc99900-f5d3-4455-8a59-33f913f612df","Name":"ScriptParametersEntityFields","Value":"{\"Input\":\"+90\"}"},{"ParentStepIdentifier":"feda4a10-c344-4ffb-af8a-cf02909fb3af","ParentWorkflowIdentifier":"5cc99900-f5d3-4455-8a59-33f913f612df","Name":"SelectedScopeName","Value":"All entities"}],"AutoSkipOnFailure":false,"IsDebugMockData":false,"StepDebugData":null}],"Triggers":[{"Identifier":"2657d1b8-fdc6-49ee-813f-ed92e250115a","IsEnabled":true,"DefinitionIdentifier":"5cc99900-f5d3-4455-8a59-33f913f612df","Type":11,"WorkflowName":null,"LogicalOperator":0,"Conditions":[],"Environments":["Default Environment"]}],"OverviewTemplates":[],"Permissions":[],"Environments":["Default Environment"]}}