{"CategoryName":"Imported Playbooks","OverviewTemplatesDetails":[],"WidgetTemplates":null,"Definition":{"Identifier":"ebaa457e-b190-4729-bf5b-87af286c5a16","IsEnable":true,"Version":0.0,"IsArchived":false,"IsAutomatic":true,"Name":"Update Ticket","Category":2,"Description":"Updates a ticket in either Jira, Service Now, or ZenDesk,\naccording to input json in form {\"ts\":<ticketingSystem>,\"ticketid\":<ticketId>}","Priority":2,"Creator":"25d7f19d-80d3-4b38-971d-b16418374708","VersionCreator":null,"VersionComment":null,"OriginalWorkflowIdentifier":"ebaa457e-b190-4729-bf5b-87af286c5a16","TemplateName":null,"PlaybookType":1,"IsDebugMode":false,"DebugBaseAlertIdentifier":null,"DebugAlertIdentifier":null,"SimulationClone":false,"DefaultAccessLevel":0,"Steps":[{"Identifier":"0368e7a0-215b-41f2-9a79-25fb18d01bb0","OriginalStepIdentifier":"9dfbd649-96ce-41e7-bb79-d484753aaa8a","ParentWorkflowIdentifier":"ebaa457e-b190-4729-bf5b-87af286c5a16","ParentStepIdentifiers":["9fe1a127-0b02-41a6-ac4d-2447d9ecf93b"],"ParentStepIdentifier":"9fe1a127-0b02-41a6-ac4d-2447d9ecf93b","PreviousResultCondition":"{}","InstanceName":"ZenDesk Ticket Details","IsAutomatic":true,"Name":"Tools_Buffer","IsSkippable":false,"Description":"The action receives a json and returns it as a json result","ActionProvider":"Scripts","ActionName":"Tools_Buffer","Type":0,"Integration":"Tools","Parameters":[{"ParentStepIdentifier":"0368e7a0-215b-41f2-9a79-25fb18d01bb0","ParentWorkflowIdentifier":"ebaa457e-b190-4729-bf5b-87af286c5a16","Name":"AssignedUsers","Value":null},{"ParentStepIdentifier":"0368e7a0-215b-41f2-9a79-25fb18d01bb0","ParentWorkflowIdentifier":"ebaa457e-b190-4729-bf5b-87af286c5a16","Name":"AsyncActionTimeout","Value":"86400"},{"ParentStepIdentifier":"0368e7a0-215b-41f2-9a79-25fb18d01bb0","ParentWorkflowIdentifier":"ebaa457e-b190-4729-bf5b-87af286c5a16","Name":"AsyncPollingInterval","Value":"3600"},{"ParentStepIdentifier":"0368e7a0-215b-41f2-9a79-25fb18d01bb0","ParentWorkflowIdentifier":"ebaa457e-b190-4729-bf5b-87af286c5a16","Name":"FallbackIntegrationInstance","Value":null},{"ParentStepIdentifier":"0368e7a0-215b-41f2-9a79-25fb18d01bb0","ParentWorkflowIdentifier":"ebaa457e-b190-4729-bf5b-87af286c5a16","Name":"HasApprovalLink","Value":null},{"ParentStepIdentifier":"0368e7a0-215b-41f2-9a79-25fb18d01bb0","ParentWorkflowIdentifier":"ebaa457e-b190-4729-bf5b-87af286c5a16","Name":"IntegrationInstance","Value":"AutomaticEnvironment"},{"ParentStepIdentifier":"0368e7a0-215b-41f2-9a79-25fb18d01bb0","ParentWorkflowIdentifier":"ebaa457e-b190-4729-bf5b-87af286c5a16","Name":"MessageToAssignee","Value":null},{"ParentStepIdentifier":"0368e7a0-215b-41f2-9a79-25fb18d01bb0","ParentWorkflowIdentifier":"ebaa457e-b190-4729-bf5b-87af286c5a16","Name":"PendingActionTimeout","Value":null},{"ParentStepIdentifier":"0368e7a0-215b-41f2-9a79-25fb18d01bb0","ParentWorkflowIdentifier":"ebaa457e-b190-4729-bf5b-87af286c5a16","Name":"ScriptName","Value":"Tools_Buffer"},{"ParentStepIdentifier":"0368e7a0-215b-41f2-9a79-25fb18d01bb0","ParentWorkflowIdentifier":"ebaa457e-b190-4729-bf5b-87af286c5a16","Name":"ScriptParametersEntityFields","Value":"{\"ResultValue\":\"\",\"JSON\":\"[Zendesk_Get Updated Ticket.ticket_details]\"}"},{"ParentStepIdentifier":"0368e7a0-215b-41f2-9a79-25fb18d01bb0","ParentWorkflowIdentifier":"ebaa457e-b190-4729-bf5b-87af286c5a16","Name":"SelectedScopeName","Value":"All entities"}],"AutoSkipOnFailure":true,"IsDebugMockData":false,"StepDebugData":null},{"Identifier":"05c74063-be5e-41c5-aea8-adca09380c1f","OriginalStepIdentifier":"4f1b552a-6fa4-4092-a5fd-6d428591a354","ParentWorkflowIdentifier":"ebaa457e-b190-4729-bf5b-87af286c5a16","ParentStepIdentifiers":["527630a8-453d-4d4d-a3af-e060b79656e8"],"ParentStepIdentifier":"527630a8-453d-4d4d-a3af-e060b79656e8","PreviousResultCondition":"{}","InstanceName":"Ticketing system & Is found ticket","IsAutomatic":true,"Name":"Condition","IsSkippable":false,"Description":"This condition determines the progress of the playbook. Conditions are built based on cases data (cases, alerts, vents, entities and environment properties) as-well as data that comes back from previous playbook steps.","ActionProvider":"Flow","ActionName":"IfFlowCondition","Type":4,"Integration":"Flow","Parameters":[{"ParentStepIdentifier":"05c74063-be5e-41c5-aea8-adca09380c1f","ParentWorkflowIdentifier":"ebaa457e-b190-4729-bf5b-87af286c5a16","Name":"AssignedUsers","Value":null},{"ParentStepIdentifier":"05c74063-be5e-41c5-aea8-adca09380c1f","ParentWorkflowIdentifier":"ebaa457e-b190-4729-bf5b-87af286c5a16","Name":"Branches","Value":"[{\"LogicalOperator\":0,\"Conditions\":[{\"Operator\":0,\"FieldName\":\"[Tools_Buffer.JsonResult| \\\"ts\\\"]\",\"Type\":2,\"Value\":\"Jira\"},{\"Operator\":5,\"FieldName\":\"[Tools_Buffer.JsonResult| \\\"ticketid\\\"]\",\"Type\":2,\"Value\":\"None\"}],\"Order\":1,\"IsDefaultBranch\":false,\"Name\":\"Jira\"},{\"LogicalOperator\":0,\"Conditions\":[],\"Order\":4,\"IsDefaultBranch\":true,\"Name\":\"Branch\"},{\"LogicalOperator\":0,\"Conditions\":[{\"Operator\":0,\"FieldName\":\"[Tools_Buffer.JsonResult| \\\"ts\\\"]\",\"Type\":2,\"Value\":\"Service Now\"},{\"Operator\":5,\"FieldName\":\"[Tools_Buffer.JsonResult| \\\"ticketid\\\"]\",\"Type\":2,\"Value\":\"None\"}],\"Order\":2,\"IsDefaultBranch\":false,\"Name\":\"Service Now\"},{\"LogicalOperator\":0,\"Conditions\":[{\"Operator\":0,\"FieldName\":\"[Tools_Buffer.JsonResult| \\\"ts\\\"]\",\"Type\":2,\"Value\":\"ZenDesk\"},{\"Operator\":5,\"FieldName\":\"[Tools_Buffer.JsonResult| \\\"ticketid\\\"]\",\"Type\":2,\"Value\":\"None\"}],\"Order\":3,\"IsDefaultBranch\":false,\"Name\":\"ZenDesk\"}]"},{"ParentStepIdentifier":"05c74063-be5e-41c5-aea8-adca09380c1f","ParentWorkflowIdentifier":"ebaa457e-b190-4729-bf5b-87af286c5a16","Name":"ErrorFallbackBranch","Value":"4"},{"ParentStepIdentifier":"05c74063-be5e-41c5-aea8-adca09380c1f","ParentWorkflowIdentifier":"ebaa457e-b190-4729-bf5b-87af286c5a16","Name":"HasApprovalLink","Value":null},{"ParentStepIdentifier":"05c74063-be5e-41c5-aea8-adca09380c1f","ParentWorkflowIdentifier":"ebaa457e-b190-4729-bf5b-87af286c5a16","Name":"MessageToAssignee","Value":null},{"ParentStepIdentifier":"05c74063-be5e-41c5-aea8-adca09380c1f","ParentWorkflowIdentifier":"ebaa457e-b190-4729-bf5b-87af286c5a16","Name":"PendingActionTimeout","Value":null},{"ParentStepIdentifier":"05c74063-be5e-41c5-aea8-adca09380c1f","ParentWorkflowIdentifier":"ebaa457e-b190-4729-bf5b-87af286c5a16","Name":"SelectedScopeName","Value":"All entities"}],"AutoSkipOnFailure":false,"IsDebugMockData":false,"StepDebugData":null},{"Identifier":"1de9b126-8f75-4fa3-9512-ec6ba7ccd37f","OriginalStepIdentifier":"bdb7abe7-f24d-4be0-9f1f-b03918e889be","ParentWorkflowIdentifier":"ebaa457e-b190-4729-bf5b-87af286c5a16","ParentStepIdentifiers":["ffd2292b-3663-477f-833f-7c1e89a2873a"],"ParentStepIdentifier":"ffd2292b-3663-477f-833f-7c1e89a2873a","PreviousResultCondition":"{\"ffd2292b-3663-477f-833f-7c1e89a2873a\":\"2\"}","InstanceName":"Output_4","IsAutomatic":true,"Name":"Output","IsSkippable":false,"Description":"","ActionProvider":"Flow","ActionName":"OutputAction","Type":6,"Integration":"Flow","Parameters":[{"ParentStepIdentifier":"1de9b126-8f75-4fa3-9512-ec6ba7ccd37f","ParentWorkflowIdentifier":"ebaa457e-b190-4729-bf5b-87af286c5a16","Name":"NestedWorkflowOutput","Value":"Could not update ticket"}],"AutoSkipOnFailure":false,"IsDebugMockData":false,"StepDebugData":null},{"Identifier":"1f4fb480-a3e5-4aee-809d-eb4fd67c155a","OriginalStepIdentifier":"da62132e-8b07-4669-b492-c69e8c7cd814","ParentWorkflowIdentifier":"ebaa457e-b190-4729-bf5b-87af286c5a16","ParentStepIdentifiers":["adfdbffa-634d-4b4b-826e-20287bbba1fd"],"ParentStepIdentifier":"adfdbffa-634d-4b4b-826e-20287bbba1fd","PreviousResultCondition":"{}","InstanceName":"Output_3","IsAutomatic":true,"Name":"Output","IsSkippable":false,"Description":"","ActionProvider":"Flow","ActionName":"OutputAction","Type":6,"Integration":"Flow","Parameters":[{"ParentStepIdentifier":"1f4fb480-a3e5-4aee-809d-eb4fd67c155a","ParentWorkflowIdentifier":"ebaa457e-b190-4729-bf5b-87af286c5a16","Name":"NestedWorkflowOutput","Value":"Updated successfully"}],"AutoSkipOnFailure":false,"IsDebugMockData":false,"StepDebugData":null},{"Identifier":"21305db4-71a2-426a-a3e9-ca336c5eb291","OriginalStepIdentifier":"8799ff0e-2e41-4502-bc1e-93d6d1aca683","ParentWorkflowIdentifier":"ebaa457e-b190-4729-bf5b-87af286c5a16","ParentStepIdentifiers":["e01aff0b-0dce-4f4c-a118-0cdd66b24479","72749cd1-73d3-4a0f-bb13-8564758884dc","b033ee5e-a208-4ee3-91de-ab44b27d08f0"],"ParentStepIdentifier":"e01aff0b-0dce-4f4c-a118-0cdd66b24479;72749cd1-73d3-4a0f-bb13-8564758884dc;b033ee5e-a208-4ee3-91de-ab44b27d08f0","PreviousResultCondition":"{}","InstanceName":"Ticket Exists","IsAutomatic":true,"Name":"Condition","IsSkippable":false,"Description":"This condition determines the progress of the playbook. Conditions are built based on cases data (cases, alerts, vents, entities and environment properties) as-well as data that comes back from previous playbook steps.","ActionProvider":"Flow","ActionName":"IfFlowCondition","Type":4,"Integration":"Flow","Parameters":[{"ParentStepIdentifier":"21305db4-71a2-426a-a3e9-ca336c5eb291","ParentWorkflowIdentifier":"ebaa457e-b190-4729-bf5b-87af286c5a16","Name":"AssignedUsers","Value":null},{"ParentStepIdentifier":"21305db4-71a2-426a-a3e9-ca336c5eb291","ParentWorkflowIdentifier":"ebaa457e-b190-4729-bf5b-87af286c5a16","Name":"Branches","Value":"[{\"LogicalOperator\":0,\"Conditions\":[{\"Operator\":5,\"FieldName\":\"[Input.Open ticket output]\",\"Type\":2,\"Value\":\"No Ticket\"}],\"Order\":1,\"IsDefaultBranch\":false,\"Name\":\"Ticket Exists \"},{\"LogicalOperator\":0,\"Conditions\":[],\"Order\":2,\"IsDefaultBranch\":true,\"Name\":\"Branch\"}]"},{"ParentStepIdentifier":"21305db4-71a2-426a-a3e9-ca336c5eb291","ParentWorkflowIdentifier":"ebaa457e-b190-4729-bf5b-87af286c5a16","Name":"ErrorFallbackBranch","Value":"2"},{"ParentStepIdentifier":"21305db4-71a2-426a-a3e9-ca336c5eb291","ParentWorkflowIdentifier":"ebaa457e-b190-4729-bf5b-87af286c5a16","Name":"HasApprovalLink","Value":null},{"ParentStepIdentifier":"21305db4-71a2-426a-a3e9-ca336c5eb291","ParentWorkflowIdentifier":"ebaa457e-b190-4729-bf5b-87af286c5a16","Name":"MessageToAssignee","Value":null},{"ParentStepIdentifier":"21305db4-71a2-426a-a3e9-ca336c5eb291","ParentWorkflowIdentifier":"ebaa457e-b190-4729-bf5b-87af286c5a16","Name":"PendingActionTimeout","Value":null},{"ParentStepIdentifier":"21305db4-71a2-426a-a3e9-ca336c5eb291","ParentWorkflowIdentifier":"ebaa457e-b190-4729-bf5b-87af286c5a16","Name":"SelectedScopeName","Value":"All entities"}],"AutoSkipOnFailure":false,"IsDebugMockData":false,"StepDebugData":null},{"Identifier":"527630a8-453d-4d4d-a3af-e060b79656e8","OriginalStepIdentifier":"082c6e1c-0758-401d-99a2-96924a400a08","ParentWorkflowIdentifier":"ebaa457e-b190-4729-bf5b-87af286c5a16","ParentStepIdentifiers":["21305db4-71a2-426a-a3e9-ca336c5eb291"],"ParentStepIdentifier":"21305db4-71a2-426a-a3e9-ca336c5eb291","PreviousResultCondition":"{\"21305db4-71a2-426a-a3e9-ca336c5eb291\":\"1\"}","InstanceName":"Tools_Buffer","IsAutomatic":true,"Name":"Tools_Buffer","IsSkippable":false,"Description":"The action receives a json and returns it as a json result","ActionProvider":"Scripts","ActionName":"Tools_Buffer","Type":0,"Integration":"Tools","Parameters":[{"ParentStepIdentifier":"527630a8-453d-4d4d-a3af-e060b79656e8","ParentWorkflowIdentifier":"ebaa457e-b190-4729-bf5b-87af286c5a16","Name":"AssignedUsers","Value":null},{"ParentStepIdentifier":"527630a8-453d-4d4d-a3af-e060b79656e8","ParentWorkflowIdentifier":"ebaa457e-b190-4729-bf5b-87af286c5a16","Name":"AsyncActionTimeout","Value":"86400"},{"ParentStepIdentifier":"527630a8-453d-4d4d-a3af-e060b79656e8","ParentWorkflowIdentifier":"ebaa457e-b190-4729-bf5b-87af286c5a16","Name":"AsyncPollingInterval","Value":"3600"},{"ParentStepIdentifier":"527630a8-453d-4d4d-a3af-e060b79656e8","ParentWorkflowIdentifier":"ebaa457e-b190-4729-bf5b-87af286c5a16","Name":"FallbackIntegrationInstance","Value":null},{"ParentStepIdentifier":"527630a8-453d-4d4d-a3af-e060b79656e8","ParentWorkflowIdentifier":"ebaa457e-b190-4729-bf5b-87af286c5a16","Name":"HasApprovalLink","Value":null},{"ParentStepIdentifier":"527630a8-453d-4d4d-a3af-e060b79656e8","ParentWorkflowIdentifier":"ebaa457e-b190-4729-bf5b-87af286c5a16","Name":"IntegrationInstance","Value":"AutomaticEnvironment"},{"ParentStepIdentifier":"527630a8-453d-4d4d-a3af-e060b79656e8","ParentWorkflowIdentifier":"ebaa457e-b190-4729-bf5b-87af286c5a16","Name":"MessageToAssignee","Value":null},{"ParentStepIdentifier":"527630a8-453d-4d4d-a3af-e060b79656e8","ParentWorkflowIdentifier":"ebaa457e-b190-4729-bf5b-87af286c5a16","Name":"PendingActionTimeout","Value":null},{"ParentStepIdentifier":"527630a8-453d-4d4d-a3af-e060b79656e8","ParentWorkflowIdentifier":"ebaa457e-b190-4729-bf5b-87af286c5a16","Name":"ScriptName","Value":"Tools_Buffer"},{"ParentStepIdentifier":"527630a8-453d-4d4d-a3af-e060b79656e8","ParentWorkflowIdentifier":"ebaa457e-b190-4729-bf5b-87af286c5a16","Name":"ScriptParametersEntityFields","Value":"{\"ResultValue\":\"\",\"JSON\":\"[Input.Open ticket output]\"}"},{"ParentStepIdentifier":"527630a8-453d-4d4d-a3af-e060b79656e8","ParentWorkflowIdentifier":"ebaa457e-b190-4729-bf5b-87af286c5a16","Name":"SelectedScopeName","Value":"All entities"}],"AutoSkipOnFailure":true,"IsDebugMockData":false,"StepDebugData":null},{"Identifier":"5471a4c0-8253-48db-8ab4-99db23d57d3b","OriginalStepIdentifier":"ab504b5e-f0b0-452e-8c28-12b819e81279","ParentWorkflowIdentifier":"ebaa457e-b190-4729-bf5b-87af286c5a16","ParentStepIdentifiers":["59647712-1a75-4e4e-952d-f4213d9dd6f0"],"ParentStepIdentifier":"59647712-1a75-4e4e-952d-f4213d9dd6f0","PreviousResultCondition":"{\"59647712-1a75-4e4e-952d-f4213d9dd6f0\":\"2\"}","InstanceName":"Set ZenDesk ticket priority1","IsAutomatic":true,"Name":"Tools_Set Context Value","IsSkippable":false,"Description":"The action sets a key and value in a specific context (alert or case)","ActionProvider":"Scripts","ActionName":"Tools_Set Context Value","Type":0,"Integration":"Tools","Parameters":[{"ParentStepIdentifier":"5471a4c0-8253-48db-8ab4-99db23d57d3b","ParentWorkflowIdentifier":"ebaa457e-b190-4729-bf5b-87af286c5a16","Name":"AssignedUsers","Value":null},{"ParentStepIdentifier":"5471a4c0-8253-48db-8ab4-99db23d57d3b","ParentWorkflowIdentifier":"ebaa457e-b190-4729-bf5b-87af286c5a16","Name":"AsyncActionTimeout","Value":"86400"},{"ParentStepIdentifier":"5471a4c0-8253-48db-8ab4-99db23d57d3b","ParentWorkflowIdentifier":"ebaa457e-b190-4729-bf5b-87af286c5a16","Name":"AsyncPollingInterval","Value":"3600"},{"ParentStepIdentifier":"5471a4c0-8253-48db-8ab4-99db23d57d3b","ParentWorkflowIdentifier":"ebaa457e-b190-4729-bf5b-87af286c5a16","Name":"FallbackIntegrationInstance","Value":null},{"ParentStepIdentifier":"5471a4c0-8253-48db-8ab4-99db23d57d3b","ParentWorkflowIdentifier":"ebaa457e-b190-4729-bf5b-87af286c5a16","Name":"HasApprovalLink","Value":null},{"ParentStepIdentifier":"5471a4c0-8253-48db-8ab4-99db23d57d3b","ParentWorkflowIdentifier":"ebaa457e-b190-4729-bf5b-87af286c5a16","Name":"IntegrationInstance","Value":"AutomaticEnvironment"},{"ParentStepIdentifier":"5471a4c0-8253-48db-8ab4-99db23d57d3b","ParentWorkflowIdentifier":"ebaa457e-b190-4729-bf5b-87af286c5a16","Name":"MessageToAssignee","Value":null},{"ParentStepIdentifier":"5471a4c0-8253-48db-8ab4-99db23d57d3b","ParentWorkflowIdentifier":"ebaa457e-b190-4729-bf5b-87af286c5a16","Name":"PendingActionTimeout","Value":null},{"ParentStepIdentifier":"5471a4c0-8253-48db-8ab4-99db23d57d3b","ParentWorkflowIdentifier":"ebaa457e-b190-4729-bf5b-87af286c5a16","Name":"ScriptName","Value":"Tools_Set Context Value"},{"ParentStepIdentifier":"5471a4c0-8253-48db-8ab4-99db23d57d3b","ParentWorkflowIdentifier":"ebaa457e-b190-4729-bf5b-87af286c5a16","Name":"ScriptParametersEntityFields","Value":"{\"Value\":\"high\",\"Key\":\"ZDticketPriority\",\"Scope\":\"Alert\"}"},{"ParentStepIdentifier":"5471a4c0-8253-48db-8ab4-99db23d57d3b","ParentWorkflowIdentifier":"ebaa457e-b190-4729-bf5b-87af286c5a16","Name":"SelectedScopeName","Value":"All entities"}],"AutoSkipOnFailure":true,"IsDebugMockData":false,"StepDebugData":null},{"Identifier":"59647712-1a75-4e4e-952d-f4213d9dd6f0","OriginalStepIdentifier":"2fa06929-f7b8-4163-bbe7-9985629e07d4","ParentWorkflowIdentifier":"ebaa457e-b190-4729-bf5b-87af286c5a16","ParentStepIdentifiers":[],"ParentStepIdentifier":"","PreviousResultCondition":"{}","InstanceName":"Get normalized alert priority","IsAutomatic":true,"Name":"Condition","IsSkippable":false,"Description":"This condition determines the progress of the playbook. Conditions are built based on cases data (cases, alerts, vents, entities and environment properties) as-well as data that comes back from previous playbook steps.","ActionProvider":"Flow","ActionName":"IfFlowCondition","Type":4,"Integration":"Flow","Parameters":[{"ParentStepIdentifier":"59647712-1a75-4e4e-952d-f4213d9dd6f0","ParentWorkflowIdentifier":"ebaa457e-b190-4729-bf5b-87af286c5a16","Name":"AssignedUsers","Value":null},{"ParentStepIdentifier":"59647712-1a75-4e4e-952d-f4213d9dd6f0","ParentWorkflowIdentifier":"ebaa457e-b190-4729-bf5b-87af286c5a16","Name":"Branches","Value":"[{\"LogicalOperator\":0,\"Conditions\":[{\"Operator\":3,\"FieldName\":\"[Alert.ALERT_SCORE]\",\"Type\":2,\"Value\":\"89\"}],\"Order\":1,\"IsDefaultBranch\":false,\"Name\":\"Critical\"},{\"LogicalOperator\":0,\"Conditions\":[],\"Order\":4,\"IsDefaultBranch\":true,\"Name\":\"Branch\"},{\"LogicalOperator\":0,\"Conditions\":[{\"Operator\":3,\"FieldName\":\"[Alert.ALERT_SCORE]\",\"Type\":2,\"Value\":\"74\"}],\"Order\":2,\"IsDefaultBranch\":false,\"Name\":\"High\"},{\"LogicalOperator\":0,\"Conditions\":[{\"Operator\":3,\"FieldName\":\"[Alert.ALERT_SCORE]\",\"Type\":2,\"Value\":\"0\"}],\"Order\":3,\"IsDefaultBranch\":false,\"Name\":\"Medium\"}]"},{"ParentStepIdentifier":"59647712-1a75-4e4e-952d-f4213d9dd6f0","ParentWorkflowIdentifier":"ebaa457e-b190-4729-bf5b-87af286c5a16","Name":"ErrorFallbackBranch","Value":"4"},{"ParentStepIdentifier":"59647712-1a75-4e4e-952d-f4213d9dd6f0","ParentWorkflowIdentifier":"ebaa457e-b190-4729-bf5b-87af286c5a16","Name":"HasApprovalLink","Value":null},{"ParentStepIdentifier":"59647712-1a75-4e4e-952d-f4213d9dd6f0","ParentWorkflowIdentifier":"ebaa457e-b190-4729-bf5b-87af286c5a16","Name":"MessageToAssignee","Value":null},{"ParentStepIdentifier":"59647712-1a75-4e4e-952d-f4213d9dd6f0","ParentWorkflowIdentifier":"ebaa457e-b190-4729-bf5b-87af286c5a16","Name":"PendingActionTimeout","Value":null},{"ParentStepIdentifier":"59647712-1a75-4e4e-952d-f4213d9dd6f0","ParentWorkflowIdentifier":"ebaa457e-b190-4729-bf5b-87af286c5a16","Name":"SelectedScopeName","Value":"All entities"}],"AutoSkipOnFailure":false,"IsDebugMockData":false,"StepDebugData":null},{"Identifier":"60c72090-c2ce-4514-af49-79f1a067f461","OriginalStepIdentifier":"6a2a23e4-c42a-45a9-90fb-d74f93670b87","ParentWorkflowIdentifier":"ebaa457e-b190-4729-bf5b-87af286c5a16","ParentStepIdentifiers":["05c74063-be5e-41c5-aea8-adca09380c1f"],"ParentStepIdentifier":"05c74063-be5e-41c5-aea8-adca09380c1f","PreviousResultCondition":"{\"05c74063-be5e-41c5-aea8-adca09380c1f\":\"4\"}","InstanceName":"Output_2","IsAutomatic":true,"Name":"Output","IsSkippable":false,"Description":"","ActionProvider":"Flow","ActionName":"OutputAction","Type":6,"Integration":"Flow","Parameters":[{"ParentStepIdentifier":"60c72090-c2ce-4514-af49-79f1a067f461","ParentWorkflowIdentifier":"ebaa457e-b190-4729-bf5b-87af286c5a16","Name":"NestedWorkflowOutput","Value":"No ticket"}],"AutoSkipOnFailure":false,"IsDebugMockData":false,"StepDebugData":null},{"Identifier":"7070662b-79e1-4d5b-b0fd-ce010f0b5dd7","OriginalStepIdentifier":"b67a0613-77b4-44e6-a384-7dbdaae1f8be","ParentWorkflowIdentifier":"ebaa457e-b190-4729-bf5b-87af286c5a16","ParentStepIdentifiers":["59647712-1a75-4e4e-952d-f4213d9dd6f0"],"ParentStepIdentifier":"59647712-1a75-4e4e-952d-f4213d9dd6f0","PreviousResultCondition":"{\"59647712-1a75-4e4e-952d-f4213d9dd6f0\":\"3\"}","InstanceName":"Set ZenDesk ticket priority2","IsAutomatic":true,"Name":"Tools_Set Context Value","IsSkippable":false,"Description":"The action sets a key and value in a specific context (alert or case)","ActionProvider":"Scripts","ActionName":"Tools_Set Context Value","Type":0,"Integration":"Tools","Parameters":[{"ParentStepIdentifier":"7070662b-79e1-4d5b-b0fd-ce010f0b5dd7","ParentWorkflowIdentifier":"ebaa457e-b190-4729-bf5b-87af286c5a16","Name":"AssignedUsers","Value":null},{"ParentStepIdentifier":"7070662b-79e1-4d5b-b0fd-ce010f0b5dd7","ParentWorkflowIdentifier":"ebaa457e-b190-4729-bf5b-87af286c5a16","Name":"AsyncActionTimeout","Value":"86400"},{"ParentStepIdentifier":"7070662b-79e1-4d5b-b0fd-ce010f0b5dd7","ParentWorkflowIdentifier":"ebaa457e-b190-4729-bf5b-87af286c5a16","Name":"AsyncPollingInterval","Value":"3600"},{"ParentStepIdentifier":"7070662b-79e1-4d5b-b0fd-ce010f0b5dd7","ParentWorkflowIdentifier":"ebaa457e-b190-4729-bf5b-87af286c5a16","Name":"FallbackIntegrationInstance","Value":null},{"ParentStepIdentifier":"7070662b-79e1-4d5b-b0fd-ce010f0b5dd7","ParentWorkflowIdentifier":"ebaa457e-b190-4729-bf5b-87af286c5a16","Name":"HasApprovalLink","Value":null},{"ParentStepIdentifier":"7070662b-79e1-4d5b-b0fd-ce010f0b5dd7","ParentWorkflowIdentifier":"ebaa457e-b190-4729-bf5b-87af286c5a16","Name":"IntegrationInstance","Value":"AutomaticEnvironment"},{"ParentStepIdentifier":"7070662b-79e1-4d5b-b0fd-ce010f0b5dd7","ParentWorkflowIdentifier":"ebaa457e-b190-4729-bf5b-87af286c5a16","Name":"MessageToAssignee","Value":null},{"ParentStepIdentifier":"7070662b-79e1-4d5b-b0fd-ce010f0b5dd7","ParentWorkflowIdentifier":"ebaa457e-b190-4729-bf5b-87af286c5a16","Name":"PendingActionTimeout","Value":null},{"ParentStepIdentifier":"7070662b-79e1-4d5b-b0fd-ce010f0b5dd7","ParentWorkflowIdentifier":"ebaa457e-b190-4729-bf5b-87af286c5a16","Name":"ScriptName","Value":"Tools_Set Context Value"},{"ParentStepIdentifier":"7070662b-79e1-4d5b-b0fd-ce010f0b5dd7","ParentWorkflowIdentifier":"ebaa457e-b190-4729-bf5b-87af286c5a16","Name":"ScriptParametersEntityFields","Value":"{\"Value\":\"normal\",\"Key\":\"ZDticketPriority\",\"Scope\":\"Alert\"}"},{"ParentStepIdentifier":"7070662b-79e1-4d5b-b0fd-ce010f0b5dd7","ParentWorkflowIdentifier":"ebaa457e-b190-4729-bf5b-87af286c5a16","Name":"SelectedScopeName","Value":"All entities"}],"AutoSkipOnFailure":true,"IsDebugMockData":false,"StepDebugData":null},{"Identifier":"72749cd1-73d3-4a0f-bb13-8564758884dc","OriginalStepIdentifier":"5de020cc-b511-4251-b94b-25ac81441be9","ParentWorkflowIdentifier":"ebaa457e-b190-4729-bf5b-87af286c5a16","ParentStepIdentifiers":["7070662b-79e1-4d5b-b0fd-ce010f0b5dd7"],"ParentStepIdentifier":"7070662b-79e1-4d5b-b0fd-ce010f0b5dd7","PreviousResultCondition":"{}","InstanceName":"Set ServiceNow ticket priority1","IsAutomatic":true,"Name":"Tools_Set Context Value","IsSkippable":false,"Description":"The action sets a key and value in a specific context (alert or case)","ActionProvider":"Scripts","ActionName":"Tools_Set Context Value","Type":0,"Integration":"Tools","Parameters":[{"ParentStepIdentifier":"72749cd1-73d3-4a0f-bb13-8564758884dc","ParentWorkflowIdentifier":"ebaa457e-b190-4729-bf5b-87af286c5a16","Name":"AssignedUsers","Value":null},{"ParentStepIdentifier":"72749cd1-73d3-4a0f-bb13-8564758884dc","ParentWorkflowIdentifier":"ebaa457e-b190-4729-bf5b-87af286c5a16","Name":"AsyncActionTimeout","Value":"86400"},{"ParentStepIdentifier":"72749cd1-73d3-4a0f-bb13-8564758884dc","ParentWorkflowIdentifier":"ebaa457e-b190-4729-bf5b-87af286c5a16","Name":"AsyncPollingInterval","Value":"3600"},{"ParentStepIdentifier":"72749cd1-73d3-4a0f-bb13-8564758884dc","ParentWorkflowIdentifier":"ebaa457e-b190-4729-bf5b-87af286c5a16","Name":"FallbackIntegrationInstance","Value":null},{"ParentStepIdentifier":"72749cd1-73d3-4a0f-bb13-8564758884dc","ParentWorkflowIdentifier":"ebaa457e-b190-4729-bf5b-87af286c5a16","Name":"HasApprovalLink","Value":null},{"ParentStepIdentifier":"72749cd1-73d3-4a0f-bb13-8564758884dc","ParentWorkflowIdentifier":"ebaa457e-b190-4729-bf5b-87af286c5a16","Name":"IntegrationInstance","Value":"AutomaticEnvironment"},{"ParentStepIdentifier":"72749cd1-73d3-4a0f-bb13-8564758884dc","ParentWorkflowIdentifier":"ebaa457e-b190-4729-bf5b-87af286c5a16","Name":"MessageToAssignee","Value":null},{"ParentStepIdentifier":"72749cd1-73d3-4a0f-bb13-8564758884dc","ParentWorkflowIdentifier":"ebaa457e-b190-4729-bf5b-87af286c5a16","Name":"PendingActionTimeout","Value":null},{"ParentStepIdentifier":"72749cd1-73d3-4a0f-bb13-8564758884dc","ParentWorkflowIdentifier":"ebaa457e-b190-4729-bf5b-87af286c5a16","Name":"ScriptName","Value":"Tools_Set Context Value"},{"ParentStepIdentifier":"72749cd1-73d3-4a0f-bb13-8564758884dc","ParentWorkflowIdentifier":"ebaa457e-b190-4729-bf5b-87af286c5a16","Name":"ScriptParametersEntityFields","Value":"{\"Value\":\"2\",\"Key\":\"SNticketPriority\",\"Scope\":\"Alert\"}"},{"ParentStepIdentifier":"72749cd1-73d3-4a0f-bb13-8564758884dc","ParentWorkflowIdentifier":"ebaa457e-b190-4729-bf5b-87af286c5a16","Name":"SelectedScopeName","Value":"All entities"}],"AutoSkipOnFailure":true,"IsDebugMockData":false,"StepDebugData":null},{"Identifier":"86d291ef-0e25-4481-b349-a0aaaf406edb","OriginalStepIdentifier":"9d268bb0-6071-4c20-bfd8-5c8843d41256","ParentWorkflowIdentifier":"ebaa457e-b190-4729-bf5b-87af286c5a16","ParentStepIdentifiers":["59647712-1a75-4e4e-952d-f4213d9dd6f0"],"ParentStepIdentifier":"59647712-1a75-4e4e-952d-f4213d9dd6f0","PreviousResultCondition":"{\"59647712-1a75-4e4e-952d-f4213d9dd6f0\":\"4\"}","InstanceName":"Set ZenDesk ticket priority3","IsAutomatic":true,"Name":"Tools_Set Context Value","IsSkippable":false,"Description":"The action sets a key and value in a specific context (alert or case)","ActionProvider":"Scripts","ActionName":"Tools_Set Context Value","Type":0,"Integration":"Tools","Parameters":[{"ParentStepIdentifier":"86d291ef-0e25-4481-b349-a0aaaf406edb","ParentWorkflowIdentifier":"ebaa457e-b190-4729-bf5b-87af286c5a16","Name":"AssignedUsers","Value":null},{"ParentStepIdentifier":"86d291ef-0e25-4481-b349-a0aaaf406edb","ParentWorkflowIdentifier":"ebaa457e-b190-4729-bf5b-87af286c5a16","Name":"AsyncActionTimeout","Value":"86400"},{"ParentStepIdentifier":"86d291ef-0e25-4481-b349-a0aaaf406edb","ParentWorkflowIdentifier":"ebaa457e-b190-4729-bf5b-87af286c5a16","Name":"AsyncPollingInterval","Value":"3600"},{"ParentStepIdentifier":"86d291ef-0e25-4481-b349-a0aaaf406edb","ParentWorkflowIdentifier":"ebaa457e-b190-4729-bf5b-87af286c5a16","Name":"FallbackIntegrationInstance","Value":null},{"ParentStepIdentifier":"86d291ef-0e25-4481-b349-a0aaaf406edb","ParentWorkflowIdentifier":"ebaa457e-b190-4729-bf5b-87af286c5a16","Name":"HasApprovalLink","Value":null},{"ParentStepIdentifier":"86d291ef-0e25-4481-b349-a0aaaf406edb","ParentWorkflowIdentifier":"ebaa457e-b190-4729-bf5b-87af286c5a16","Name":"IntegrationInstance","Value":"AutomaticEnvironment"},{"ParentStepIdentifier":"86d291ef-0e25-4481-b349-a0aaaf406edb","ParentWorkflowIdentifier":"ebaa457e-b190-4729-bf5b-87af286c5a16","Name":"MessageToAssignee","Value":null},{"ParentStepIdentifier":"86d291ef-0e25-4481-b349-a0aaaf406edb","ParentWorkflowIdentifier":"ebaa457e-b190-4729-bf5b-87af286c5a16","Name":"PendingActionTimeout","Value":null},{"ParentStepIdentifier":"86d291ef-0e25-4481-b349-a0aaaf406edb","ParentWorkflowIdentifier":"ebaa457e-b190-4729-bf5b-87af286c5a16","Name":"ScriptName","Value":"Tools_Set Context Value"},{"ParentStepIdentifier":"86d291ef-0e25-4481-b349-a0aaaf406edb","ParentWorkflowIdentifier":"ebaa457e-b190-4729-bf5b-87af286c5a16","Name":"ScriptParametersEntityFields","Value":"{\"Value\":\"low\",\"Key\":\"ZDticketPriority\",\"Scope\":\"Alert\"}"},{"ParentStepIdentifier":"86d291ef-0e25-4481-b349-a0aaaf406edb","ParentWorkflowIdentifier":"ebaa457e-b190-4729-bf5b-87af286c5a16","Name":"SelectedScopeName","Value":"All entities"}],"AutoSkipOnFailure":true,"IsDebugMockData":false,"StepDebugData":null},{"Identifier":"8c8bada2-72b8-487a-a888-5ed1138000e2","OriginalStepIdentifier":"43b51103-a83c-4ce9-980c-82e1f69793df","ParentWorkflowIdentifier":"ebaa457e-b190-4729-bf5b-87af286c5a16","ParentStepIdentifiers":["59647712-1a75-4e4e-952d-f4213d9dd6f0"],"ParentStepIdentifier":"59647712-1a75-4e4e-952d-f4213d9dd6f0","PreviousResultCondition":"{\"59647712-1a75-4e4e-952d-f4213d9dd6f0\":\"1\"}","InstanceName":"Set ZenDesk ticket priority","IsAutomatic":true,"Name":"Tools_Set Context Value","IsSkippable":false,"Description":"The action sets a key and value in a specific context (alert or case)","ActionProvider":"Scripts","ActionName":"Tools_Set Context Value","Type":0,"Integration":"Tools","Parameters":[{"ParentStepIdentifier":"8c8bada2-72b8-487a-a888-5ed1138000e2","ParentWorkflowIdentifier":"ebaa457e-b190-4729-bf5b-87af286c5a16","Name":"AssignedUsers","Value":null},{"ParentStepIdentifier":"8c8bada2-72b8-487a-a888-5ed1138000e2","ParentWorkflowIdentifier":"ebaa457e-b190-4729-bf5b-87af286c5a16","Name":"AsyncActionTimeout","Value":"86400"},{"ParentStepIdentifier":"8c8bada2-72b8-487a-a888-5ed1138000e2","ParentWorkflowIdentifier":"ebaa457e-b190-4729-bf5b-87af286c5a16","Name":"AsyncPollingInterval","Value":"3600"},{"ParentStepIdentifier":"8c8bada2-72b8-487a-a888-5ed1138000e2","ParentWorkflowIdentifier":"ebaa457e-b190-4729-bf5b-87af286c5a16","Name":"FallbackIntegrationInstance","Value":null},{"ParentStepIdentifier":"8c8bada2-72b8-487a-a888-5ed1138000e2","ParentWorkflowIdentifier":"ebaa457e-b190-4729-bf5b-87af286c5a16","Name":"HasApprovalLink","Value":null},{"ParentStepIdentifier":"8c8bada2-72b8-487a-a888-5ed1138000e2","ParentWorkflowIdentifier":"ebaa457e-b190-4729-bf5b-87af286c5a16","Name":"IntegrationInstance","Value":"AutomaticEnvironment"},{"ParentStepIdentifier":"8c8bada2-72b8-487a-a888-5ed1138000e2","ParentWorkflowIdentifier":"ebaa457e-b190-4729-bf5b-87af286c5a16","Name":"MessageToAssignee","Value":null},{"ParentStepIdentifier":"8c8bada2-72b8-487a-a888-5ed1138000e2","ParentWorkflowIdentifier":"ebaa457e-b190-4729-bf5b-87af286c5a16","Name":"PendingActionTimeout","Value":null},{"ParentStepIdentifier":"8c8bada2-72b8-487a-a888-5ed1138000e2","ParentWorkflowIdentifier":"ebaa457e-b190-4729-bf5b-87af286c5a16","Name":"ScriptName","Value":"Tools_Set Context Value"},{"ParentStepIdentifier":"8c8bada2-72b8-487a-a888-5ed1138000e2","ParentWorkflowIdentifier":"ebaa457e-b190-4729-bf5b-87af286c5a16","Name":"ScriptParametersEntityFields","Value":"{\"Value\":\"urgent\",\"Key\":\"ZDticketPriority\",\"Scope\":\"Alert\"}"},{"ParentStepIdentifier":"8c8bada2-72b8-487a-a888-5ed1138000e2","ParentWorkflowIdentifier":"ebaa457e-b190-4729-bf5b-87af286c5a16","Name":"SelectedScopeName","Value":"All entities"}],"AutoSkipOnFailure":true,"IsDebugMockData":false,"StepDebugData":null},{"Identifier":"90e8179d-2683-4ec6-9821-1252fda94256","OriginalStepIdentifier":"069d633e-fd84-427c-bfed-30d9954b7536","ParentWorkflowIdentifier":"ebaa457e-b190-4729-bf5b-87af286c5a16","ParentStepIdentifiers":["21305db4-71a2-426a-a3e9-ca336c5eb291"],"ParentStepIdentifier":"21305db4-71a2-426a-a3e9-ca336c5eb291","PreviousResultCondition":"{\"21305db4-71a2-426a-a3e9-ca336c5eb291\":\"2\"}","InstanceName":"Output_1","IsAutomatic":true,"Name":"Output","IsSkippable":false,"Description":"","ActionProvider":"Flow","ActionName":"OutputAction","Type":6,"Integration":"Flow","Parameters":[{"ParentStepIdentifier":"90e8179d-2683-4ec6-9821-1252fda94256","ParentWorkflowIdentifier":"ebaa457e-b190-4729-bf5b-87af286c5a16","Name":"NestedWorkflowOutput","Value":"No Ticket"}],"AutoSkipOnFailure":false,"IsDebugMockData":false,"StepDebugData":null},{"Identifier":"9fe1a127-0b02-41a6-ac4d-2447d9ecf93b","OriginalStepIdentifier":"818cf929-c567-4206-a700-bc1bd4f84d4a","ParentWorkflowIdentifier":"ebaa457e-b190-4729-bf5b-87af286c5a16","ParentStepIdentifiers":["a3c5652e-cf6c-4116-bf4b-a8b7ec3e3560"],"ParentStepIdentifier":"a3c5652e-cf6c-4116-bf4b-a8b7ec3e3560","PreviousResultCondition":"{}","InstanceName":"Zendesk_Get Updated Ticket","IsAutomatic":true,"Name":"Zendesk_Get Ticket Details","IsSkippable":false,"Description":"Get ticket details, comments, and attachments by ticket id","ActionProvider":"Scripts","ActionName":"Zendesk_Get Ticket Details","Type":0,"Integration":"Zendesk","Parameters":[{"ParentStepIdentifier":"9fe1a127-0b02-41a6-ac4d-2447d9ecf93b","ParentWorkflowIdentifier":"ebaa457e-b190-4729-bf5b-87af286c5a16","Name":"AssignedUsers","Value":null},{"ParentStepIdentifier":"9fe1a127-0b02-41a6-ac4d-2447d9ecf93b","ParentWorkflowIdentifier":"ebaa457e-b190-4729-bf5b-87af286c5a16","Name":"AsyncActionTimeout","Value":"86400"},{"ParentStepIdentifier":"9fe1a127-0b02-41a6-ac4d-2447d9ecf93b","ParentWorkflowIdentifier":"ebaa457e-b190-4729-bf5b-87af286c5a16","Name":"AsyncPollingInterval","Value":"3600"},{"ParentStepIdentifier":"9fe1a127-0b02-41a6-ac4d-2447d9ecf93b","ParentWorkflowIdentifier":"ebaa457e-b190-4729-bf5b-87af286c5a16","Name":"FallbackIntegrationInstance","Value":null},{"ParentStepIdentifier":"9fe1a127-0b02-41a6-ac4d-2447d9ecf93b","ParentWorkflowIdentifier":"ebaa457e-b190-4729-bf5b-87af286c5a16","Name":"HasApprovalLink","Value":null},{"ParentStepIdentifier":"9fe1a127-0b02-41a6-ac4d-2447d9ecf93b","ParentWorkflowIdentifier":"ebaa457e-b190-4729-bf5b-87af286c5a16","Name":"IntegrationInstance","Value":"AutomaticEnvironment"},{"ParentStepIdentifier":"9fe1a127-0b02-41a6-ac4d-2447d9ecf93b","ParentWorkflowIdentifier":"ebaa457e-b190-4729-bf5b-87af286c5a16","Name":"MessageToAssignee","Value":null},{"ParentStepIdentifier":"9fe1a127-0b02-41a6-ac4d-2447d9ecf93b","ParentWorkflowIdentifier":"ebaa457e-b190-4729-bf5b-87af286c5a16","Name":"PendingActionTimeout","Value":null},{"ParentStepIdentifier":"9fe1a127-0b02-41a6-ac4d-2447d9ecf93b","ParentWorkflowIdentifier":"ebaa457e-b190-4729-bf5b-87af286c5a16","Name":"ScriptName","Value":"Zendesk_Get Ticket Details"},{"ParentStepIdentifier":"9fe1a127-0b02-41a6-ac4d-2447d9ecf93b","ParentWorkflowIdentifier":"ebaa457e-b190-4729-bf5b-87af286c5a16","Name":"ScriptParametersEntityFields","Value":"{\"Ticket ID\":\"[Tools_Buffer.JsonResult| \\\"ticketid\\\"]\"}"},{"ParentStepIdentifier":"9fe1a127-0b02-41a6-ac4d-2447d9ecf93b","ParentWorkflowIdentifier":"ebaa457e-b190-4729-bf5b-87af286c5a16","Name":"SelectedScopeName","Value":"All entities"}],"AutoSkipOnFailure":true,"IsDebugMockData":false,"StepDebugData":null},{"Identifier":"a3c5652e-cf6c-4116-bf4b-a8b7ec3e3560","OriginalStepIdentifier":"370a9b72-157e-4ba7-a329-b6ea01ce17da","ParentWorkflowIdentifier":"ebaa457e-b190-4729-bf5b-87af286c5a16","ParentStepIdentifiers":["05c74063-be5e-41c5-aea8-adca09380c1f"],"ParentStepIdentifier":"05c74063-be5e-41c5-aea8-adca09380c1f","PreviousResultCondition":"{\"05c74063-be5e-41c5-aea8-adca09380c1f\":\"3\"}","InstanceName":"Zendesk_Update Ticket_1","IsAutomatic":true,"Name":"Zendesk_Update Ticket","IsSkippable":false,"Description":"Update existing ticket details","ActionProvider":"Scripts","ActionName":"Zendesk_Update Ticket","Type":0,"Integration":"Zendesk","Parameters":[{"ParentStepIdentifier":"a3c5652e-cf6c-4116-bf4b-a8b7ec3e3560","ParentWorkflowIdentifier":"ebaa457e-b190-4729-bf5b-87af286c5a16","Name":"AssignedUsers","Value":null},{"ParentStepIdentifier":"a3c5652e-cf6c-4116-bf4b-a8b7ec3e3560","ParentWorkflowIdentifier":"ebaa457e-b190-4729-bf5b-87af286c5a16","Name":"AsyncActionTimeout","Value":"86400"},{"ParentStepIdentifier":"a3c5652e-cf6c-4116-bf4b-a8b7ec3e3560","ParentWorkflowIdentifier":"ebaa457e-b190-4729-bf5b-87af286c5a16","Name":"AsyncPollingInterval","Value":"3600"},{"ParentStepIdentifier":"a3c5652e-cf6c-4116-bf4b-a8b7ec3e3560","ParentWorkflowIdentifier":"ebaa457e-b190-4729-bf5b-87af286c5a16","Name":"FallbackIntegrationInstance","Value":null},{"ParentStepIdentifier":"a3c5652e-cf6c-4116-bf4b-a8b7ec3e3560","ParentWorkflowIdentifier":"ebaa457e-b190-4729-bf5b-87af286c5a16","Name":"HasApprovalLink","Value":null},{"ParentStepIdentifier":"a3c5652e-cf6c-4116-bf4b-a8b7ec3e3560","ParentWorkflowIdentifier":"ebaa457e-b190-4729-bf5b-87af286c5a16","Name":"IntegrationInstance","Value":"AutomaticEnvironment"},{"ParentStepIdentifier":"a3c5652e-cf6c-4116-bf4b-a8b7ec3e3560","ParentWorkflowIdentifier":"ebaa457e-b190-4729-bf5b-87af286c5a16","Name":"MessageToAssignee","Value":null},{"ParentStepIdentifier":"a3c5652e-cf6c-4116-bf4b-a8b7ec3e3560","ParentWorkflowIdentifier":"ebaa457e-b190-4729-bf5b-87af286c5a16","Name":"PendingActionTimeout","Value":null},{"ParentStepIdentifier":"a3c5652e-cf6c-4116-bf4b-a8b7ec3e3560","ParentWorkflowIdentifier":"ebaa457e-b190-4729-bf5b-87af286c5a16","Name":"ScriptName","Value":"Zendesk_Update Ticket"},{"ParentStepIdentifier":"a3c5652e-cf6c-4116-bf4b-a8b7ec3e3560","ParentWorkflowIdentifier":"ebaa457e-b190-4729-bf5b-87af286c5a16","Name":"ScriptParametersEntityFields","Value":"{\"Ticket ID\":\"[Tools_Buffer.JsonResult| \\\"ticketid\\\"]\",\"Subject\":\"[Alert.Name]\",\"Assigned User\":\"\",\"Assignment Group\":\"\",\"Priority\":\"[Alert.ZDticketPriority]\",\"Ticket Type\":\"\",\"Tag\":\"\",\"Status\":\"\",\"Internal Note\":false,\"Additional Comment\":\"Updates- \\nAlert summary - [Alert.SUMMARY]\\nAll entities - [Entity.OriginalIdentifier]\\n\\n[Alert.caseUrl]\"}"},{"ParentStepIdentifier":"a3c5652e-cf6c-4116-bf4b-a8b7ec3e3560","ParentWorkflowIdentifier":"ebaa457e-b190-4729-bf5b-87af286c5a16","Name":"SelectedScopeName","Value":"All entities"}],"AutoSkipOnFailure":true,"IsDebugMockData":false,"StepDebugData":null},{"Identifier":"a9fabf62-3ec1-4619-b0b7-ec4543af16e5","OriginalStepIdentifier":"de896365-9758-4451-8ac2-e3bbb63614fa","ParentWorkflowIdentifier":"ebaa457e-b190-4729-bf5b-87af286c5a16","ParentStepIdentifiers":["05c74063-be5e-41c5-aea8-adca09380c1f"],"ParentStepIdentifier":"05c74063-be5e-41c5-aea8-adca09380c1f","PreviousResultCondition":"{\"05c74063-be5e-41c5-aea8-adca09380c1f\":\"2\"}","InstanceName":"ServiceNow_Update Incident_1","IsAutomatic":true,"Name":"ServiceNow_Update Incident","IsSkippable":false,"Description":"Update incident information","ActionProvider":"Scripts","ActionName":"ServiceNow_Update Incident","Type":0,"Integration":"ServiceNow","Parameters":[{"ParentStepIdentifier":"a9fabf62-3ec1-4619-b0b7-ec4543af16e5","ParentWorkflowIdentifier":"ebaa457e-b190-4729-bf5b-87af286c5a16","Name":"AssignedUsers","Value":null},{"ParentStepIdentifier":"a9fabf62-3ec1-4619-b0b7-ec4543af16e5","ParentWorkflowIdentifier":"ebaa457e-b190-4729-bf5b-87af286c5a16","Name":"AsyncActionTimeout","Value":"86400"},{"ParentStepIdentifier":"a9fabf62-3ec1-4619-b0b7-ec4543af16e5","ParentWorkflowIdentifier":"ebaa457e-b190-4729-bf5b-87af286c5a16","Name":"AsyncPollingInterval","Value":"3600"},{"ParentStepIdentifier":"a9fabf62-3ec1-4619-b0b7-ec4543af16e5","ParentWorkflowIdentifier":"ebaa457e-b190-4729-bf5b-87af286c5a16","Name":"FallbackIntegrationInstance","Value":null},{"ParentStepIdentifier":"a9fabf62-3ec1-4619-b0b7-ec4543af16e5","ParentWorkflowIdentifier":"ebaa457e-b190-4729-bf5b-87af286c5a16","Name":"HasApprovalLink","Value":null},{"ParentStepIdentifier":"a9fabf62-3ec1-4619-b0b7-ec4543af16e5","ParentWorkflowIdentifier":"ebaa457e-b190-4729-bf5b-87af286c5a16","Name":"IntegrationInstance","Value":"AutomaticEnvironment"},{"ParentStepIdentifier":"a9fabf62-3ec1-4619-b0b7-ec4543af16e5","ParentWorkflowIdentifier":"ebaa457e-b190-4729-bf5b-87af286c5a16","Name":"MessageToAssignee","Value":null},{"ParentStepIdentifier":"a9fabf62-3ec1-4619-b0b7-ec4543af16e5","ParentWorkflowIdentifier":"ebaa457e-b190-4729-bf5b-87af286c5a16","Name":"PendingActionTimeout","Value":null},{"ParentStepIdentifier":"a9fabf62-3ec1-4619-b0b7-ec4543af16e5","ParentWorkflowIdentifier":"ebaa457e-b190-4729-bf5b-87af286c5a16","Name":"ScriptName","Value":"ServiceNow_Update Incident"},{"ParentStepIdentifier":"a9fabf62-3ec1-4619-b0b7-ec4543af16e5","ParentWorkflowIdentifier":"ebaa457e-b190-4729-bf5b-87af286c5a16","Name":"ScriptParametersEntityFields","Value":"{\"Incident Number\":\"[Tools_Buffer.JsonResult| \\\"ticketid\\\"]\",\"Short Description\":\"\",\"Impact\":\"[Alert.SNticketPriority]\",\"Urgency\":\"[Alert.SNticketPriority]\",\"Category\":\"\",\"Assignment group ID\":\"\",\"Assigned User ID\":\"\",\"Description\":\"Updates - \\nAlert summary - [Alert.SUMMARY]\\nAll entities - [Entity.OriginalIdentifier]\\n\\n[Alert.caseUrl]\",\"Incident State\":\"\",\"Custom Fields\":\"\"}"},{"ParentStepIdentifier":"a9fabf62-3ec1-4619-b0b7-ec4543af16e5","ParentWorkflowIdentifier":"ebaa457e-b190-4729-bf5b-87af286c5a16","Name":"SelectedScopeName","Value":"All entities"}],"AutoSkipOnFailure":true,"IsDebugMockData":false,"StepDebugData":null},{"Identifier":"adfdbffa-634d-4b4b-826e-20287bbba1fd","OriginalStepIdentifier":"d307b677-55ba-4870-bb83-65c4520c3fa4","ParentWorkflowIdentifier":"ebaa457e-b190-4729-bf5b-87af286c5a16","ParentStepIdentifiers":["ffd2292b-3663-477f-833f-7c1e89a2873a"],"ParentStepIdentifier":"ffd2292b-3663-477f-833f-7c1e89a2873a","PreviousResultCondition":"{\"ffd2292b-3663-477f-833f-7c1e89a2873a\":\"1\"}","InstanceName":"Siemplify_Update Ticket Tag_2","IsAutomatic":true,"Name":"Siemplify_Case Tag","IsSkippable":false,"Description":"Add given tag to the case the current alert is grouped to","ActionProvider":"Scripts","ActionName":"Siemplify_Case Tag","Type":0,"Integration":"Siemplify","Parameters":[{"ParentStepIdentifier":"adfdbffa-634d-4b4b-826e-20287bbba1fd","ParentWorkflowIdentifier":"ebaa457e-b190-4729-bf5b-87af286c5a16","Name":"AssignedUsers","Value":null},{"ParentStepIdentifier":"adfdbffa-634d-4b4b-826e-20287bbba1fd","ParentWorkflowIdentifier":"ebaa457e-b190-4729-bf5b-87af286c5a16","Name":"AsyncActionTimeout","Value":"86400"},{"ParentStepIdentifier":"adfdbffa-634d-4b4b-826e-20287bbba1fd","ParentWorkflowIdentifier":"ebaa457e-b190-4729-bf5b-87af286c5a16","Name":"AsyncPollingInterval","Value":"3600"},{"ParentStepIdentifier":"adfdbffa-634d-4b4b-826e-20287bbba1fd","ParentWorkflowIdentifier":"ebaa457e-b190-4729-bf5b-87af286c5a16","Name":"FallbackIntegrationInstance","Value":"5a47e2d9-4731-4b72-91db-6cc0677252d1"},{"ParentStepIdentifier":"adfdbffa-634d-4b4b-826e-20287bbba1fd","ParentWorkflowIdentifier":"ebaa457e-b190-4729-bf5b-87af286c5a16","Name":"HasApprovalLink","Value":null},{"ParentStepIdentifier":"adfdbffa-634d-4b4b-826e-20287bbba1fd","ParentWorkflowIdentifier":"ebaa457e-b190-4729-bf5b-87af286c5a16","Name":"IntegrationInstance","Value":"AutomaticEnvironment"},{"ParentStepIdentifier":"adfdbffa-634d-4b4b-826e-20287bbba1fd","ParentWorkflowIdentifier":"ebaa457e-b190-4729-bf5b-87af286c5a16","Name":"MessageToAssignee","Value":null},{"ParentStepIdentifier":"adfdbffa-634d-4b4b-826e-20287bbba1fd","ParentWorkflowIdentifier":"ebaa457e-b190-4729-bf5b-87af286c5a16","Name":"PendingActionTimeout","Value":null},{"ParentStepIdentifier":"adfdbffa-634d-4b4b-826e-20287bbba1fd","ParentWorkflowIdentifier":"ebaa457e-b190-4729-bf5b-87af286c5a16","Name":"ScriptName","Value":"Siemplify_Case Tag"},{"ParentStepIdentifier":"adfdbffa-634d-4b4b-826e-20287bbba1fd","ParentWorkflowIdentifier":"ebaa457e-b190-4729-bf5b-87af286c5a16","Name":"ScriptParametersEntityFields","Value":"{\"Tag\":\"Updated Ticket\"}"},{"ParentStepIdentifier":"adfdbffa-634d-4b4b-826e-20287bbba1fd","ParentWorkflowIdentifier":"ebaa457e-b190-4729-bf5b-87af286c5a16","Name":"SelectedScopeName","Value":"All entities"}],"AutoSkipOnFailure":true,"IsDebugMockData":false,"StepDebugData":null},{"Identifier":"b033ee5e-a208-4ee3-91de-ab44b27d08f0","OriginalStepIdentifier":"a11483c4-cf16-4e76-bd7b-3f18e8bc1bad","ParentWorkflowIdentifier":"ebaa457e-b190-4729-bf5b-87af286c5a16","ParentStepIdentifiers":["86d291ef-0e25-4481-b349-a0aaaf406edb"],"ParentStepIdentifier":"86d291ef-0e25-4481-b349-a0aaaf406edb","PreviousResultCondition":"{}","InstanceName":"Set ServiceNow ticket priority2","IsAutomatic":true,"Name":"Tools_Set Context Value","IsSkippable":false,"Description":"The action sets a key and value in a specific context (alert or case)","ActionProvider":"Scripts","ActionName":"Tools_Set Context Value","Type":0,"Integration":"Tools","Parameters":[{"ParentStepIdentifier":"b033ee5e-a208-4ee3-91de-ab44b27d08f0","ParentWorkflowIdentifier":"ebaa457e-b190-4729-bf5b-87af286c5a16","Name":"AssignedUsers","Value":null},{"ParentStepIdentifier":"b033ee5e-a208-4ee3-91de-ab44b27d08f0","ParentWorkflowIdentifier":"ebaa457e-b190-4729-bf5b-87af286c5a16","Name":"AsyncActionTimeout","Value":"86400"},{"ParentStepIdentifier":"b033ee5e-a208-4ee3-91de-ab44b27d08f0","ParentWorkflowIdentifier":"ebaa457e-b190-4729-bf5b-87af286c5a16","Name":"AsyncPollingInterval","Value":"3600"},{"ParentStepIdentifier":"b033ee5e-a208-4ee3-91de-ab44b27d08f0","ParentWorkflowIdentifier":"ebaa457e-b190-4729-bf5b-87af286c5a16","Name":"FallbackIntegrationInstance","Value":null},{"ParentStepIdentifier":"b033ee5e-a208-4ee3-91de-ab44b27d08f0","ParentWorkflowIdentifier":"ebaa457e-b190-4729-bf5b-87af286c5a16","Name":"HasApprovalLink","Value":null},{"ParentStepIdentifier":"b033ee5e-a208-4ee3-91de-ab44b27d08f0","ParentWorkflowIdentifier":"ebaa457e-b190-4729-bf5b-87af286c5a16","Name":"IntegrationInstance","Value":"AutomaticEnvironment"},{"ParentStepIdentifier":"b033ee5e-a208-4ee3-91de-ab44b27d08f0","ParentWorkflowIdentifier":"ebaa457e-b190-4729-bf5b-87af286c5a16","Name":"MessageToAssignee","Value":null},{"ParentStepIdentifier":"b033ee5e-a208-4ee3-91de-ab44b27d08f0","ParentWorkflowIdentifier":"ebaa457e-b190-4729-bf5b-87af286c5a16","Name":"PendingActionTimeout","Value":null},{"ParentStepIdentifier":"b033ee5e-a208-4ee3-91de-ab44b27d08f0","ParentWorkflowIdentifier":"ebaa457e-b190-4729-bf5b-87af286c5a16","Name":"ScriptName","Value":"Tools_Set Context Value"},{"ParentStepIdentifier":"b033ee5e-a208-4ee3-91de-ab44b27d08f0","ParentWorkflowIdentifier":"ebaa457e-b190-4729-bf5b-87af286c5a16","Name":"ScriptParametersEntityFields","Value":"{\"Value\":\"3\",\"Key\":\"SNticketPriority\",\"Scope\":\"Alert\"}"},{"ParentStepIdentifier":"b033ee5e-a208-4ee3-91de-ab44b27d08f0","ParentWorkflowIdentifier":"ebaa457e-b190-4729-bf5b-87af286c5a16","Name":"SelectedScopeName","Value":"All entities"}],"AutoSkipOnFailure":true,"IsDebugMockData":false,"StepDebugData":null},{"Identifier":"e01aff0b-0dce-4f4c-a118-0cdd66b24479","OriginalStepIdentifier":"02ac1221-60ab-46e6-904b-d17c649ec8f5","ParentWorkflowIdentifier":"ebaa457e-b190-4729-bf5b-87af286c5a16","ParentStepIdentifiers":["8c8bada2-72b8-487a-a888-5ed1138000e2","5471a4c0-8253-48db-8ab4-99db23d57d3b"],"ParentStepIdentifier":"8c8bada2-72b8-487a-a888-5ed1138000e2;5471a4c0-8253-48db-8ab4-99db23d57d3b","PreviousResultCondition":"{}","InstanceName":"Set ServiceNow ticket priority","IsAutomatic":true,"Name":"Tools_Set Context Value","IsSkippable":false,"Description":"The action sets a key and value in a specific context (alert or case)","ActionProvider":"Scripts","ActionName":"Tools_Set Context Value","Type":0,"Integration":"Tools","Parameters":[{"ParentStepIdentifier":"e01aff0b-0dce-4f4c-a118-0cdd66b24479","ParentWorkflowIdentifier":"ebaa457e-b190-4729-bf5b-87af286c5a16","Name":"AssignedUsers","Value":null},{"ParentStepIdentifier":"e01aff0b-0dce-4f4c-a118-0cdd66b24479","ParentWorkflowIdentifier":"ebaa457e-b190-4729-bf5b-87af286c5a16","Name":"AsyncActionTimeout","Value":"86400"},{"ParentStepIdentifier":"e01aff0b-0dce-4f4c-a118-0cdd66b24479","ParentWorkflowIdentifier":"ebaa457e-b190-4729-bf5b-87af286c5a16","Name":"AsyncPollingInterval","Value":"3600"},{"ParentStepIdentifier":"e01aff0b-0dce-4f4c-a118-0cdd66b24479","ParentWorkflowIdentifier":"ebaa457e-b190-4729-bf5b-87af286c5a16","Name":"FallbackIntegrationInstance","Value":null},{"ParentStepIdentifier":"e01aff0b-0dce-4f4c-a118-0cdd66b24479","ParentWorkflowIdentifier":"ebaa457e-b190-4729-bf5b-87af286c5a16","Name":"HasApprovalLink","Value":null},{"ParentStepIdentifier":"e01aff0b-0dce-4f4c-a118-0cdd66b24479","ParentWorkflowIdentifier":"ebaa457e-b190-4729-bf5b-87af286c5a16","Name":"IntegrationInstance","Value":"AutomaticEnvironment"},{"ParentStepIdentifier":"e01aff0b-0dce-4f4c-a118-0cdd66b24479","ParentWorkflowIdentifier":"ebaa457e-b190-4729-bf5b-87af286c5a16","Name":"MessageToAssignee","Value":null},{"ParentStepIdentifier":"e01aff0b-0dce-4f4c-a118-0cdd66b24479","ParentWorkflowIdentifier":"ebaa457e-b190-4729-bf5b-87af286c5a16","Name":"PendingActionTimeout","Value":null},{"ParentStepIdentifier":"e01aff0b-0dce-4f4c-a118-0cdd66b24479","ParentWorkflowIdentifier":"ebaa457e-b190-4729-bf5b-87af286c5a16","Name":"ScriptName","Value":"Tools_Set Context Value"},{"ParentStepIdentifier":"e01aff0b-0dce-4f4c-a118-0cdd66b24479","ParentWorkflowIdentifier":"ebaa457e-b190-4729-bf5b-87af286c5a16","Name":"ScriptParametersEntityFields","Value":"{\"Value\":\"1\",\"Key\":\"SNticketPriority\",\"Scope\":\"Alert\"}"},{"ParentStepIdentifier":"e01aff0b-0dce-4f4c-a118-0cdd66b24479","ParentWorkflowIdentifier":"ebaa457e-b190-4729-bf5b-87af286c5a16","Name":"SelectedScopeName","Value":"All entities"}],"AutoSkipOnFailure":true,"IsDebugMockData":false,"StepDebugData":null},{"Identifier":"ed00f50b-81a9-4ef4-ab1b-2ed10fb12fc6","OriginalStepIdentifier":"0d2353bb-b7bb-4544-99d8-82189cdf955f","ParentWorkflowIdentifier":"ebaa457e-b190-4729-bf5b-87af286c5a16","ParentStepIdentifiers":["05c74063-be5e-41c5-aea8-adca09380c1f"],"ParentStepIdentifier":"05c74063-be5e-41c5-aea8-adca09380c1f","PreviousResultCondition":"{\"05c74063-be5e-41c5-aea8-adca09380c1f\":\"1\"}","InstanceName":"Jira_Update Issue_1","IsAutomatic":true,"Name":"Jira_Update Issue","IsSkippable":false,"Description":"Update an issue. For new Jira Api, action will try to find a match for the assignee to assign an issue based on User email or displayName field.","ActionProvider":"Scripts","ActionName":"Jira_Update Issue","Type":0,"Integration":"Jira","Parameters":[{"ParentStepIdentifier":"ed00f50b-81a9-4ef4-ab1b-2ed10fb12fc6","ParentWorkflowIdentifier":"ebaa457e-b190-4729-bf5b-87af286c5a16","Name":"AssignedUsers","Value":null},{"ParentStepIdentifier":"ed00f50b-81a9-4ef4-ab1b-2ed10fb12fc6","ParentWorkflowIdentifier":"ebaa457e-b190-4729-bf5b-87af286c5a16","Name":"AsyncActionTimeout","Value":"86400"},{"ParentStepIdentifier":"ed00f50b-81a9-4ef4-ab1b-2ed10fb12fc6","ParentWorkflowIdentifier":"ebaa457e-b190-4729-bf5b-87af286c5a16","Name":"AsyncPollingInterval","Value":"3600"},{"ParentStepIdentifier":"ed00f50b-81a9-4ef4-ab1b-2ed10fb12fc6","ParentWorkflowIdentifier":"ebaa457e-b190-4729-bf5b-87af286c5a16","Name":"FallbackIntegrationInstance","Value":null},{"ParentStepIdentifier":"ed00f50b-81a9-4ef4-ab1b-2ed10fb12fc6","ParentWorkflowIdentifier":"ebaa457e-b190-4729-bf5b-87af286c5a16","Name":"HasApprovalLink","Value":null},{"ParentStepIdentifier":"ed00f50b-81a9-4ef4-ab1b-2ed10fb12fc6","ParentWorkflowIdentifier":"ebaa457e-b190-4729-bf5b-87af286c5a16","Name":"IntegrationInstance","Value":"AutomaticEnvironment"},{"ParentStepIdentifier":"ed00f50b-81a9-4ef4-ab1b-2ed10fb12fc6","ParentWorkflowIdentifier":"ebaa457e-b190-4729-bf5b-87af286c5a16","Name":"MessageToAssignee","Value":null},{"ParentStepIdentifier":"ed00f50b-81a9-4ef4-ab1b-2ed10fb12fc6","ParentWorkflowIdentifier":"ebaa457e-b190-4729-bf5b-87af286c5a16","Name":"PendingActionTimeout","Value":null},{"ParentStepIdentifier":"ed00f50b-81a9-4ef4-ab1b-2ed10fb12fc6","ParentWorkflowIdentifier":"ebaa457e-b190-4729-bf5b-87af286c5a16","Name":"ScriptName","Value":"Jira_Update Issue"},{"ParentStepIdentifier":"ed00f50b-81a9-4ef4-ab1b-2ed10fb12fc6","ParentWorkflowIdentifier":"ebaa457e-b190-4729-bf5b-87af286c5a16","Name":"ScriptParametersEntityFields","Value":"{\"Issue Key\":\"[Tools_Buffer.JsonResult| \\\"ticketid\\\"]\",\"Status\":\"\",\"Summary\":\"Alert summary - [Alert.SUMMARY]\\n\",\"Description\":\"Updates - \\nAlert priority - [Alert.ZDticketPriority]\\nAlert summary - [Alert.SUMMARY]\\nAll entities - [Entity.OriginalIdentifier]\\n\\n[Alert.caseUrl]\",\"Issue Type\":\"Bug\",\"Jira Username\":\"\",\"Assignee\":\"\",\"Components\":\"\",\"Labels\":\"\",\"Custom Fields\":\"\"}"},{"ParentStepIdentifier":"ed00f50b-81a9-4ef4-ab1b-2ed10fb12fc6","ParentWorkflowIdentifier":"ebaa457e-b190-4729-bf5b-87af286c5a16","Name":"SelectedScopeName","Value":"All entities"}],"AutoSkipOnFailure":true,"IsDebugMockData":false,"StepDebugData":null},{"Identifier":"ffd2292b-3663-477f-833f-7c1e89a2873a","OriginalStepIdentifier":"d0191093-8fb1-4f47-a622-5a4b8ec39be0","ParentWorkflowIdentifier":"ebaa457e-b190-4729-bf5b-87af286c5a16","ParentStepIdentifiers":["a9fabf62-3ec1-4619-b0b7-ec4543af16e5","ed00f50b-81a9-4ef4-ab1b-2ed10fb12fc6","0368e7a0-215b-41f2-9a79-25fb18d01bb0"],"ParentStepIdentifier":"a9fabf62-3ec1-4619-b0b7-ec4543af16e5;ed00f50b-81a9-4ef4-ab1b-2ed10fb12fc6;0368e7a0-215b-41f2-9a79-25fb18d01bb0","PreviousResultCondition":"{}","InstanceName":"Success updating ticket?","IsAutomatic":true,"Name":"Previous Actions Conditions","IsSkippable":false,"Description":"This step conditions the progress of the playbook according to data fetched by previous actions performed in the playbook, for example: report data, action's success or enrichment data","ActionProvider":"Flow","ActionName":"IfElse","Type":2,"Integration":"Flow","Parameters":[{"ParentStepIdentifier":"ffd2292b-3663-477f-833f-7c1e89a2873a","ParentWorkflowIdentifier":"ebaa457e-b190-4729-bf5b-87af286c5a16","Name":"AssignedUsers","Value":null},{"ParentStepIdentifier":"ffd2292b-3663-477f-833f-7c1e89a2873a","ParentWorkflowIdentifier":"ebaa457e-b190-4729-bf5b-87af286c5a16","Name":"Branches","Value":"[{\"LogicalOperator\":1,\"Conditions\":[{\"Operator\":5,\"FieldName\":\"ServiceNow_Update Incident_1.JsonResult\",\"Type\":2,\"Value\":\"{}\"},{\"Operator\":0,\"FieldName\":\"Jira_Update Issue_1.success\",\"Type\":2,\"Value\":\"true\"},{\"Operator\":5,\"FieldName\":\"Zendesk_Update Ticket_1.is_updated\",\"Type\":2,\"Value\":\"true\"}],\"Order\":1,\"IsDefaultBranch\":false,\"Name\":\"Ticket Created successfully \"},{\"LogicalOperator\":0,\"Conditions\":[],\"Order\":2,\"IsDefaultBranch\":true,\"Name\":\"Branch\"}]"},{"ParentStepIdentifier":"ffd2292b-3663-477f-833f-7c1e89a2873a","ParentWorkflowIdentifier":"ebaa457e-b190-4729-bf5b-87af286c5a16","Name":"ErrorFallbackBranch","Value":"2"},{"ParentStepIdentifier":"ffd2292b-3663-477f-833f-7c1e89a2873a","ParentWorkflowIdentifier":"ebaa457e-b190-4729-bf5b-87af286c5a16","Name":"HasApprovalLink","Value":null},{"ParentStepIdentifier":"ffd2292b-3663-477f-833f-7c1e89a2873a","ParentWorkflowIdentifier":"ebaa457e-b190-4729-bf5b-87af286c5a16","Name":"MessageToAssignee","Value":null},{"ParentStepIdentifier":"ffd2292b-3663-477f-833f-7c1e89a2873a","ParentWorkflowIdentifier":"ebaa457e-b190-4729-bf5b-87af286c5a16","Name":"PendingActionTimeout","Value":null},{"ParentStepIdentifier":"ffd2292b-3663-477f-833f-7c1e89a2873a","ParentWorkflowIdentifier":"ebaa457e-b190-4729-bf5b-87af286c5a16","Name":"SelectedScopeName","Value":"All entities"}],"AutoSkipOnFailure":false,"IsDebugMockData":false,"StepDebugData":null}],"Triggers":[{"Identifier":"88356d96-b72a-4b7c-9174-ff1a1c51f7de","IsEnabled":true,"DefinitionIdentifier":"ebaa457e-b190-4729-bf5b-87af286c5a16","Type":11,"WorkflowName":null,"LogicalOperator":0,"Conditions":[{"FieldName":"Open ticket output","MatchType":0,"Value":"{\"ticketid\":\"\",\"ts\":\"\"}"}],"Environments":["*"]}],"OverviewTemplates":[],"Permissions":[],"Environments":["*"]}}