{"CategoryName":"Siemplify Use Cases","OverviewTemplatesDetails":[],"WidgetTemplates":null,"Definition":{"Identifier":"6d146fcb-e930-431e-bc2d-bba754ed0f5e","IsEnable":true,"Version":0.0,"IsArchived":false,"IsAutomatic":true,"Name":"Chronicle and VT Enrichment","Category":2,"Description":"Enrich all entities with VirusTotal and Chronicle","Priority":2,"Creator":"3b2f0bdd-a85e-4221-9d95-89477d2f048b","VersionCreator":null,"VersionComment":null,"OriginalWorkflowIdentifier":"6d146fcb-e930-431e-bc2d-bba754ed0f5e","TemplateName":null,"PlaybookType":1,"IsDebugMode":false,"DebugBaseAlertIdentifier":null,"DebugAlertIdentifier":null,"SimulationClone":false,"Steps":[{"Identifier":"2b472eae-9927-4fab-94ab-2078d267b284","OriginalStepIdentifier":"3a533549-d5e3-4e39-a983-227afb5fd5c7","ParentWorkflowIdentifier":"6d146fcb-e930-431e-bc2d-bba754ed0f5e","ParentStepIdentifiers":["b0459a2a-c168-4c25-ba97-e5a1cad5732d"],"ParentStepIdentifier":"b0459a2a-c168-4c25-ba97-e5a1cad5732d","PreviousResultCondition":"{}","InstanceName":"Did Chronicle identify a risky entity? ","IsAutomatic":true,"Name":"Condition","IsSkippable":false,"Description":"This condition determines the progress of the playbook. Conditions are built based on cases data (cases, alerts, vents, entities and environment properties) as-well as data that comes back from previous playbook steps.","ActionProvider":"Flow","ActionName":"IfFlowCondition","Type":4,"Integration":"Flow","Parameters":[{"ParentStepIdentifier":"2b472eae-9927-4fab-94ab-2078d267b284","ParentWorkflowIdentifier":"6d146fcb-e930-431e-bc2d-bba754ed0f5e","Name":"AssignedUsers","Value":null},{"ParentStepIdentifier":"2b472eae-9927-4fab-94ab-2078d267b284","ParentWorkflowIdentifier":"6d146fcb-e930-431e-bc2d-bba754ed0f5e","Name":"Branches","Value":"[{\"LogicalOperator\":1,\"Conditions\":[{\"Operator\":1,\"FieldName\":\"[GoogleChronicle_Enrich Domain_1.JsonResult| \\\"EntityResult.sources.rawSeverity\\\"]\",\"Type\":2,\"Value\":\"High\"},{\"Operator\":1,\"FieldName\":\"[GoogleChronicle_Enrich IP_1.JsonResult| \\\"EntityResult.sources.rawSeverity\\\"]\",\"Type\":2,\"Value\":\"High\"}],\"Order\":1,\"IsDefaultBranch\":false,\"Name\":\"High Raw Severity Entities\"},{\"LogicalOperator\":0,\"Conditions\":[],\"Order\":3,\"IsDefaultBranch\":true,\"Name\":\"Branch\"},{\"LogicalOperator\":1,\"Conditions\":[{\"Operator\":1,\"FieldName\":\"[GoogleChronicle_Enrich Domain_1.JsonResult| \\\"EntityResult.sources.rawSeverity\\\"]\",\"Type\":2,\"Value\":\"Medium\"},{\"Operator\":1,\"FieldName\":\"[GoogleChronicle_Enrich IP_1.JsonResult| \\\"EntityResult.sources.rawSeverity\\\"]\",\"Type\":2,\"Value\":\"Medium\"}],\"Order\":2,\"IsDefaultBranch\":false,\"Name\":\"Medium Severity Entities\"}]"},{"ParentStepIdentifier":"2b472eae-9927-4fab-94ab-2078d267b284","ParentWorkflowIdentifier":"6d146fcb-e930-431e-bc2d-bba754ed0f5e","Name":"ErrorFallbackBranch","Value":"3"},{"ParentStepIdentifier":"2b472eae-9927-4fab-94ab-2078d267b284","ParentWorkflowIdentifier":"6d146fcb-e930-431e-bc2d-bba754ed0f5e","Name":"MessageToAssignee","Value":null},{"ParentStepIdentifier":"2b472eae-9927-4fab-94ab-2078d267b284","ParentWorkflowIdentifier":"6d146fcb-e930-431e-bc2d-bba754ed0f5e","Name":"PendingActionTimeout","Value":null},{"ParentStepIdentifier":"2b472eae-9927-4fab-94ab-2078d267b284","ParentWorkflowIdentifier":"6d146fcb-e930-431e-bc2d-bba754ed0f5e","Name":"SelectedScopeName","Value":"All entities"}],"AutoSkipOnFailure":false,"IsDebugMockData":false,"StepDebugData":null},{"Identifier":"3fe9e99d-9334-4d3f-989a-428369af93fb","OriginalStepIdentifier":"23b44c4e-5b58-4aca-afe3-d0addd137742","ParentWorkflowIdentifier":"6d146fcb-e930-431e-bc2d-bba754ed0f5e","ParentStepIdentifiers":["2b472eae-9927-4fab-94ab-2078d267b284"],"ParentStepIdentifier":"2b472eae-9927-4fab-94ab-2078d267b284","PreviousResultCondition":"{\n  \"2b472eae-9927-4fab-94ab-2078d267b284\": \"1\"\n}","InstanceName":"Tools_Set Context Value_1","IsAutomatic":true,"Name":"Tools_Set Context Value","IsSkippable":false,"Description":"The action sets a key and value in a specific context (alert or case)","ActionProvider":"Scripts","ActionName":"Tools_Set Context Value","Type":0,"Integration":"Tools","Parameters":[{"ParentStepIdentifier":"3fe9e99d-9334-4d3f-989a-428369af93fb","ParentWorkflowIdentifier":"6d146fcb-e930-431e-bc2d-bba754ed0f5e","Name":"AssignedUsers","Value":null},{"ParentStepIdentifier":"3fe9e99d-9334-4d3f-989a-428369af93fb","ParentWorkflowIdentifier":"6d146fcb-e930-431e-bc2d-bba754ed0f5e","Name":"AsyncActionTimeout","Value":"86400"},{"ParentStepIdentifier":"3fe9e99d-9334-4d3f-989a-428369af93fb","ParentWorkflowIdentifier":"6d146fcb-e930-431e-bc2d-bba754ed0f5e","Name":"AsyncPollingInterval","Value":"3600"},{"ParentStepIdentifier":"3fe9e99d-9334-4d3f-989a-428369af93fb","ParentWorkflowIdentifier":"6d146fcb-e930-431e-bc2d-bba754ed0f5e","Name":"FallbackIntegrationInstance","Value":null},{"ParentStepIdentifier":"3fe9e99d-9334-4d3f-989a-428369af93fb","ParentWorkflowIdentifier":"6d146fcb-e930-431e-bc2d-bba754ed0f5e","Name":"IntegrationInstance","Value":"AutomaticEnvironment"},{"ParentStepIdentifier":"3fe9e99d-9334-4d3f-989a-428369af93fb","ParentWorkflowIdentifier":"6d146fcb-e930-431e-bc2d-bba754ed0f5e","Name":"MessageToAssignee","Value":null},{"ParentStepIdentifier":"3fe9e99d-9334-4d3f-989a-428369af93fb","ParentWorkflowIdentifier":"6d146fcb-e930-431e-bc2d-bba754ed0f5e","Name":"PendingActionTimeout","Value":null},{"ParentStepIdentifier":"3fe9e99d-9334-4d3f-989a-428369af93fb","ParentWorkflowIdentifier":"6d146fcb-e930-431e-bc2d-bba754ed0f5e","Name":"ScriptName","Value":"Tools_Set Context Value"},{"ParentStepIdentifier":"3fe9e99d-9334-4d3f-989a-428369af93fb","ParentWorkflowIdentifier":"6d146fcb-e930-431e-bc2d-bba754ed0f5e","Name":"ScriptParametersEntityFields","Value":"{\"Value\":\"Chronicle have indicated High Severity entities in the alert\",\"Key\":\"Reason_12\",\"Scope\":\"Alert\"}"},{"ParentStepIdentifier":"3fe9e99d-9334-4d3f-989a-428369af93fb","ParentWorkflowIdentifier":"6d146fcb-e930-431e-bc2d-bba754ed0f5e","Name":"SelectedScopeName","Value":"All entities"}],"AutoSkipOnFailure":true,"IsDebugMockData":false,"StepDebugData":null},{"Identifier":"4a3ec127-aeef-4684-bee3-09571e240743","OriginalStepIdentifier":"85cabf66-a3a3-4555-8ca3-883ae29532e3","ParentWorkflowIdentifier":"6d146fcb-e930-431e-bc2d-bba754ed0f5e","ParentStepIdentifiers":["7e9c7a9a-0f98-4964-a901-7f5f60ba5de9"],"ParentStepIdentifier":"7e9c7a9a-0f98-4964-a901-7f5f60ba5de9","PreviousResultCondition":"{}","InstanceName":"Tools_Update Alert Score_2","IsAutomatic":true,"Name":"Tools_Update Alert Score","IsSkippable":false,"Description":"This will update the alert score by the amount supplied in the 'Input' parameter. ","ActionProvider":"Scripts","ActionName":"Tools_Update Alert Score","Type":0,"Integration":"Tools","Parameters":[{"ParentStepIdentifier":"4a3ec127-aeef-4684-bee3-09571e240743","ParentWorkflowIdentifier":"6d146fcb-e930-431e-bc2d-bba754ed0f5e","Name":"AssignedUsers","Value":null},{"ParentStepIdentifier":"4a3ec127-aeef-4684-bee3-09571e240743","ParentWorkflowIdentifier":"6d146fcb-e930-431e-bc2d-bba754ed0f5e","Name":"AsyncActionTimeout","Value":"86400"},{"ParentStepIdentifier":"4a3ec127-aeef-4684-bee3-09571e240743","ParentWorkflowIdentifier":"6d146fcb-e930-431e-bc2d-bba754ed0f5e","Name":"AsyncPollingInterval","Value":"3600"},{"ParentStepIdentifier":"4a3ec127-aeef-4684-bee3-09571e240743","ParentWorkflowIdentifier":"6d146fcb-e930-431e-bc2d-bba754ed0f5e","Name":"FallbackIntegrationInstance","Value":null},{"ParentStepIdentifier":"4a3ec127-aeef-4684-bee3-09571e240743","ParentWorkflowIdentifier":"6d146fcb-e930-431e-bc2d-bba754ed0f5e","Name":"IntegrationInstance","Value":"AutomaticEnvironment"},{"ParentStepIdentifier":"4a3ec127-aeef-4684-bee3-09571e240743","ParentWorkflowIdentifier":"6d146fcb-e930-431e-bc2d-bba754ed0f5e","Name":"MessageToAssignee","Value":null},{"ParentStepIdentifier":"4a3ec127-aeef-4684-bee3-09571e240743","ParentWorkflowIdentifier":"6d146fcb-e930-431e-bc2d-bba754ed0f5e","Name":"PendingActionTimeout","Value":null},{"ParentStepIdentifier":"4a3ec127-aeef-4684-bee3-09571e240743","ParentWorkflowIdentifier":"6d146fcb-e930-431e-bc2d-bba754ed0f5e","Name":"ScriptName","Value":"Tools_Update Alert Score"},{"ParentStepIdentifier":"4a3ec127-aeef-4684-bee3-09571e240743","ParentWorkflowIdentifier":"6d146fcb-e930-431e-bc2d-bba754ed0f5e","Name":"ScriptParametersEntityFields","Value":"{\"Input\":\"+5\"}"},{"ParentStepIdentifier":"4a3ec127-aeef-4684-bee3-09571e240743","ParentWorkflowIdentifier":"6d146fcb-e930-431e-bc2d-bba754ed0f5e","Name":"SelectedScopeName","Value":"All entities"}],"AutoSkipOnFailure":true,"IsDebugMockData":false,"StepDebugData":null},{"Identifier":"4e9d4467-23f9-45c1-8dcd-1cb7c54ba57a","OriginalStepIdentifier":"ac1058e7-5431-44ec-a12d-3815c6ab0bad","ParentWorkflowIdentifier":"6d146fcb-e930-431e-bc2d-bba754ed0f5e","ParentStepIdentifiers":["78a52153-61c5-4ee9-b572-f3f03aa31ba4"],"ParentStepIdentifier":"78a52153-61c5-4ee9-b572-f3f03aa31ba4","PreviousResultCondition":"{\n  \"78a52153-61c5-4ee9-b572-f3f03aa31ba4\": \"1\"\n}","InstanceName":"Tools_Set Context Value_4","IsAutomatic":true,"Name":"Tools_Set Context Value","IsSkippable":false,"Description":"The action sets a key and value in a specific context (alert or case)","ActionProvider":"Scripts","ActionName":"Tools_Set Context Value","Type":0,"Integration":"Tools","Parameters":[{"ParentStepIdentifier":"4e9d4467-23f9-45c1-8dcd-1cb7c54ba57a","ParentWorkflowIdentifier":"6d146fcb-e930-431e-bc2d-bba754ed0f5e","Name":"AssignedUsers","Value":null},{"ParentStepIdentifier":"4e9d4467-23f9-45c1-8dcd-1cb7c54ba57a","ParentWorkflowIdentifier":"6d146fcb-e930-431e-bc2d-bba754ed0f5e","Name":"AsyncActionTimeout","Value":"86400"},{"ParentStepIdentifier":"4e9d4467-23f9-45c1-8dcd-1cb7c54ba57a","ParentWorkflowIdentifier":"6d146fcb-e930-431e-bc2d-bba754ed0f5e","Name":"AsyncPollingInterval","Value":"3600"},{"ParentStepIdentifier":"4e9d4467-23f9-45c1-8dcd-1cb7c54ba57a","ParentWorkflowIdentifier":"6d146fcb-e930-431e-bc2d-bba754ed0f5e","Name":"FallbackIntegrationInstance","Value":null},{"ParentStepIdentifier":"4e9d4467-23f9-45c1-8dcd-1cb7c54ba57a","ParentWorkflowIdentifier":"6d146fcb-e930-431e-bc2d-bba754ed0f5e","Name":"IntegrationInstance","Value":"AutomaticEnvironment"},{"ParentStepIdentifier":"4e9d4467-23f9-45c1-8dcd-1cb7c54ba57a","ParentWorkflowIdentifier":"6d146fcb-e930-431e-bc2d-bba754ed0f5e","Name":"MessageToAssignee","Value":null},{"ParentStepIdentifier":"4e9d4467-23f9-45c1-8dcd-1cb7c54ba57a","ParentWorkflowIdentifier":"6d146fcb-e930-431e-bc2d-bba754ed0f5e","Name":"PendingActionTimeout","Value":null},{"ParentStepIdentifier":"4e9d4467-23f9-45c1-8dcd-1cb7c54ba57a","ParentWorkflowIdentifier":"6d146fcb-e930-431e-bc2d-bba754ed0f5e","Name":"ScriptName","Value":"Tools_Set Context Value"},{"ParentStepIdentifier":"4e9d4467-23f9-45c1-8dcd-1cb7c54ba57a","ParentWorkflowIdentifier":"6d146fcb-e930-431e-bc2d-bba754ed0f5e","Name":"ScriptParametersEntityFields","Value":"{\"Value\":\"VirusTotal identified risky entities in the case\",\"Key\":\"Reason_14\",\"Scope\":\"Alert\"}"},{"ParentStepIdentifier":"4e9d4467-23f9-45c1-8dcd-1cb7c54ba57a","ParentWorkflowIdentifier":"6d146fcb-e930-431e-bc2d-bba754ed0f5e","Name":"SelectedScopeName","Value":"All entities"}],"AutoSkipOnFailure":true,"IsDebugMockData":false,"StepDebugData":null},{"Identifier":"5131bfaf-7502-47a2-8dcf-af0f29f93d06","OriginalStepIdentifier":"1c27fc18-a1f7-403a-a3b4-827b283e96b3","ParentWorkflowIdentifier":"6d146fcb-e930-431e-bc2d-bba754ed0f5e","ParentStepIdentifiers":["78a52153-61c5-4ee9-b572-f3f03aa31ba4"],"ParentStepIdentifier":"78a52153-61c5-4ee9-b572-f3f03aa31ba4","PreviousResultCondition":"{\n  \"78a52153-61c5-4ee9-b572-f3f03aa31ba4\": \"2\"\n}","InstanceName":"Tools_Set Context Value_5","IsAutomatic":true,"Name":"Tools_Set Context Value","IsSkippable":false,"Description":"The action sets a key and value in a specific context (alert or case)","ActionProvider":"Scripts","ActionName":"Tools_Set Context Value","Type":0,"Integration":"Tools","Parameters":[{"ParentStepIdentifier":"5131bfaf-7502-47a2-8dcf-af0f29f93d06","ParentWorkflowIdentifier":"6d146fcb-e930-431e-bc2d-bba754ed0f5e","Name":"AssignedUsers","Value":null},{"ParentStepIdentifier":"5131bfaf-7502-47a2-8dcf-af0f29f93d06","ParentWorkflowIdentifier":"6d146fcb-e930-431e-bc2d-bba754ed0f5e","Name":"AsyncActionTimeout","Value":"86400"},{"ParentStepIdentifier":"5131bfaf-7502-47a2-8dcf-af0f29f93d06","ParentWorkflowIdentifier":"6d146fcb-e930-431e-bc2d-bba754ed0f5e","Name":"AsyncPollingInterval","Value":"3600"},{"ParentStepIdentifier":"5131bfaf-7502-47a2-8dcf-af0f29f93d06","ParentWorkflowIdentifier":"6d146fcb-e930-431e-bc2d-bba754ed0f5e","Name":"FallbackIntegrationInstance","Value":null},{"ParentStepIdentifier":"5131bfaf-7502-47a2-8dcf-af0f29f93d06","ParentWorkflowIdentifier":"6d146fcb-e930-431e-bc2d-bba754ed0f5e","Name":"IntegrationInstance","Value":"AutomaticEnvironment"},{"ParentStepIdentifier":"5131bfaf-7502-47a2-8dcf-af0f29f93d06","ParentWorkflowIdentifier":"6d146fcb-e930-431e-bc2d-bba754ed0f5e","Name":"MessageToAssignee","Value":null},{"ParentStepIdentifier":"5131bfaf-7502-47a2-8dcf-af0f29f93d06","ParentWorkflowIdentifier":"6d146fcb-e930-431e-bc2d-bba754ed0f5e","Name":"PendingActionTimeout","Value":null},{"ParentStepIdentifier":"5131bfaf-7502-47a2-8dcf-af0f29f93d06","ParentWorkflowIdentifier":"6d146fcb-e930-431e-bc2d-bba754ed0f5e","Name":"ScriptName","Value":"Tools_Set Context Value"},{"ParentStepIdentifier":"5131bfaf-7502-47a2-8dcf-af0f29f93d06","ParentWorkflowIdentifier":"6d146fcb-e930-431e-bc2d-bba754ed0f5e","Name":"ScriptParametersEntityFields","Value":"{\"Value\":\"VirusTotal did not identify risky entities in the case\",\"Key\":\"Reason_15\",\"Scope\":\"Alert\"}"},{"ParentStepIdentifier":"5131bfaf-7502-47a2-8dcf-af0f29f93d06","ParentWorkflowIdentifier":"6d146fcb-e930-431e-bc2d-bba754ed0f5e","Name":"SelectedScopeName","Value":"All entities"}],"AutoSkipOnFailure":true,"IsDebugMockData":false,"StepDebugData":null},{"Identifier":"5148f016-5406-412e-96dd-a7ae5fa63473","OriginalStepIdentifier":"b69fd9f5-fcfc-4887-9c97-a4d59a53aa06","ParentWorkflowIdentifier":"6d146fcb-e930-431e-bc2d-bba754ed0f5e","ParentStepIdentifiers":["6890cb49-3346-4fb2-9d28-fccda163bc8b"],"ParentStepIdentifier":"6890cb49-3346-4fb2-9d28-fccda163bc8b","PreviousResultCondition":"{}","InstanceName":"Tools_Update Alert Score_3","IsAutomatic":true,"Name":"Tools_Update Alert Score","IsSkippable":false,"Description":"This will update the alert score by the amount supplied in the 'Input' parameter. ","ActionProvider":"Scripts","ActionName":"Tools_Update Alert Score","Type":0,"Integration":"Tools","Parameters":[{"ParentStepIdentifier":"5148f016-5406-412e-96dd-a7ae5fa63473","ParentWorkflowIdentifier":"6d146fcb-e930-431e-bc2d-bba754ed0f5e","Name":"AssignedUsers","Value":null},{"ParentStepIdentifier":"5148f016-5406-412e-96dd-a7ae5fa63473","ParentWorkflowIdentifier":"6d146fcb-e930-431e-bc2d-bba754ed0f5e","Name":"AsyncActionTimeout","Value":"86400"},{"ParentStepIdentifier":"5148f016-5406-412e-96dd-a7ae5fa63473","ParentWorkflowIdentifier":"6d146fcb-e930-431e-bc2d-bba754ed0f5e","Name":"AsyncPollingInterval","Value":"3600"},{"ParentStepIdentifier":"5148f016-5406-412e-96dd-a7ae5fa63473","ParentWorkflowIdentifier":"6d146fcb-e930-431e-bc2d-bba754ed0f5e","Name":"FallbackIntegrationInstance","Value":null},{"ParentStepIdentifier":"5148f016-5406-412e-96dd-a7ae5fa63473","ParentWorkflowIdentifier":"6d146fcb-e930-431e-bc2d-bba754ed0f5e","Name":"IntegrationInstance","Value":"AutomaticEnvironment"},{"ParentStepIdentifier":"5148f016-5406-412e-96dd-a7ae5fa63473","ParentWorkflowIdentifier":"6d146fcb-e930-431e-bc2d-bba754ed0f5e","Name":"MessageToAssignee","Value":null},{"ParentStepIdentifier":"5148f016-5406-412e-96dd-a7ae5fa63473","ParentWorkflowIdentifier":"6d146fcb-e930-431e-bc2d-bba754ed0f5e","Name":"PendingActionTimeout","Value":null},{"ParentStepIdentifier":"5148f016-5406-412e-96dd-a7ae5fa63473","ParentWorkflowIdentifier":"6d146fcb-e930-431e-bc2d-bba754ed0f5e","Name":"ScriptName","Value":"Tools_Update Alert Score"},{"ParentStepIdentifier":"5148f016-5406-412e-96dd-a7ae5fa63473","ParentWorkflowIdentifier":"6d146fcb-e930-431e-bc2d-bba754ed0f5e","Name":"ScriptParametersEntityFields","Value":"{\"Input\":\"0\"}"},{"ParentStepIdentifier":"5148f016-5406-412e-96dd-a7ae5fa63473","ParentWorkflowIdentifier":"6d146fcb-e930-431e-bc2d-bba754ed0f5e","Name":"SelectedScopeName","Value":"All entities"}],"AutoSkipOnFailure":true,"IsDebugMockData":false,"StepDebugData":null},{"Identifier":"5458e9ce-e012-406e-af6a-d481d5957003","OriginalStepIdentifier":"e37a6317-dcc8-4436-8dc0-e784fe58e3ec","ParentWorkflowIdentifier":"6d146fcb-e930-431e-bc2d-bba754ed0f5e","ParentStepIdentifiers":["5131bfaf-7502-47a2-8dcf-af0f29f93d06"],"ParentStepIdentifier":"5131bfaf-7502-47a2-8dcf-af0f29f93d06","PreviousResultCondition":"{}","InstanceName":"Tools_Update Alert Score_5","IsAutomatic":true,"Name":"Tools_Update Alert Score","IsSkippable":false,"Description":"This will update the alert score by the amount supplied in the 'Input' parameter. ","ActionProvider":"Scripts","ActionName":"Tools_Update Alert Score","Type":0,"Integration":"Tools","Parameters":[{"ParentStepIdentifier":"5458e9ce-e012-406e-af6a-d481d5957003","ParentWorkflowIdentifier":"6d146fcb-e930-431e-bc2d-bba754ed0f5e","Name":"AssignedUsers","Value":null},{"ParentStepIdentifier":"5458e9ce-e012-406e-af6a-d481d5957003","ParentWorkflowIdentifier":"6d146fcb-e930-431e-bc2d-bba754ed0f5e","Name":"AsyncActionTimeout","Value":"86400"},{"ParentStepIdentifier":"5458e9ce-e012-406e-af6a-d481d5957003","ParentWorkflowIdentifier":"6d146fcb-e930-431e-bc2d-bba754ed0f5e","Name":"AsyncPollingInterval","Value":"3600"},{"ParentStepIdentifier":"5458e9ce-e012-406e-af6a-d481d5957003","ParentWorkflowIdentifier":"6d146fcb-e930-431e-bc2d-bba754ed0f5e","Name":"FallbackIntegrationInstance","Value":null},{"ParentStepIdentifier":"5458e9ce-e012-406e-af6a-d481d5957003","ParentWorkflowIdentifier":"6d146fcb-e930-431e-bc2d-bba754ed0f5e","Name":"IntegrationInstance","Value":"AutomaticEnvironment"},{"ParentStepIdentifier":"5458e9ce-e012-406e-af6a-d481d5957003","ParentWorkflowIdentifier":"6d146fcb-e930-431e-bc2d-bba754ed0f5e","Name":"MessageToAssignee","Value":null},{"ParentStepIdentifier":"5458e9ce-e012-406e-af6a-d481d5957003","ParentWorkflowIdentifier":"6d146fcb-e930-431e-bc2d-bba754ed0f5e","Name":"PendingActionTimeout","Value":null},{"ParentStepIdentifier":"5458e9ce-e012-406e-af6a-d481d5957003","ParentWorkflowIdentifier":"6d146fcb-e930-431e-bc2d-bba754ed0f5e","Name":"ScriptName","Value":"Tools_Update Alert Score"},{"ParentStepIdentifier":"5458e9ce-e012-406e-af6a-d481d5957003","ParentWorkflowIdentifier":"6d146fcb-e930-431e-bc2d-bba754ed0f5e","Name":"ScriptParametersEntityFields","Value":"{\"Input\":\"-20\"}"},{"ParentStepIdentifier":"5458e9ce-e012-406e-af6a-d481d5957003","ParentWorkflowIdentifier":"6d146fcb-e930-431e-bc2d-bba754ed0f5e","Name":"SelectedScopeName","Value":"All entities"}],"AutoSkipOnFailure":true,"IsDebugMockData":false,"StepDebugData":null},{"Identifier":"56e40161-8757-4201-934b-723b198d8207","OriginalStepIdentifier":"d47b7d00-7e7a-44ac-92b1-54c71d160a06","ParentWorkflowIdentifier":"6d146fcb-e930-431e-bc2d-bba754ed0f5e","ParentStepIdentifiers":["5458e9ce-e012-406e-af6a-d481d5957003"],"ParentStepIdentifier":"5458e9ce-e012-406e-af6a-d481d5957003","PreviousResultCondition":"{}","InstanceName":"Output_2","IsAutomatic":true,"Name":"Output","IsSkippable":false,"Description":"","ActionProvider":"Flow","ActionName":"OutputAction","Type":6,"Integration":"Flow","Parameters":[{"ParentStepIdentifier":"56e40161-8757-4201-934b-723b198d8207","ParentWorkflowIdentifier":"6d146fcb-e930-431e-bc2d-bba754ed0f5e","Name":"NestedWorkflowOutput","Value":null}],"AutoSkipOnFailure":false,"IsDebugMockData":false,"StepDebugData":null},{"Identifier":"58d59be4-f348-4f9e-838b-2226a2710f42","OriginalStepIdentifier":"05e83136-0d1c-47a7-8b09-fcf4c5c62167","ParentWorkflowIdentifier":"6d146fcb-e930-431e-bc2d-bba754ed0f5e","ParentStepIdentifiers":["e6e336e4-38f9-4bbb-9a16-997b8c0133d0"],"ParentStepIdentifier":"e6e336e4-38f9-4bbb-9a16-997b8c0133d0","PreviousResultCondition":"{}","InstanceName":"Output_1","IsAutomatic":true,"Name":"Output","IsSkippable":false,"Description":"","ActionProvider":"Flow","ActionName":"OutputAction","Type":6,"Integration":"Flow","Parameters":[{"ParentStepIdentifier":"58d59be4-f348-4f9e-838b-2226a2710f42","ParentWorkflowIdentifier":"6d146fcb-e930-431e-bc2d-bba754ed0f5e","Name":"NestedWorkflowOutput","Value":null}],"AutoSkipOnFailure":false,"IsDebugMockData":false,"StepDebugData":null},{"Identifier":"6890cb49-3346-4fb2-9d28-fccda163bc8b","OriginalStepIdentifier":"e84f1bb0-f68e-4aae-ae42-16a74f11dd41","ParentWorkflowIdentifier":"6d146fcb-e930-431e-bc2d-bba754ed0f5e","ParentStepIdentifiers":["2b472eae-9927-4fab-94ab-2078d267b284"],"ParentStepIdentifier":"2b472eae-9927-4fab-94ab-2078d267b284","PreviousResultCondition":"{\n  \"2b472eae-9927-4fab-94ab-2078d267b284\": \"3\"\n}","InstanceName":"Tools_Set Context Value_3","IsAutomatic":true,"Name":"Tools_Set Context Value","IsSkippable":false,"Description":"The action sets a key and value in a specific context (alert or case)","ActionProvider":"Scripts","ActionName":"Tools_Set Context Value","Type":0,"Integration":"Tools","Parameters":[{"ParentStepIdentifier":"6890cb49-3346-4fb2-9d28-fccda163bc8b","ParentWorkflowIdentifier":"6d146fcb-e930-431e-bc2d-bba754ed0f5e","Name":"AssignedUsers","Value":null},{"ParentStepIdentifier":"6890cb49-3346-4fb2-9d28-fccda163bc8b","ParentWorkflowIdentifier":"6d146fcb-e930-431e-bc2d-bba754ed0f5e","Name":"AsyncActionTimeout","Value":"86400"},{"ParentStepIdentifier":"6890cb49-3346-4fb2-9d28-fccda163bc8b","ParentWorkflowIdentifier":"6d146fcb-e930-431e-bc2d-bba754ed0f5e","Name":"AsyncPollingInterval","Value":"3600"},{"ParentStepIdentifier":"6890cb49-3346-4fb2-9d28-fccda163bc8b","ParentWorkflowIdentifier":"6d146fcb-e930-431e-bc2d-bba754ed0f5e","Name":"FallbackIntegrationInstance","Value":null},{"ParentStepIdentifier":"6890cb49-3346-4fb2-9d28-fccda163bc8b","ParentWorkflowIdentifier":"6d146fcb-e930-431e-bc2d-bba754ed0f5e","Name":"IntegrationInstance","Value":"AutomaticEnvironment"},{"ParentStepIdentifier":"6890cb49-3346-4fb2-9d28-fccda163bc8b","ParentWorkflowIdentifier":"6d146fcb-e930-431e-bc2d-bba754ed0f5e","Name":"MessageToAssignee","Value":null},{"ParentStepIdentifier":"6890cb49-3346-4fb2-9d28-fccda163bc8b","ParentWorkflowIdentifier":"6d146fcb-e930-431e-bc2d-bba754ed0f5e","Name":"PendingActionTimeout","Value":null},{"ParentStepIdentifier":"6890cb49-3346-4fb2-9d28-fccda163bc8b","ParentWorkflowIdentifier":"6d146fcb-e930-431e-bc2d-bba754ed0f5e","Name":"ScriptName","Value":"Tools_Set Context Value"},{"ParentStepIdentifier":"6890cb49-3346-4fb2-9d28-fccda163bc8b","ParentWorkflowIdentifier":"6d146fcb-e930-431e-bc2d-bba754ed0f5e","Name":"ScriptParametersEntityFields","Value":"{\"Value\":\"Chronicle did not indicate any Medium/High Severity entities in the alert\",\"Key\":\"Reason_13\",\"Scope\":\"Alert\"}"},{"ParentStepIdentifier":"6890cb49-3346-4fb2-9d28-fccda163bc8b","ParentWorkflowIdentifier":"6d146fcb-e930-431e-bc2d-bba754ed0f5e","Name":"SelectedScopeName","Value":"All entities"}],"AutoSkipOnFailure":true,"IsDebugMockData":false,"StepDebugData":null},{"Identifier":"78a52153-61c5-4ee9-b572-f3f03aa31ba4","OriginalStepIdentifier":"a4a8bb0f-1402-4e15-95d1-68176101a613","ParentWorkflowIdentifier":"6d146fcb-e930-431e-bc2d-bba754ed0f5e","ParentStepIdentifiers":["8f80b82e-cb99-41b9-bcb9-a727874beec8"],"ParentStepIdentifier":"8f80b82e-cb99-41b9-bcb9-a727874beec8","PreviousResultCondition":"{}","InstanceName":"Did VirusTotal identify risky entities? ","IsAutomatic":true,"Name":"Condition","IsSkippable":false,"Description":"This condition determines the progress of the playbook. Conditions are built based on cases data (cases, alerts, vents, entities and environment properties) as-well as data that comes back from previous playbook steps.","ActionProvider":"Flow","ActionName":"IfFlowCondition","Type":4,"Integration":"Flow","Parameters":[{"ParentStepIdentifier":"78a52153-61c5-4ee9-b572-f3f03aa31ba4","ParentWorkflowIdentifier":"6d146fcb-e930-431e-bc2d-bba754ed0f5e","Name":"AssignedUsers","Value":null},{"ParentStepIdentifier":"78a52153-61c5-4ee9-b572-f3f03aa31ba4","ParentWorkflowIdentifier":"6d146fcb-e930-431e-bc2d-bba754ed0f5e","Name":"Branches","Value":"[{\"LogicalOperator\":1,\"Conditions\":[{\"Operator\":0,\"FieldName\":\"[VirusTotalV3_Enrich URL_1.JsonResult| \\\"is_risky\\\"]\",\"Type\":2,\"Value\":\"true\"},{\"Operator\":0,\"FieldName\":\"[VirusTotalV3_Enrich IP_1.JsonResult| \\\"is_risky\\\"]\",\"Type\":2,\"Value\":\"true\"},{\"Operator\":0,\"FieldName\":\"[VirusTotalV3_Enrich Hash_1.JsonResult| \\\"is_risky\\\"]\",\"Type\":2,\"Value\":\"true\"},{\"Operator\":0,\"FieldName\":\"[VirusTotalV3_Get Domain Details_1.JsonResult| \\\"is_risky\\\"]\",\"Type\":2,\"Value\":\"true\"}],\"Order\":1,\"IsDefaultBranch\":false,\"Name\":\"Risky Entities\"},{\"LogicalOperator\":0,\"Conditions\":[],\"Order\":2,\"IsDefaultBranch\":true,\"Name\":\"Branch\"}]"},{"ParentStepIdentifier":"78a52153-61c5-4ee9-b572-f3f03aa31ba4","ParentWorkflowIdentifier":"6d146fcb-e930-431e-bc2d-bba754ed0f5e","Name":"ErrorFallbackBranch","Value":"2"},{"ParentStepIdentifier":"78a52153-61c5-4ee9-b572-f3f03aa31ba4","ParentWorkflowIdentifier":"6d146fcb-e930-431e-bc2d-bba754ed0f5e","Name":"MessageToAssignee","Value":null},{"ParentStepIdentifier":"78a52153-61c5-4ee9-b572-f3f03aa31ba4","ParentWorkflowIdentifier":"6d146fcb-e930-431e-bc2d-bba754ed0f5e","Name":"PendingActionTimeout","Value":null},{"ParentStepIdentifier":"78a52153-61c5-4ee9-b572-f3f03aa31ba4","ParentWorkflowIdentifier":"6d146fcb-e930-431e-bc2d-bba754ed0f5e","Name":"SelectedScopeName","Value":"All entities"}],"AutoSkipOnFailure":false,"IsDebugMockData":false,"StepDebugData":null},{"Identifier":"7e9c7a9a-0f98-4964-a901-7f5f60ba5de9","OriginalStepIdentifier":"c099bf72-f066-44a0-bf5f-e0d90165944f","ParentWorkflowIdentifier":"6d146fcb-e930-431e-bc2d-bba754ed0f5e","ParentStepIdentifiers":["2b472eae-9927-4fab-94ab-2078d267b284"],"ParentStepIdentifier":"2b472eae-9927-4fab-94ab-2078d267b284","PreviousResultCondition":"{\n  \"2b472eae-9927-4fab-94ab-2078d267b284\": \"2\"\n}","InstanceName":"Tools_Set Context Value_2","IsAutomatic":true,"Name":"Tools_Set Context Value","IsSkippable":false,"Description":"The action sets a key and value in a specific context (alert or case)","ActionProvider":"Scripts","ActionName":"Tools_Set Context Value","Type":0,"Integration":"Tools","Parameters":[{"ParentStepIdentifier":"7e9c7a9a-0f98-4964-a901-7f5f60ba5de9","ParentWorkflowIdentifier":"6d146fcb-e930-431e-bc2d-bba754ed0f5e","Name":"AssignedUsers","Value":null},{"ParentStepIdentifier":"7e9c7a9a-0f98-4964-a901-7f5f60ba5de9","ParentWorkflowIdentifier":"6d146fcb-e930-431e-bc2d-bba754ed0f5e","Name":"AsyncActionTimeout","Value":"86400"},{"ParentStepIdentifier":"7e9c7a9a-0f98-4964-a901-7f5f60ba5de9","ParentWorkflowIdentifier":"6d146fcb-e930-431e-bc2d-bba754ed0f5e","Name":"AsyncPollingInterval","Value":"3600"},{"ParentStepIdentifier":"7e9c7a9a-0f98-4964-a901-7f5f60ba5de9","ParentWorkflowIdentifier":"6d146fcb-e930-431e-bc2d-bba754ed0f5e","Name":"FallbackIntegrationInstance","Value":null},{"ParentStepIdentifier":"7e9c7a9a-0f98-4964-a901-7f5f60ba5de9","ParentWorkflowIdentifier":"6d146fcb-e930-431e-bc2d-bba754ed0f5e","Name":"IntegrationInstance","Value":"AutomaticEnvironment"},{"ParentStepIdentifier":"7e9c7a9a-0f98-4964-a901-7f5f60ba5de9","ParentWorkflowIdentifier":"6d146fcb-e930-431e-bc2d-bba754ed0f5e","Name":"MessageToAssignee","Value":null},{"ParentStepIdentifier":"7e9c7a9a-0f98-4964-a901-7f5f60ba5de9","ParentWorkflowIdentifier":"6d146fcb-e930-431e-bc2d-bba754ed0f5e","Name":"PendingActionTimeout","Value":null},{"ParentStepIdentifier":"7e9c7a9a-0f98-4964-a901-7f5f60ba5de9","ParentWorkflowIdentifier":"6d146fcb-e930-431e-bc2d-bba754ed0f5e","Name":"ScriptName","Value":"Tools_Set Context Value"},{"ParentStepIdentifier":"7e9c7a9a-0f98-4964-a901-7f5f60ba5de9","ParentWorkflowIdentifier":"6d146fcb-e930-431e-bc2d-bba754ed0f5e","Name":"ScriptParametersEntityFields","Value":"{\"Value\":\"Chronicle have indicated Medium Severity entities in the alert\",\"Key\":\"Reason_11\",\"Scope\":\"Alert\"}"},{"ParentStepIdentifier":"7e9c7a9a-0f98-4964-a901-7f5f60ba5de9","ParentWorkflowIdentifier":"6d146fcb-e930-431e-bc2d-bba754ed0f5e","Name":"SelectedScopeName","Value":"All entities"}],"AutoSkipOnFailure":true,"IsDebugMockData":false,"StepDebugData":null},{"Identifier":"8ea7123b-728f-45c2-8d63-9799deae12cb","OriginalStepIdentifier":"3b2ec152-2d7e-4e2a-8a98-a86dfd786829","ParentWorkflowIdentifier":"6d146fcb-e930-431e-bc2d-bba754ed0f5e","ParentStepIdentifiers":[],"ParentStepIdentifier":"","PreviousResultCondition":null,"InstanceName":"GoogleChronicle_Enrich IP_1","IsAutomatic":true,"Name":"GoogleChronicle_Enrich IP","IsSkippable":false,"Description":"Enrich IP entities using information from IOCs in Google Chronicle. Supported entities: IP address.","ActionProvider":"Scripts","ActionName":"GoogleChronicle_Enrich IP","Type":0,"Integration":"GoogleChronicle","Parameters":[{"ParentStepIdentifier":"8ea7123b-728f-45c2-8d63-9799deae12cb","ParentWorkflowIdentifier":"6d146fcb-e930-431e-bc2d-bba754ed0f5e","Name":"AssignedUsers","Value":null},{"ParentStepIdentifier":"8ea7123b-728f-45c2-8d63-9799deae12cb","ParentWorkflowIdentifier":"6d146fcb-e930-431e-bc2d-bba754ed0f5e","Name":"AsyncActionTimeout","Value":"86400"},{"ParentStepIdentifier":"8ea7123b-728f-45c2-8d63-9799deae12cb","ParentWorkflowIdentifier":"6d146fcb-e930-431e-bc2d-bba754ed0f5e","Name":"AsyncPollingInterval","Value":"3600"},{"ParentStepIdentifier":"8ea7123b-728f-45c2-8d63-9799deae12cb","ParentWorkflowIdentifier":"6d146fcb-e930-431e-bc2d-bba754ed0f5e","Name":"FallbackIntegrationInstance","Value":null},{"ParentStepIdentifier":"8ea7123b-728f-45c2-8d63-9799deae12cb","ParentWorkflowIdentifier":"6d146fcb-e930-431e-bc2d-bba754ed0f5e","Name":"IntegrationInstance","Value":"AutomaticEnvironment"},{"ParentStepIdentifier":"8ea7123b-728f-45c2-8d63-9799deae12cb","ParentWorkflowIdentifier":"6d146fcb-e930-431e-bc2d-bba754ed0f5e","Name":"MessageToAssignee","Value":null},{"ParentStepIdentifier":"8ea7123b-728f-45c2-8d63-9799deae12cb","ParentWorkflowIdentifier":"6d146fcb-e930-431e-bc2d-bba754ed0f5e","Name":"PendingActionTimeout","Value":null},{"ParentStepIdentifier":"8ea7123b-728f-45c2-8d63-9799deae12cb","ParentWorkflowIdentifier":"6d146fcb-e930-431e-bc2d-bba754ed0f5e","Name":"ScriptName","Value":"GoogleChronicle_Enrich IP"},{"ParentStepIdentifier":"8ea7123b-728f-45c2-8d63-9799deae12cb","ParentWorkflowIdentifier":"6d146fcb-e930-431e-bc2d-bba754ed0f5e","Name":"ScriptParametersEntityFields","Value":"{\"Create Insight\":true,\"Only Suspicious Insight\":false,\"Lowest Suspicious Severity\":\"Medium\",\"Mark Suspicious N/A Severity\":true}"},{"ParentStepIdentifier":"8ea7123b-728f-45c2-8d63-9799deae12cb","ParentWorkflowIdentifier":"6d146fcb-e930-431e-bc2d-bba754ed0f5e","Name":"SelectedScopeName","Value":"All entities"}],"AutoSkipOnFailure":true,"IsDebugMockData":false,"StepDebugData":null},{"Identifier":"8ec1a147-9724-4bf7-ad8c-a843b66c27aa","OriginalStepIdentifier":"b96c73aa-bdb7-40e4-b8c1-2fd0d9df0b2a","ParentWorkflowIdentifier":"6d146fcb-e930-431e-bc2d-bba754ed0f5e","ParentStepIdentifiers":["4a3ec127-aeef-4684-bee3-09571e240743","a17d67a2-fb35-4fdb-bd01-d8dad07941b9","5148f016-5406-412e-96dd-a7ae5fa63473"],"ParentStepIdentifier":"4a3ec127-aeef-4684-bee3-09571e240743;a17d67a2-fb35-4fdb-bd01-d8dad07941b9;5148f016-5406-412e-96dd-a7ae5fa63473","PreviousResultCondition":"{}","InstanceName":"VirusTotalV3_Enrich Hash_1","IsAutomatic":true,"Name":"VirusTotalV3_Enrich Hash","IsSkippable":false,"Description":"Enrich Hash using information from VirusTotal. Only MD5, SHA-1 and SHA-256 are supported.","ActionProvider":"Scripts","ActionName":"VirusTotalV3_Enrich Hash","Type":0,"Integration":"VirusTotalV3","Parameters":[{"ParentStepIdentifier":"8ec1a147-9724-4bf7-ad8c-a843b66c27aa","ParentWorkflowIdentifier":"6d146fcb-e930-431e-bc2d-bba754ed0f5e","Name":"AssignedUsers","Value":null},{"ParentStepIdentifier":"8ec1a147-9724-4bf7-ad8c-a843b66c27aa","ParentWorkflowIdentifier":"6d146fcb-e930-431e-bc2d-bba754ed0f5e","Name":"AsyncActionTimeout","Value":"86400"},{"ParentStepIdentifier":"8ec1a147-9724-4bf7-ad8c-a843b66c27aa","ParentWorkflowIdentifier":"6d146fcb-e930-431e-bc2d-bba754ed0f5e","Name":"AsyncPollingInterval","Value":"3600"},{"ParentStepIdentifier":"8ec1a147-9724-4bf7-ad8c-a843b66c27aa","ParentWorkflowIdentifier":"6d146fcb-e930-431e-bc2d-bba754ed0f5e","Name":"FallbackIntegrationInstance","Value":null},{"ParentStepIdentifier":"8ec1a147-9724-4bf7-ad8c-a843b66c27aa","ParentWorkflowIdentifier":"6d146fcb-e930-431e-bc2d-bba754ed0f5e","Name":"IntegrationInstance","Value":"AutomaticEnvironment"},{"ParentStepIdentifier":"8ec1a147-9724-4bf7-ad8c-a843b66c27aa","ParentWorkflowIdentifier":"6d146fcb-e930-431e-bc2d-bba754ed0f5e","Name":"MessageToAssignee","Value":null},{"ParentStepIdentifier":"8ec1a147-9724-4bf7-ad8c-a843b66c27aa","ParentWorkflowIdentifier":"6d146fcb-e930-431e-bc2d-bba754ed0f5e","Name":"PendingActionTimeout","Value":null},{"ParentStepIdentifier":"8ec1a147-9724-4bf7-ad8c-a843b66c27aa","ParentWorkflowIdentifier":"6d146fcb-e930-431e-bc2d-bba754ed0f5e","Name":"ScriptName","Value":"VirusTotalV3_Enrich Hash"},{"ParentStepIdentifier":"8ec1a147-9724-4bf7-ad8c-a843b66c27aa","ParentWorkflowIdentifier":"6d146fcb-e930-431e-bc2d-bba754ed0f5e","Name":"ScriptParametersEntityFields","Value":"{\"Engine Threshold\":\"1\",\"Engine Percentage Threshold\":\"\",\"Engine Whitelist\":\"\",\"Retrieve Comments\":true,\"Retrieve Sigma Analysis\":true,\"Only Suspicious Entity Insight\":false,\"Max Comments To Return\":\"50\",\"Widget Theme\":\"Light\"}"},{"ParentStepIdentifier":"8ec1a147-9724-4bf7-ad8c-a843b66c27aa","ParentWorkflowIdentifier":"6d146fcb-e930-431e-bc2d-bba754ed0f5e","Name":"SelectedScopeName","Value":"All entities"}],"AutoSkipOnFailure":true,"IsDebugMockData":false,"StepDebugData":null},{"Identifier":"8f80b82e-cb99-41b9-bcb9-a727874beec8","OriginalStepIdentifier":"0225f6ac-e560-45bb-ac22-3a68b0a01b18","ParentWorkflowIdentifier":"6d146fcb-e930-431e-bc2d-bba754ed0f5e","ParentStepIdentifiers":["b0b2262a-8c69-4ec1-a53d-82d054350ea4"],"ParentStepIdentifier":"b0b2262a-8c69-4ec1-a53d-82d054350ea4","PreviousResultCondition":"{}","InstanceName":"VirusTotalV3_Get Domain Details_1","IsAutomatic":true,"Name":"VirusTotalV3_Get Domain Details","IsSkippable":false,"Description":"Get detailed information about the domain using information from VirusTotal.","ActionProvider":"Scripts","ActionName":"VirusTotalV3_Get Domain Details","Type":0,"Integration":"VirusTotalV3","Parameters":[{"ParentStepIdentifier":"8f80b82e-cb99-41b9-bcb9-a727874beec8","ParentWorkflowIdentifier":"6d146fcb-e930-431e-bc2d-bba754ed0f5e","Name":"AssignedUsers","Value":null},{"ParentStepIdentifier":"8f80b82e-cb99-41b9-bcb9-a727874beec8","ParentWorkflowIdentifier":"6d146fcb-e930-431e-bc2d-bba754ed0f5e","Name":"AsyncActionTimeout","Value":"86400"},{"ParentStepIdentifier":"8f80b82e-cb99-41b9-bcb9-a727874beec8","ParentWorkflowIdentifier":"6d146fcb-e930-431e-bc2d-bba754ed0f5e","Name":"AsyncPollingInterval","Value":"3600"},{"ParentStepIdentifier":"8f80b82e-cb99-41b9-bcb9-a727874beec8","ParentWorkflowIdentifier":"6d146fcb-e930-431e-bc2d-bba754ed0f5e","Name":"FallbackIntegrationInstance","Value":null},{"ParentStepIdentifier":"8f80b82e-cb99-41b9-bcb9-a727874beec8","ParentWorkflowIdentifier":"6d146fcb-e930-431e-bc2d-bba754ed0f5e","Name":"IntegrationInstance","Value":"AutomaticEnvironment"},{"ParentStepIdentifier":"8f80b82e-cb99-41b9-bcb9-a727874beec8","ParentWorkflowIdentifier":"6d146fcb-e930-431e-bc2d-bba754ed0f5e","Name":"MessageToAssignee","Value":null},{"ParentStepIdentifier":"8f80b82e-cb99-41b9-bcb9-a727874beec8","ParentWorkflowIdentifier":"6d146fcb-e930-431e-bc2d-bba754ed0f5e","Name":"PendingActionTimeout","Value":null},{"ParentStepIdentifier":"8f80b82e-cb99-41b9-bcb9-a727874beec8","ParentWorkflowIdentifier":"6d146fcb-e930-431e-bc2d-bba754ed0f5e","Name":"ScriptName","Value":"VirusTotalV3_Get Domain Details"},{"ParentStepIdentifier":"8f80b82e-cb99-41b9-bcb9-a727874beec8","ParentWorkflowIdentifier":"6d146fcb-e930-431e-bc2d-bba754ed0f5e","Name":"ScriptParametersEntityFields","Value":"{\"Engine Threshold\":\"1\",\"Engine Percentage Threshold\":\"\",\"Engine Whitelist\":\"\",\"Retrieve Comments\":true,\"Max Comments To Return\":\"50\",\"Widget Theme\":\"Light\"}"},{"ParentStepIdentifier":"8f80b82e-cb99-41b9-bcb9-a727874beec8","ParentWorkflowIdentifier":"6d146fcb-e930-431e-bc2d-bba754ed0f5e","Name":"SelectedScopeName","Value":"All entities"}],"AutoSkipOnFailure":true,"IsDebugMockData":false,"StepDebugData":null},{"Identifier":"a06a764e-9df3-4c9f-a5ae-0132fc0027ba","OriginalStepIdentifier":"365fafa7-7e08-4c40-8516-f54137f50d84","ParentWorkflowIdentifier":"6d146fcb-e930-431e-bc2d-bba754ed0f5e","ParentStepIdentifiers":["8ec1a147-9724-4bf7-ad8c-a843b66c27aa"],"ParentStepIdentifier":"8ec1a147-9724-4bf7-ad8c-a843b66c27aa","PreviousResultCondition":"{}","InstanceName":"VirusTotalV3_Enrich IP_1","IsAutomatic":true,"Name":"VirusTotalV3_Enrich IP","IsSkippable":false,"Description":"Enrich IP using information from VirusTotal.","ActionProvider":"Scripts","ActionName":"VirusTotalV3_Enrich IP","Type":0,"Integration":"VirusTotalV3","Parameters":[{"ParentStepIdentifier":"a06a764e-9df3-4c9f-a5ae-0132fc0027ba","ParentWorkflowIdentifier":"6d146fcb-e930-431e-bc2d-bba754ed0f5e","Name":"AssignedUsers","Value":null},{"ParentStepIdentifier":"a06a764e-9df3-4c9f-a5ae-0132fc0027ba","ParentWorkflowIdentifier":"6d146fcb-e930-431e-bc2d-bba754ed0f5e","Name":"AsyncActionTimeout","Value":"86400"},{"ParentStepIdentifier":"a06a764e-9df3-4c9f-a5ae-0132fc0027ba","ParentWorkflowIdentifier":"6d146fcb-e930-431e-bc2d-bba754ed0f5e","Name":"AsyncPollingInterval","Value":"3600"},{"ParentStepIdentifier":"a06a764e-9df3-4c9f-a5ae-0132fc0027ba","ParentWorkflowIdentifier":"6d146fcb-e930-431e-bc2d-bba754ed0f5e","Name":"FallbackIntegrationInstance","Value":null},{"ParentStepIdentifier":"a06a764e-9df3-4c9f-a5ae-0132fc0027ba","ParentWorkflowIdentifier":"6d146fcb-e930-431e-bc2d-bba754ed0f5e","Name":"IntegrationInstance","Value":"AutomaticEnvironment"},{"ParentStepIdentifier":"a06a764e-9df3-4c9f-a5ae-0132fc0027ba","ParentWorkflowIdentifier":"6d146fcb-e930-431e-bc2d-bba754ed0f5e","Name":"MessageToAssignee","Value":null},{"ParentStepIdentifier":"a06a764e-9df3-4c9f-a5ae-0132fc0027ba","ParentWorkflowIdentifier":"6d146fcb-e930-431e-bc2d-bba754ed0f5e","Name":"PendingActionTimeout","Value":null},{"ParentStepIdentifier":"a06a764e-9df3-4c9f-a5ae-0132fc0027ba","ParentWorkflowIdentifier":"6d146fcb-e930-431e-bc2d-bba754ed0f5e","Name":"ScriptName","Value":"VirusTotalV3_Enrich IP"},{"ParentStepIdentifier":"a06a764e-9df3-4c9f-a5ae-0132fc0027ba","ParentWorkflowIdentifier":"6d146fcb-e930-431e-bc2d-bba754ed0f5e","Name":"ScriptParametersEntityFields","Value":"{\"Engine Threshold\":\"1\",\"Engine Percentage Threshold\":\"\",\"Engine Whitelist\":\"\",\"Retrieve Comments\":true,\"Only Suspicious Entity Insight\":false,\"Max Comments To Return\":\"50\",\"Widget Theme\":\"Light\"}"},{"ParentStepIdentifier":"a06a764e-9df3-4c9f-a5ae-0132fc0027ba","ParentWorkflowIdentifier":"6d146fcb-e930-431e-bc2d-bba754ed0f5e","Name":"SelectedScopeName","Value":"All entities"}],"AutoSkipOnFailure":true,"IsDebugMockData":false,"StepDebugData":null},{"Identifier":"a17d67a2-fb35-4fdb-bd01-d8dad07941b9","OriginalStepIdentifier":"5f66ff05-ec02-4117-aab5-d135ef047ae1","ParentWorkflowIdentifier":"6d146fcb-e930-431e-bc2d-bba754ed0f5e","ParentStepIdentifiers":["3fe9e99d-9334-4d3f-989a-428369af93fb"],"ParentStepIdentifier":"3fe9e99d-9334-4d3f-989a-428369af93fb","PreviousResultCondition":"{}","InstanceName":"Tools_Update Alert Score_1","IsAutomatic":true,"Name":"Tools_Update Alert Score","IsSkippable":false,"Description":"This will update the alert score by the amount supplied in the 'Input' parameter. ","ActionProvider":"Scripts","ActionName":"Tools_Update Alert Score","Type":0,"Integration":"Tools","Parameters":[{"ParentStepIdentifier":"a17d67a2-fb35-4fdb-bd01-d8dad07941b9","ParentWorkflowIdentifier":"6d146fcb-e930-431e-bc2d-bba754ed0f5e","Name":"AssignedUsers","Value":null},{"ParentStepIdentifier":"a17d67a2-fb35-4fdb-bd01-d8dad07941b9","ParentWorkflowIdentifier":"6d146fcb-e930-431e-bc2d-bba754ed0f5e","Name":"AsyncActionTimeout","Value":"86400"},{"ParentStepIdentifier":"a17d67a2-fb35-4fdb-bd01-d8dad07941b9","ParentWorkflowIdentifier":"6d146fcb-e930-431e-bc2d-bba754ed0f5e","Name":"AsyncPollingInterval","Value":"3600"},{"ParentStepIdentifier":"a17d67a2-fb35-4fdb-bd01-d8dad07941b9","ParentWorkflowIdentifier":"6d146fcb-e930-431e-bc2d-bba754ed0f5e","Name":"FallbackIntegrationInstance","Value":null},{"ParentStepIdentifier":"a17d67a2-fb35-4fdb-bd01-d8dad07941b9","ParentWorkflowIdentifier":"6d146fcb-e930-431e-bc2d-bba754ed0f5e","Name":"IntegrationInstance","Value":"AutomaticEnvironment"},{"ParentStepIdentifier":"a17d67a2-fb35-4fdb-bd01-d8dad07941b9","ParentWorkflowIdentifier":"6d146fcb-e930-431e-bc2d-bba754ed0f5e","Name":"MessageToAssignee","Value":null},{"ParentStepIdentifier":"a17d67a2-fb35-4fdb-bd01-d8dad07941b9","ParentWorkflowIdentifier":"6d146fcb-e930-431e-bc2d-bba754ed0f5e","Name":"PendingActionTimeout","Value":null},{"ParentStepIdentifier":"a17d67a2-fb35-4fdb-bd01-d8dad07941b9","ParentWorkflowIdentifier":"6d146fcb-e930-431e-bc2d-bba754ed0f5e","Name":"ScriptName","Value":"Tools_Update Alert Score"},{"ParentStepIdentifier":"a17d67a2-fb35-4fdb-bd01-d8dad07941b9","ParentWorkflowIdentifier":"6d146fcb-e930-431e-bc2d-bba754ed0f5e","Name":"ScriptParametersEntityFields","Value":"{\"Input\":\"+10\"}"},{"ParentStepIdentifier":"a17d67a2-fb35-4fdb-bd01-d8dad07941b9","ParentWorkflowIdentifier":"6d146fcb-e930-431e-bc2d-bba754ed0f5e","Name":"SelectedScopeName","Value":"All entities"}],"AutoSkipOnFailure":true,"IsDebugMockData":false,"StepDebugData":null},{"Identifier":"b0459a2a-c168-4c25-ba97-e5a1cad5732d","OriginalStepIdentifier":"2a2453fe-1c37-46fb-a178-0b396d7220af","ParentWorkflowIdentifier":"6d146fcb-e930-431e-bc2d-bba754ed0f5e","ParentStepIdentifiers":["8ea7123b-728f-45c2-8d63-9799deae12cb"],"ParentStepIdentifier":"8ea7123b-728f-45c2-8d63-9799deae12cb","PreviousResultCondition":"{}","InstanceName":"GoogleChronicle_Enrich Domain_1","IsAutomatic":true,"Name":"GoogleChronicle_Enrich Domain","IsSkippable":false,"Description":"Enrich domains using information from IOCs in Google Chronicle. Supported entities: Hostname, URL (action extracts domain part).","ActionProvider":"Scripts","ActionName":"GoogleChronicle_Enrich Domain","Type":0,"Integration":"GoogleChronicle","Parameters":[{"ParentStepIdentifier":"b0459a2a-c168-4c25-ba97-e5a1cad5732d","ParentWorkflowIdentifier":"6d146fcb-e930-431e-bc2d-bba754ed0f5e","Name":"AssignedUsers","Value":null},{"ParentStepIdentifier":"b0459a2a-c168-4c25-ba97-e5a1cad5732d","ParentWorkflowIdentifier":"6d146fcb-e930-431e-bc2d-bba754ed0f5e","Name":"AsyncActionTimeout","Value":"86400"},{"ParentStepIdentifier":"b0459a2a-c168-4c25-ba97-e5a1cad5732d","ParentWorkflowIdentifier":"6d146fcb-e930-431e-bc2d-bba754ed0f5e","Name":"AsyncPollingInterval","Value":"3600"},{"ParentStepIdentifier":"b0459a2a-c168-4c25-ba97-e5a1cad5732d","ParentWorkflowIdentifier":"6d146fcb-e930-431e-bc2d-bba754ed0f5e","Name":"FallbackIntegrationInstance","Value":null},{"ParentStepIdentifier":"b0459a2a-c168-4c25-ba97-e5a1cad5732d","ParentWorkflowIdentifier":"6d146fcb-e930-431e-bc2d-bba754ed0f5e","Name":"IntegrationInstance","Value":"AutomaticEnvironment"},{"ParentStepIdentifier":"b0459a2a-c168-4c25-ba97-e5a1cad5732d","ParentWorkflowIdentifier":"6d146fcb-e930-431e-bc2d-bba754ed0f5e","Name":"MessageToAssignee","Value":null},{"ParentStepIdentifier":"b0459a2a-c168-4c25-ba97-e5a1cad5732d","ParentWorkflowIdentifier":"6d146fcb-e930-431e-bc2d-bba754ed0f5e","Name":"PendingActionTimeout","Value":null},{"ParentStepIdentifier":"b0459a2a-c168-4c25-ba97-e5a1cad5732d","ParentWorkflowIdentifier":"6d146fcb-e930-431e-bc2d-bba754ed0f5e","Name":"ScriptName","Value":"GoogleChronicle_Enrich Domain"},{"ParentStepIdentifier":"b0459a2a-c168-4c25-ba97-e5a1cad5732d","ParentWorkflowIdentifier":"6d146fcb-e930-431e-bc2d-bba754ed0f5e","Name":"ScriptParametersEntityFields","Value":"{\"Create Insight\":true,\"Only Suspicious Insight\":false,\"Lowest Suspicious Severity\":\"Medium\",\"Mark Suspicious N/A Severity\":true}"},{"ParentStepIdentifier":"b0459a2a-c168-4c25-ba97-e5a1cad5732d","ParentWorkflowIdentifier":"6d146fcb-e930-431e-bc2d-bba754ed0f5e","Name":"SelectedScopeName","Value":"All entities"}],"AutoSkipOnFailure":true,"IsDebugMockData":false,"StepDebugData":null},{"Identifier":"b0b2262a-8c69-4ec1-a53d-82d054350ea4","OriginalStepIdentifier":"e6fca12d-fa78-45db-9935-10cc24e1b9a0","ParentWorkflowIdentifier":"6d146fcb-e930-431e-bc2d-bba754ed0f5e","ParentStepIdentifiers":["a06a764e-9df3-4c9f-a5ae-0132fc0027ba"],"ParentStepIdentifier":"a06a764e-9df3-4c9f-a5ae-0132fc0027ba","PreviousResultCondition":"{}","InstanceName":"VirusTotalV3_Enrich URL_1","IsAutomatic":true,"Name":"VirusTotalV3_Enrich URL","IsSkippable":false,"Description":"Enrich URL using information from VirusTotal.","ActionProvider":"Scripts","ActionName":"VirusTotalV3_Enrich URL","Type":0,"Integration":"VirusTotalV3","Parameters":[{"ParentStepIdentifier":"b0b2262a-8c69-4ec1-a53d-82d054350ea4","ParentWorkflowIdentifier":"6d146fcb-e930-431e-bc2d-bba754ed0f5e","Name":"AssignedUsers","Value":null},{"ParentStepIdentifier":"b0b2262a-8c69-4ec1-a53d-82d054350ea4","ParentWorkflowIdentifier":"6d146fcb-e930-431e-bc2d-bba754ed0f5e","Name":"AsyncActionTimeout","Value":"86400"},{"ParentStepIdentifier":"b0b2262a-8c69-4ec1-a53d-82d054350ea4","ParentWorkflowIdentifier":"6d146fcb-e930-431e-bc2d-bba754ed0f5e","Name":"AsyncPollingInterval","Value":"3600"},{"ParentStepIdentifier":"b0b2262a-8c69-4ec1-a53d-82d054350ea4","ParentWorkflowIdentifier":"6d146fcb-e930-431e-bc2d-bba754ed0f5e","Name":"FallbackIntegrationInstance","Value":null},{"ParentStepIdentifier":"b0b2262a-8c69-4ec1-a53d-82d054350ea4","ParentWorkflowIdentifier":"6d146fcb-e930-431e-bc2d-bba754ed0f5e","Name":"IntegrationInstance","Value":"AutomaticEnvironment"},{"ParentStepIdentifier":"b0b2262a-8c69-4ec1-a53d-82d054350ea4","ParentWorkflowIdentifier":"6d146fcb-e930-431e-bc2d-bba754ed0f5e","Name":"MessageToAssignee","Value":null},{"ParentStepIdentifier":"b0b2262a-8c69-4ec1-a53d-82d054350ea4","ParentWorkflowIdentifier":"6d146fcb-e930-431e-bc2d-bba754ed0f5e","Name":"PendingActionTimeout","Value":null},{"ParentStepIdentifier":"b0b2262a-8c69-4ec1-a53d-82d054350ea4","ParentWorkflowIdentifier":"6d146fcb-e930-431e-bc2d-bba754ed0f5e","Name":"ScriptName","Value":"VirusTotalV3_Enrich URL"},{"ParentStepIdentifier":"b0b2262a-8c69-4ec1-a53d-82d054350ea4","ParentWorkflowIdentifier":"6d146fcb-e930-431e-bc2d-bba754ed0f5e","Name":"ScriptParametersEntityFields","Value":"{\"Engine Threshold\":\"1\",\"Engine Percentage Threshold\":\"\",\"Engine Whitelist\":\"\",\"Resubmit URL\":false,\"Retrieve Comments\":true,\"Only Suspicious Entity Insight\":false,\"Max Comments To Return\":\"50\",\"Resubmit After (Days)\":\"30\",\"Widget Theme\":\"Light\"}"},{"ParentStepIdentifier":"b0b2262a-8c69-4ec1-a53d-82d054350ea4","ParentWorkflowIdentifier":"6d146fcb-e930-431e-bc2d-bba754ed0f5e","Name":"SelectedScopeName","Value":"All entities"}],"AutoSkipOnFailure":true,"IsDebugMockData":false,"StepDebugData":null},{"Identifier":"e6e336e4-38f9-4bbb-9a16-997b8c0133d0","OriginalStepIdentifier":"1d46a13c-4e01-43af-8dfb-3e050a0577f1","ParentWorkflowIdentifier":"6d146fcb-e930-431e-bc2d-bba754ed0f5e","ParentStepIdentifiers":["4e9d4467-23f9-45c1-8dcd-1cb7c54ba57a"],"ParentStepIdentifier":"4e9d4467-23f9-45c1-8dcd-1cb7c54ba57a","PreviousResultCondition":"{}","InstanceName":"Tools_Update Alert Score_4","IsAutomatic":true,"Name":"Tools_Update Alert Score","IsSkippable":false,"Description":"This will update the alert score by the amount supplied in the 'Input' parameter. ","ActionProvider":"Scripts","ActionName":"Tools_Update Alert Score","Type":0,"Integration":"Tools","Parameters":[{"ParentStepIdentifier":"e6e336e4-38f9-4bbb-9a16-997b8c0133d0","ParentWorkflowIdentifier":"6d146fcb-e930-431e-bc2d-bba754ed0f5e","Name":"AssignedUsers","Value":null},{"ParentStepIdentifier":"e6e336e4-38f9-4bbb-9a16-997b8c0133d0","ParentWorkflowIdentifier":"6d146fcb-e930-431e-bc2d-bba754ed0f5e","Name":"AsyncActionTimeout","Value":"86400"},{"ParentStepIdentifier":"e6e336e4-38f9-4bbb-9a16-997b8c0133d0","ParentWorkflowIdentifier":"6d146fcb-e930-431e-bc2d-bba754ed0f5e","Name":"AsyncPollingInterval","Value":"3600"},{"ParentStepIdentifier":"e6e336e4-38f9-4bbb-9a16-997b8c0133d0","ParentWorkflowIdentifier":"6d146fcb-e930-431e-bc2d-bba754ed0f5e","Name":"FallbackIntegrationInstance","Value":null},{"ParentStepIdentifier":"e6e336e4-38f9-4bbb-9a16-997b8c0133d0","ParentWorkflowIdentifier":"6d146fcb-e930-431e-bc2d-bba754ed0f5e","Name":"IntegrationInstance","Value":"AutomaticEnvironment"},{"ParentStepIdentifier":"e6e336e4-38f9-4bbb-9a16-997b8c0133d0","ParentWorkflowIdentifier":"6d146fcb-e930-431e-bc2d-bba754ed0f5e","Name":"MessageToAssignee","Value":null},{"ParentStepIdentifier":"e6e336e4-38f9-4bbb-9a16-997b8c0133d0","ParentWorkflowIdentifier":"6d146fcb-e930-431e-bc2d-bba754ed0f5e","Name":"PendingActionTimeout","Value":null},{"ParentStepIdentifier":"e6e336e4-38f9-4bbb-9a16-997b8c0133d0","ParentWorkflowIdentifier":"6d146fcb-e930-431e-bc2d-bba754ed0f5e","Name":"ScriptName","Value":"Tools_Update Alert Score"},{"ParentStepIdentifier":"e6e336e4-38f9-4bbb-9a16-997b8c0133d0","ParentWorkflowIdentifier":"6d146fcb-e930-431e-bc2d-bba754ed0f5e","Name":"ScriptParametersEntityFields","Value":"{\"Input\":\"+20\"}"},{"ParentStepIdentifier":"e6e336e4-38f9-4bbb-9a16-997b8c0133d0","ParentWorkflowIdentifier":"6d146fcb-e930-431e-bc2d-bba754ed0f5e","Name":"SelectedScopeName","Value":"All entities"}],"AutoSkipOnFailure":true,"IsDebugMockData":false,"StepDebugData":null}],"Triggers":[{"Identifier":"6cd48194-c670-4827-8691-92980741ce05","IsEnabled":true,"DefinitionIdentifier":"6d146fcb-e930-431e-bc2d-bba754ed0f5e","Type":11,"WorkflowName":null,"LogicalOperator":0,"Conditions":[],"Environments":["*"]}],"Environments":["*"]}}