{"CategoryName":"Siemplify Use Cases","OverviewTemplatesDetails":[],"WidgetTemplates":null,"Definition":{"Identifier":"ef649da8-8b88-4c2d-8c84-521764501f7c","IsEnable":true,"Version":0.0,"IsArchived":false,"IsAutomatic":true,"Name":"Enrich Assets","Category":2,"Description":"Enrich assets with SCC, IAM, and Compute.","Priority":2,"Creator":"3b2f0bdd-a85e-4221-9d95-89477d2f048b","VersionCreator":null,"VersionComment":null,"OriginalWorkflowIdentifier":"ef649da8-8b88-4c2d-8c84-521764501f7c","TemplateName":null,"PlaybookType":1,"IsDebugMode":false,"DebugBaseAlertIdentifier":"MALWARE: BAD IP_846455E3-9852-45D2-BDE3-DD038C35E443","DebugAlertIdentifier":"MALWARE: BAD IP9624E406-5DC6-4C09-9FB2-76D99CE26334","SimulationClone":false,"Steps":[{"Identifier":"02d5d7f1-dd69-4fbf-be07-72ae54541c5e","OriginalStepIdentifier":"2ef4732e-6581-4404-a912-3400147e5a10","ParentWorkflowIdentifier":"ef649da8-8b88-4c2d-8c84-521764501f7c","ParentStepIdentifiers":["0b6127c2-d093-42c8-a652-a14c03a11dd8"],"ParentStepIdentifier":"0b6127c2-d093-42c8-a652-a14c03a11dd8","PreviousResultCondition":"{\"0b6127c2-d093-42c8-a652-a14c03a11dd8\":\"1\"}","InstanceName":"Alert Score_Reason_2","IsAutomatic":true,"Name":"Tools_Set Context Value","IsSkippable":false,"Description":"The action sets a key and value in a specific context (alert or case)","ActionProvider":"Scripts","ActionName":"Tools_Set Context Value","Type":0,"Integration":"Tools","Parameters":[{"ParentStepIdentifier":"02d5d7f1-dd69-4fbf-be07-72ae54541c5e","ParentWorkflowIdentifier":"ef649da8-8b88-4c2d-8c84-521764501f7c","Name":"AssignedUsers","Value":null},{"ParentStepIdentifier":"02d5d7f1-dd69-4fbf-be07-72ae54541c5e","ParentWorkflowIdentifier":"ef649da8-8b88-4c2d-8c84-521764501f7c","Name":"AsyncActionTimeout","Value":"86400"},{"ParentStepIdentifier":"02d5d7f1-dd69-4fbf-be07-72ae54541c5e","ParentWorkflowIdentifier":"ef649da8-8b88-4c2d-8c84-521764501f7c","Name":"AsyncPollingInterval","Value":"3600"},{"ParentStepIdentifier":"02d5d7f1-dd69-4fbf-be07-72ae54541c5e","ParentWorkflowIdentifier":"ef649da8-8b88-4c2d-8c84-521764501f7c","Name":"FallbackIntegrationInstance","Value":null},{"ParentStepIdentifier":"02d5d7f1-dd69-4fbf-be07-72ae54541c5e","ParentWorkflowIdentifier":"ef649da8-8b88-4c2d-8c84-521764501f7c","Name":"IntegrationInstance","Value":"AutomaticEnvironment"},{"ParentStepIdentifier":"02d5d7f1-dd69-4fbf-be07-72ae54541c5e","ParentWorkflowIdentifier":"ef649da8-8b88-4c2d-8c84-521764501f7c","Name":"MessageToAssignee","Value":null},{"ParentStepIdentifier":"02d5d7f1-dd69-4fbf-be07-72ae54541c5e","ParentWorkflowIdentifier":"ef649da8-8b88-4c2d-8c84-521764501f7c","Name":"PendingActionTimeout","Value":null},{"ParentStepIdentifier":"02d5d7f1-dd69-4fbf-be07-72ae54541c5e","ParentWorkflowIdentifier":"ef649da8-8b88-4c2d-8c84-521764501f7c","Name":"ScriptName","Value":"Tools_Set Context Value"},{"ParentStepIdentifier":"02d5d7f1-dd69-4fbf-be07-72ae54541c5e","ParentWorkflowIdentifier":"ef649da8-8b88-4c2d-8c84-521764501f7c","Name":"ScriptParametersEntityFields","Value":"{\"Value\":\"IAM Binding contains owner which is a user from the security event\",\"Key\":\"Reason_7\",\"Scope\":\"Alert\"}"},{"ParentStepIdentifier":"02d5d7f1-dd69-4fbf-be07-72ae54541c5e","ParentWorkflowIdentifier":"ef649da8-8b88-4c2d-8c84-521764501f7c","Name":"SelectedScopeName","Value":"All entities"}],"AutoSkipOnFailure":true,"IsDebugMockData":false,"StepDebugData":null},{"Identifier":"07fb95e6-b48e-43a4-ada6-bf39317982b5","OriginalStepIdentifier":"a3b7e9e5-e073-4459-b130-d08b7f414b99","ParentWorkflowIdentifier":"ef649da8-8b88-4c2d-8c84-521764501f7c","ParentStepIdentifiers":["90f6e310-0ffa-4caf-ac17-9d6a26578c7f"],"ParentStepIdentifier":"90f6e310-0ffa-4caf-ac17-9d6a26578c7f","PreviousResultCondition":"{}","InstanceName":"Update Alert Score_3","IsAutomatic":true,"Name":"Tools_Update Alert Score","IsSkippable":false,"Description":"This will update the alert score by the amount supplied in the 'Input' parameter. ","ActionProvider":"Scripts","ActionName":"Tools_Update Alert Score","Type":0,"Integration":"Tools","Parameters":[{"ParentStepIdentifier":"07fb95e6-b48e-43a4-ada6-bf39317982b5","ParentWorkflowIdentifier":"ef649da8-8b88-4c2d-8c84-521764501f7c","Name":"AssignedUsers","Value":null},{"ParentStepIdentifier":"07fb95e6-b48e-43a4-ada6-bf39317982b5","ParentWorkflowIdentifier":"ef649da8-8b88-4c2d-8c84-521764501f7c","Name":"AsyncActionTimeout","Value":"86400"},{"ParentStepIdentifier":"07fb95e6-b48e-43a4-ada6-bf39317982b5","ParentWorkflowIdentifier":"ef649da8-8b88-4c2d-8c84-521764501f7c","Name":"AsyncPollingInterval","Value":"3600"},{"ParentStepIdentifier":"07fb95e6-b48e-43a4-ada6-bf39317982b5","ParentWorkflowIdentifier":"ef649da8-8b88-4c2d-8c84-521764501f7c","Name":"FallbackIntegrationInstance","Value":null},{"ParentStepIdentifier":"07fb95e6-b48e-43a4-ada6-bf39317982b5","ParentWorkflowIdentifier":"ef649da8-8b88-4c2d-8c84-521764501f7c","Name":"IntegrationInstance","Value":"AutomaticEnvironment"},{"ParentStepIdentifier":"07fb95e6-b48e-43a4-ada6-bf39317982b5","ParentWorkflowIdentifier":"ef649da8-8b88-4c2d-8c84-521764501f7c","Name":"MessageToAssignee","Value":null},{"ParentStepIdentifier":"07fb95e6-b48e-43a4-ada6-bf39317982b5","ParentWorkflowIdentifier":"ef649da8-8b88-4c2d-8c84-521764501f7c","Name":"PendingActionTimeout","Value":null},{"ParentStepIdentifier":"07fb95e6-b48e-43a4-ada6-bf39317982b5","ParentWorkflowIdentifier":"ef649da8-8b88-4c2d-8c84-521764501f7c","Name":"ScriptName","Value":"Tools_Update Alert Score"},{"ParentStepIdentifier":"07fb95e6-b48e-43a4-ada6-bf39317982b5","ParentWorkflowIdentifier":"ef649da8-8b88-4c2d-8c84-521764501f7c","Name":"ScriptParametersEntityFields","Value":"{\"Input\":\"+10\"}"},{"ParentStepIdentifier":"07fb95e6-b48e-43a4-ada6-bf39317982b5","ParentWorkflowIdentifier":"ef649da8-8b88-4c2d-8c84-521764501f7c","Name":"SelectedScopeName","Value":"All entities"}],"AutoSkipOnFailure":true,"IsDebugMockData":false,"StepDebugData":null},{"Identifier":"084612c7-7945-4df4-9530-c3e0cd3b86d7","OriginalStepIdentifier":"c1c8acf1-7f35-4d81-b8d0-e1bcfd81f5dc","ParentWorkflowIdentifier":"ef649da8-8b88-4c2d-8c84-521764501f7c","ParentStepIdentifiers":["d7d9d0a6-1a47-42b6-a4ef-055403cfb569","41e79122-a427-4c0c-94b0-40f95687182f","1356a587-4a20-4676-941e-a54b77de30d2","a1227685-18f4-4497-8b10-3756e0a4d1a8"],"ParentStepIdentifier":"d7d9d0a6-1a47-42b6-a4ef-055403cfb569;41e79122-a427-4c0c-94b0-40f95687182f;1356a587-4a20-4676-941e-a54b77de30d2;a1227685-18f4-4497-8b10-3756e0a4d1a8","PreviousResultCondition":"{\"41e79122-a427-4c0c-94b0-40f95687182f\":\"2\",\"a1227685-18f4-4497-8b10-3756e0a4d1a8\":\"2\",\"d7d9d0a6-1a47-42b6-a4ef-055403cfb569\":\"2\"}","InstanceName":"IAM Enrichment","IsAutomatic":true,"Name":"GoogleCloudIAM_Enrich Entities","IsSkippable":false,"Description":"Enrich Siemplify User entities with service accounts information from Google Cloud IAM. Action expects IAM service account email as a Siemplify User entity.","ActionProvider":"Scripts","ActionName":"GoogleCloudIAM_Enrich Entities","Type":0,"Integration":"GoogleCloudIAM","Parameters":[{"ParentStepIdentifier":"084612c7-7945-4df4-9530-c3e0cd3b86d7","ParentWorkflowIdentifier":"ef649da8-8b88-4c2d-8c84-521764501f7c","Name":"AssignedUsers","Value":null},{"ParentStepIdentifier":"084612c7-7945-4df4-9530-c3e0cd3b86d7","ParentWorkflowIdentifier":"ef649da8-8b88-4c2d-8c84-521764501f7c","Name":"AsyncActionTimeout","Value":"86400"},{"ParentStepIdentifier":"084612c7-7945-4df4-9530-c3e0cd3b86d7","ParentWorkflowIdentifier":"ef649da8-8b88-4c2d-8c84-521764501f7c","Name":"AsyncPollingInterval","Value":"3600"},{"ParentStepIdentifier":"084612c7-7945-4df4-9530-c3e0cd3b86d7","ParentWorkflowIdentifier":"ef649da8-8b88-4c2d-8c84-521764501f7c","Name":"FallbackIntegrationInstance","Value":null},{"ParentStepIdentifier":"084612c7-7945-4df4-9530-c3e0cd3b86d7","ParentWorkflowIdentifier":"ef649da8-8b88-4c2d-8c84-521764501f7c","Name":"IntegrationInstance","Value":"AutomaticEnvironment"},{"ParentStepIdentifier":"084612c7-7945-4df4-9530-c3e0cd3b86d7","ParentWorkflowIdentifier":"ef649da8-8b88-4c2d-8c84-521764501f7c","Name":"MessageToAssignee","Value":null},{"ParentStepIdentifier":"084612c7-7945-4df4-9530-c3e0cd3b86d7","ParentWorkflowIdentifier":"ef649da8-8b88-4c2d-8c84-521764501f7c","Name":"PendingActionTimeout","Value":null},{"ParentStepIdentifier":"084612c7-7945-4df4-9530-c3e0cd3b86d7","ParentWorkflowIdentifier":"ef649da8-8b88-4c2d-8c84-521764501f7c","Name":"ScriptName","Value":"GoogleCloudIAM_Enrich Entities"},{"ParentStepIdentifier":"084612c7-7945-4df4-9530-c3e0cd3b86d7","ParentWorkflowIdentifier":"ef649da8-8b88-4c2d-8c84-521764501f7c","Name":"ScriptParametersEntityFields","Value":"{}"},{"ParentStepIdentifier":"084612c7-7945-4df4-9530-c3e0cd3b86d7","ParentWorkflowIdentifier":"ef649da8-8b88-4c2d-8c84-521764501f7c","Name":"SelectedScopeName","Value":"All entities"}],"AutoSkipOnFailure":true,"IsDebugMockData":false,"StepDebugData":null},{"Identifier":"0b6127c2-d093-42c8-a652-a14c03a11dd8","OriginalStepIdentifier":"6f7dfbc5-b473-4a43-aea5-2f73a59064e9","ParentWorkflowIdentifier":"ef649da8-8b88-4c2d-8c84-521764501f7c","ParentStepIdentifiers":["e575bf57-fa79-4ba5-9351-c98901ff20af"],"ParentStepIdentifier":"e575bf57-fa79-4ba5-9351-c98901ff20af","PreviousResultCondition":"{\"e575bf57-fa79-4ba5-9351-c98901ff20af\":\"1\"}","InstanceName":"Is the an owner role in IAM?","IsAutomatic":true,"Name":"Condition","IsSkippable":false,"Description":"This condition determines the progress of the playbook. Conditions are built based on cases data (cases, alerts, vents, entities and environment properties) as-well as data that comes back from previous playbook steps.","ActionProvider":"Flow","ActionName":"IfFlowCondition","Type":4,"Integration":"Flow","Parameters":[{"ParentStepIdentifier":"0b6127c2-d093-42c8-a652-a14c03a11dd8","ParentWorkflowIdentifier":"ef649da8-8b88-4c2d-8c84-521764501f7c","Name":"AssignedUsers","Value":null},{"ParentStepIdentifier":"0b6127c2-d093-42c8-a652-a14c03a11dd8","ParentWorkflowIdentifier":"ef649da8-8b88-4c2d-8c84-521764501f7c","Name":"Branches","Value":"[{\"LogicalOperator\":1,\"Conditions\":[{\"Operator\":1,\"FieldName\":\"[IAM Enrichment.JsonResult| \\\"EntityResult.bindings.role\\\"]\",\"Type\":2,\"Value\":\"owner\"},{\"Operator\":1,\"FieldName\":\"[IAM Enrichment.JsonResult| \\\"EntityResult.bindings.members\\\"]\",\"Type\":2,\"Value\":\"[Event.event_securityResult_2_about_user_emailAddresses_1]\"}],\"Order\":1,\"IsDefaultBranch\":false,\"Name\":\"1\"},{\"LogicalOperator\":0,\"Conditions\":[],\"Order\":3,\"IsDefaultBranch\":true,\"Name\":\"Branch\"},{\"LogicalOperator\":0,\"Conditions\":[{\"Operator\":0,\"FieldName\":\"[IAM Enrichment.JsonResult| \\\"EntityResult.bindings.role\\\"]\",\"Type\":2,\"Value\":\"editor\"},{\"Operator\":0,\"FieldName\":\"[IAM Enrichment.JsonResult| \\\"EntityResult.bindings.members\\\"]\",\"Type\":2,\"Value\":\"[Event.event_securityResult_2_about_user_emailAddresses_1]\"}],\"Order\":2,\"IsDefaultBranch\":false,\"Name\":\"2\"}]"},{"ParentStepIdentifier":"0b6127c2-d093-42c8-a652-a14c03a11dd8","ParentWorkflowIdentifier":"ef649da8-8b88-4c2d-8c84-521764501f7c","Name":"ErrorFallbackBranch","Value":"3"},{"ParentStepIdentifier":"0b6127c2-d093-42c8-a652-a14c03a11dd8","ParentWorkflowIdentifier":"ef649da8-8b88-4c2d-8c84-521764501f7c","Name":"MessageToAssignee","Value":null},{"ParentStepIdentifier":"0b6127c2-d093-42c8-a652-a14c03a11dd8","ParentWorkflowIdentifier":"ef649da8-8b88-4c2d-8c84-521764501f7c","Name":"PendingActionTimeout","Value":null},{"ParentStepIdentifier":"0b6127c2-d093-42c8-a652-a14c03a11dd8","ParentWorkflowIdentifier":"ef649da8-8b88-4c2d-8c84-521764501f7c","Name":"SelectedScopeName","Value":"All entities"}],"AutoSkipOnFailure":false,"IsDebugMockData":false,"StepDebugData":null},{"Identifier":"1356a587-4a20-4676-941e-a54b77de30d2","OriginalStepIdentifier":"8abc96d2-7ac9-4883-bebe-131302a0512b","ParentWorkflowIdentifier":"ef649da8-8b88-4c2d-8c84-521764501f7c","ParentStepIdentifiers":["e9ee1a57-5f4b-4c62-a993-4362b7e3c1ba"],"ParentStepIdentifier":"e9ee1a57-5f4b-4c62-a993-4362b7e3c1ba","PreviousResultCondition":"{}","InstanceName":"Update Alert Score +15","IsAutomatic":true,"Name":"Tools_Update Alert Score","IsSkippable":false,"Description":"This will update the alert score by the amount supplied in the 'Input' parameter. ","ActionProvider":"Scripts","ActionName":"Tools_Update Alert Score","Type":0,"Integration":"Tools","Parameters":[{"ParentStepIdentifier":"1356a587-4a20-4676-941e-a54b77de30d2","ParentWorkflowIdentifier":"ef649da8-8b88-4c2d-8c84-521764501f7c","Name":"AssignedUsers","Value":null},{"ParentStepIdentifier":"1356a587-4a20-4676-941e-a54b77de30d2","ParentWorkflowIdentifier":"ef649da8-8b88-4c2d-8c84-521764501f7c","Name":"AsyncActionTimeout","Value":"86400"},{"ParentStepIdentifier":"1356a587-4a20-4676-941e-a54b77de30d2","ParentWorkflowIdentifier":"ef649da8-8b88-4c2d-8c84-521764501f7c","Name":"AsyncPollingInterval","Value":"3600"},{"ParentStepIdentifier":"1356a587-4a20-4676-941e-a54b77de30d2","ParentWorkflowIdentifier":"ef649da8-8b88-4c2d-8c84-521764501f7c","Name":"FallbackIntegrationInstance","Value":null},{"ParentStepIdentifier":"1356a587-4a20-4676-941e-a54b77de30d2","ParentWorkflowIdentifier":"ef649da8-8b88-4c2d-8c84-521764501f7c","Name":"IntegrationInstance","Value":"AutomaticEnvironment"},{"ParentStepIdentifier":"1356a587-4a20-4676-941e-a54b77de30d2","ParentWorkflowIdentifier":"ef649da8-8b88-4c2d-8c84-521764501f7c","Name":"MessageToAssignee","Value":null},{"ParentStepIdentifier":"1356a587-4a20-4676-941e-a54b77de30d2","ParentWorkflowIdentifier":"ef649da8-8b88-4c2d-8c84-521764501f7c","Name":"PendingActionTimeout","Value":null},{"ParentStepIdentifier":"1356a587-4a20-4676-941e-a54b77de30d2","ParentWorkflowIdentifier":"ef649da8-8b88-4c2d-8c84-521764501f7c","Name":"ScriptName","Value":"Tools_Update Alert Score"},{"ParentStepIdentifier":"1356a587-4a20-4676-941e-a54b77de30d2","ParentWorkflowIdentifier":"ef649da8-8b88-4c2d-8c84-521764501f7c","Name":"ScriptParametersEntityFields","Value":"{\"Input\":\"+15\"}"},{"ParentStepIdentifier":"1356a587-4a20-4676-941e-a54b77de30d2","ParentWorkflowIdentifier":"ef649da8-8b88-4c2d-8c84-521764501f7c","Name":"SelectedScopeName","Value":"All entities"}],"AutoSkipOnFailure":true,"IsDebugMockData":false,"StepDebugData":null},{"Identifier":"22d6e790-8b69-4d8e-b94e-c964d640919b","OriginalStepIdentifier":"e5c80e40-fafc-45a1-94a2-39798bc41d74","ParentWorkflowIdentifier":"ef649da8-8b88-4c2d-8c84-521764501f7c","ParentStepIdentifiers":["02d5d7f1-dd69-4fbf-be07-72ae54541c5e","8235be2e-5c24-4ea0-b514-88428f0cc9f0"],"ParentStepIdentifier":"02d5d7f1-dd69-4fbf-be07-72ae54541c5e;8235be2e-5c24-4ea0-b514-88428f0cc9f0","PreviousResultCondition":"{}","InstanceName":"Update Alert Score_+10","IsAutomatic":true,"Name":"Tools_Update Alert Score","IsSkippable":false,"Description":"This will update the alert score by the amount supplied in the 'Input' parameter. ","ActionProvider":"Scripts","ActionName":"Tools_Update Alert Score","Type":0,"Integration":"Tools","Parameters":[{"ParentStepIdentifier":"22d6e790-8b69-4d8e-b94e-c964d640919b","ParentWorkflowIdentifier":"ef649da8-8b88-4c2d-8c84-521764501f7c","Name":"AssignedUsers","Value":null},{"ParentStepIdentifier":"22d6e790-8b69-4d8e-b94e-c964d640919b","ParentWorkflowIdentifier":"ef649da8-8b88-4c2d-8c84-521764501f7c","Name":"AsyncActionTimeout","Value":"86400"},{"ParentStepIdentifier":"22d6e790-8b69-4d8e-b94e-c964d640919b","ParentWorkflowIdentifier":"ef649da8-8b88-4c2d-8c84-521764501f7c","Name":"AsyncPollingInterval","Value":"3600"},{"ParentStepIdentifier":"22d6e790-8b69-4d8e-b94e-c964d640919b","ParentWorkflowIdentifier":"ef649da8-8b88-4c2d-8c84-521764501f7c","Name":"FallbackIntegrationInstance","Value":null},{"ParentStepIdentifier":"22d6e790-8b69-4d8e-b94e-c964d640919b","ParentWorkflowIdentifier":"ef649da8-8b88-4c2d-8c84-521764501f7c","Name":"IntegrationInstance","Value":"AutomaticEnvironment"},{"ParentStepIdentifier":"22d6e790-8b69-4d8e-b94e-c964d640919b","ParentWorkflowIdentifier":"ef649da8-8b88-4c2d-8c84-521764501f7c","Name":"MessageToAssignee","Value":null},{"ParentStepIdentifier":"22d6e790-8b69-4d8e-b94e-c964d640919b","ParentWorkflowIdentifier":"ef649da8-8b88-4c2d-8c84-521764501f7c","Name":"PendingActionTimeout","Value":null},{"ParentStepIdentifier":"22d6e790-8b69-4d8e-b94e-c964d640919b","ParentWorkflowIdentifier":"ef649da8-8b88-4c2d-8c84-521764501f7c","Name":"ScriptName","Value":"Tools_Update Alert Score"},{"ParentStepIdentifier":"22d6e790-8b69-4d8e-b94e-c964d640919b","ParentWorkflowIdentifier":"ef649da8-8b88-4c2d-8c84-521764501f7c","Name":"ScriptParametersEntityFields","Value":"{\"Input\":\"+10\"}"},{"ParentStepIdentifier":"22d6e790-8b69-4d8e-b94e-c964d640919b","ParentWorkflowIdentifier":"ef649da8-8b88-4c2d-8c84-521764501f7c","Name":"SelectedScopeName","Value":"All entities"}],"AutoSkipOnFailure":true,"IsDebugMockData":false,"StepDebugData":null},{"Identifier":"41e79122-a427-4c0c-94b0-40f95687182f","OriginalStepIdentifier":"cb821e76-11bd-40f3-a278-6835f5c76072","ParentWorkflowIdentifier":"ef649da8-8b88-4c2d-8c84-521764501f7c","ParentStepIdentifiers":["a1227685-18f4-4497-8b10-3756e0a4d1a8"],"ParentStepIdentifier":"a1227685-18f4-4497-8b10-3756e0a4d1a8","PreviousResultCondition":"{\"a1227685-18f4-4497-8b10-3756e0a4d1a8\":\"1\"}","InstanceName":"Event User is not owner?","IsAutomatic":true,"Name":"Condition","IsSkippable":false,"Description":"This condition determines the progress of the playbook. Conditions are built based on cases data (cases, alerts, vents, entities and environment properties) as-well as data that comes back from previous playbook steps.","ActionProvider":"Flow","ActionName":"IfFlowCondition","Type":4,"Integration":"Flow","Parameters":[{"ParentStepIdentifier":"41e79122-a427-4c0c-94b0-40f95687182f","ParentWorkflowIdentifier":"ef649da8-8b88-4c2d-8c84-521764501f7c","Name":"AssignedUsers","Value":null},{"ParentStepIdentifier":"41e79122-a427-4c0c-94b0-40f95687182f","ParentWorkflowIdentifier":"ef649da8-8b88-4c2d-8c84-521764501f7c","Name":"Branches","Value":"[{\"LogicalOperator\":1,\"Conditions\":[{\"Operator\":6,\"FieldName\":\"[GoogleSecurityCommandCenter_Enrich Assets_1.JsonResult| \\\"asset_result.asset.securityCenterProperties.resourceOwners.user\\\"]\",\"Type\":2,\"Value\":\"[Event.event_securityResult_2_about_user_emailAddresses_1]\"},{\"Operator\":6,\"FieldName\":\"[GoogleSecurityCommandCenter_Enrich Assets_1.JsonResult| \\\"asset_result.asset.securityCenterProperties.resourceOwners.serviceAccount\\\"]\",\"Type\":2,\"Value\":\"[Event.event_principal_user_emailAddresses]\"}],\"Order\":1,\"IsDefaultBranch\":false,\"Name\":\"YES\"},{\"LogicalOperator\":0,\"Conditions\":[],\"Order\":2,\"IsDefaultBranch\":true,\"Name\":\"Branch\"}]"},{"ParentStepIdentifier":"41e79122-a427-4c0c-94b0-40f95687182f","ParentWorkflowIdentifier":"ef649da8-8b88-4c2d-8c84-521764501f7c","Name":"ErrorFallbackBranch","Value":"2"},{"ParentStepIdentifier":"41e79122-a427-4c0c-94b0-40f95687182f","ParentWorkflowIdentifier":"ef649da8-8b88-4c2d-8c84-521764501f7c","Name":"MessageToAssignee","Value":null},{"ParentStepIdentifier":"41e79122-a427-4c0c-94b0-40f95687182f","ParentWorkflowIdentifier":"ef649da8-8b88-4c2d-8c84-521764501f7c","Name":"PendingActionTimeout","Value":null},{"ParentStepIdentifier":"41e79122-a427-4c0c-94b0-40f95687182f","ParentWorkflowIdentifier":"ef649da8-8b88-4c2d-8c84-521764501f7c","Name":"SelectedScopeName","Value":"All entities"}],"AutoSkipOnFailure":false,"IsDebugMockData":false,"StepDebugData":null},{"Identifier":"5235eb8d-a8dd-451d-87d6-234c1c495dd5","OriginalStepIdentifier":"829b05fa-2df7-4399-a81f-59a6135b21d5","ParentWorkflowIdentifier":"ef649da8-8b88-4c2d-8c84-521764501f7c","ParentStepIdentifiers":["0b6127c2-d093-42c8-a652-a14c03a11dd8"],"ParentStepIdentifier":"0b6127c2-d093-42c8-a652-a14c03a11dd8","PreviousResultCondition":"{\"0b6127c2-d093-42c8-a652-a14c03a11dd8\":\"3\"}","InstanceName":"Alert Score_Reson_-","IsAutomatic":true,"Name":"Tools_Set Context Value","IsSkippable":false,"Description":"The action sets a key and value in a specific context (alert or case)","ActionProvider":"Scripts","ActionName":"Tools_Set Context Value","Type":0,"Integration":"Tools","Parameters":[{"ParentStepIdentifier":"5235eb8d-a8dd-451d-87d6-234c1c495dd5","ParentWorkflowIdentifier":"ef649da8-8b88-4c2d-8c84-521764501f7c","Name":"AssignedUsers","Value":null},{"ParentStepIdentifier":"5235eb8d-a8dd-451d-87d6-234c1c495dd5","ParentWorkflowIdentifier":"ef649da8-8b88-4c2d-8c84-521764501f7c","Name":"AsyncActionTimeout","Value":"86400"},{"ParentStepIdentifier":"5235eb8d-a8dd-451d-87d6-234c1c495dd5","ParentWorkflowIdentifier":"ef649da8-8b88-4c2d-8c84-521764501f7c","Name":"AsyncPollingInterval","Value":"3600"},{"ParentStepIdentifier":"5235eb8d-a8dd-451d-87d6-234c1c495dd5","ParentWorkflowIdentifier":"ef649da8-8b88-4c2d-8c84-521764501f7c","Name":"FallbackIntegrationInstance","Value":null},{"ParentStepIdentifier":"5235eb8d-a8dd-451d-87d6-234c1c495dd5","ParentWorkflowIdentifier":"ef649da8-8b88-4c2d-8c84-521764501f7c","Name":"IntegrationInstance","Value":"AutomaticEnvironment"},{"ParentStepIdentifier":"5235eb8d-a8dd-451d-87d6-234c1c495dd5","ParentWorkflowIdentifier":"ef649da8-8b88-4c2d-8c84-521764501f7c","Name":"MessageToAssignee","Value":null},{"ParentStepIdentifier":"5235eb8d-a8dd-451d-87d6-234c1c495dd5","ParentWorkflowIdentifier":"ef649da8-8b88-4c2d-8c84-521764501f7c","Name":"PendingActionTimeout","Value":null},{"ParentStepIdentifier":"5235eb8d-a8dd-451d-87d6-234c1c495dd5","ParentWorkflowIdentifier":"ef649da8-8b88-4c2d-8c84-521764501f7c","Name":"ScriptName","Value":"Tools_Set Context Value"},{"ParentStepIdentifier":"5235eb8d-a8dd-451d-87d6-234c1c495dd5","ParentWorkflowIdentifier":"ef649da8-8b88-4c2d-8c84-521764501f7c","Name":"ScriptParametersEntityFields","Value":"{\"Value\":\"The user from the event is at most a viewer in IAM Bindings\",\"Key\":\"Reason_9\",\"Scope\":\"Alert\"}"},{"ParentStepIdentifier":"5235eb8d-a8dd-451d-87d6-234c1c495dd5","ParentWorkflowIdentifier":"ef649da8-8b88-4c2d-8c84-521764501f7c","Name":"SelectedScopeName","Value":"All entities"}],"AutoSkipOnFailure":true,"IsDebugMockData":false,"StepDebugData":null},{"Identifier":"559b222c-6462-4ff5-9b3b-b3e27b6ab5f1","OriginalStepIdentifier":"d1c761d9-bcf4-4b81-aa7b-7fd59825335b","ParentWorkflowIdentifier":"ef649da8-8b88-4c2d-8c84-521764501f7c","ParentStepIdentifiers":["b1528204-6e95-4de6-b95b-d5bfc9fe9eb0"],"ParentStepIdentifier":"b1528204-6e95-4de6-b95b-d5bfc9fe9eb0","PreviousResultCondition":"{\"b1528204-6e95-4de6-b95b-d5bfc9fe9eb0\":\"2\"}","InstanceName":"Output_3","IsAutomatic":true,"Name":"Output","IsSkippable":false,"Description":"","ActionProvider":"Flow","ActionName":"OutputAction","Type":6,"Integration":"Flow","Parameters":[{"ParentStepIdentifier":"559b222c-6462-4ff5-9b3b-b3e27b6ab5f1","ParentWorkflowIdentifier":"ef649da8-8b88-4c2d-8c84-521764501f7c","Name":"NestedWorkflowOutput","Value":null}],"AutoSkipOnFailure":false,"IsDebugMockData":false,"StepDebugData":null},{"Identifier":"5c673822-a9d0-4056-93cc-00d1dfee9f49","OriginalStepIdentifier":"9058e606-c5a9-4e4c-8077-a97368c3ec2f","ParentWorkflowIdentifier":"ef649da8-8b88-4c2d-8c84-521764501f7c","ParentStepIdentifiers":["d7d9d0a6-1a47-42b6-a4ef-055403cfb569"],"ParentStepIdentifier":"d7d9d0a6-1a47-42b6-a4ef-055403cfb569","PreviousResultCondition":"{\"d7d9d0a6-1a47-42b6-a4ef-055403cfb569\":\"1\"}","InstanceName":"GoogleSecurityCommandCenter_Enrich Assets_1","IsAutomatic":true,"Name":"GoogleSecurityCommandCenter_Enrich Assets","IsSkippable":false,"Description":"Enrich entities using information from Google Security Command Center.","ActionProvider":"Scripts","ActionName":"GoogleSecurityCommandCenter_Enrich Assets","Type":0,"Integration":"GoogleSecurityCommandCenter","Parameters":[{"ParentStepIdentifier":"5c673822-a9d0-4056-93cc-00d1dfee9f49","ParentWorkflowIdentifier":"ef649da8-8b88-4c2d-8c84-521764501f7c","Name":"AssignedUsers","Value":null},{"ParentStepIdentifier":"5c673822-a9d0-4056-93cc-00d1dfee9f49","ParentWorkflowIdentifier":"ef649da8-8b88-4c2d-8c84-521764501f7c","Name":"AsyncActionTimeout","Value":"86400"},{"ParentStepIdentifier":"5c673822-a9d0-4056-93cc-00d1dfee9f49","ParentWorkflowIdentifier":"ef649da8-8b88-4c2d-8c84-521764501f7c","Name":"AsyncPollingInterval","Value":"3600"},{"ParentStepIdentifier":"5c673822-a9d0-4056-93cc-00d1dfee9f49","ParentWorkflowIdentifier":"ef649da8-8b88-4c2d-8c84-521764501f7c","Name":"FallbackIntegrationInstance","Value":null},{"ParentStepIdentifier":"5c673822-a9d0-4056-93cc-00d1dfee9f49","ParentWorkflowIdentifier":"ef649da8-8b88-4c2d-8c84-521764501f7c","Name":"IntegrationInstance","Value":"AutomaticEnvironment"},{"ParentStepIdentifier":"5c673822-a9d0-4056-93cc-00d1dfee9f49","ParentWorkflowIdentifier":"ef649da8-8b88-4c2d-8c84-521764501f7c","Name":"MessageToAssignee","Value":null},{"ParentStepIdentifier":"5c673822-a9d0-4056-93cc-00d1dfee9f49","ParentWorkflowIdentifier":"ef649da8-8b88-4c2d-8c84-521764501f7c","Name":"PendingActionTimeout","Value":null},{"ParentStepIdentifier":"5c673822-a9d0-4056-93cc-00d1dfee9f49","ParentWorkflowIdentifier":"ef649da8-8b88-4c2d-8c84-521764501f7c","Name":"ScriptName","Value":"GoogleSecurityCommandCenter_Enrich Assets"},{"ParentStepIdentifier":"5c673822-a9d0-4056-93cc-00d1dfee9f49","ParentWorkflowIdentifier":"ef649da8-8b88-4c2d-8c84-521764501f7c","Name":"ScriptParametersEntityFields","Value":"{\"Asset Resource Names\":\"[Input.SCC resource/s]\"}"},{"ParentStepIdentifier":"5c673822-a9d0-4056-93cc-00d1dfee9f49","ParentWorkflowIdentifier":"ef649da8-8b88-4c2d-8c84-521764501f7c","Name":"SelectedScopeName","Value":"All entities"}],"AutoSkipOnFailure":true,"IsDebugMockData":false,"StepDebugData":null},{"Identifier":"67912313-2006-4a10-90f1-6d618f81baca","OriginalStepIdentifier":"1ba95c03-72f5-4270-9edd-43d488bd138f","ParentWorkflowIdentifier":"ef649da8-8b88-4c2d-8c84-521764501f7c","ParentStepIdentifiers":["fb4a07c5-2189-4c79-a54f-92094d418b90"],"ParentStepIdentifier":"fb4a07c5-2189-4c79-a54f-92094d418b90","PreviousResultCondition":"{}","InstanceName":"Has the machine been down more then a week?","IsAutomatic":true,"Name":"Condition","IsSkippable":false,"Description":"This condition determines the progress of the playbook. Conditions are built based on cases data (cases, alerts, vents, entities and environment properties) as-well as data that comes back from previous playbook steps.","ActionProvider":"Flow","ActionName":"IfFlowCondition","Type":4,"Integration":"Flow","Parameters":[{"ParentStepIdentifier":"67912313-2006-4a10-90f1-6d618f81baca","ParentWorkflowIdentifier":"ef649da8-8b88-4c2d-8c84-521764501f7c","Name":"AssignedUsers","Value":null},{"ParentStepIdentifier":"67912313-2006-4a10-90f1-6d618f81baca","ParentWorkflowIdentifier":"ef649da8-8b88-4c2d-8c84-521764501f7c","Name":"Branches","Value":"[{\"LogicalOperator\":1,\"Conditions\":[{\"Operator\":3,\"FieldName\":\"[Functions_Time Duration Calculator_1.JsonResult| \\\"days\\\"]\",\"Type\":2,\"Value\":\"6\"}],\"Order\":1,\"IsDefaultBranch\":false,\"Name\":\"YES\"},{\"LogicalOperator\":0,\"Conditions\":[],\"Order\":2,\"IsDefaultBranch\":true,\"Name\":\"Branch\"}]"},{"ParentStepIdentifier":"67912313-2006-4a10-90f1-6d618f81baca","ParentWorkflowIdentifier":"ef649da8-8b88-4c2d-8c84-521764501f7c","Name":"ErrorFallbackBranch","Value":"2"},{"ParentStepIdentifier":"67912313-2006-4a10-90f1-6d618f81baca","ParentWorkflowIdentifier":"ef649da8-8b88-4c2d-8c84-521764501f7c","Name":"MessageToAssignee","Value":null},{"ParentStepIdentifier":"67912313-2006-4a10-90f1-6d618f81baca","ParentWorkflowIdentifier":"ef649da8-8b88-4c2d-8c84-521764501f7c","Name":"PendingActionTimeout","Value":null},{"ParentStepIdentifier":"67912313-2006-4a10-90f1-6d618f81baca","ParentWorkflowIdentifier":"ef649da8-8b88-4c2d-8c84-521764501f7c","Name":"SelectedScopeName","Value":"All entities"}],"AutoSkipOnFailure":false,"IsDebugMockData":false,"StepDebugData":null},{"Identifier":"6cf0b2bf-f691-4e53-b113-ee8fe3c951e2","OriginalStepIdentifier":"c21dd15e-30fe-4081-8350-eef1379d696f","ParentWorkflowIdentifier":"ef649da8-8b88-4c2d-8c84-521764501f7c","ParentStepIdentifiers":["67912313-2006-4a10-90f1-6d618f81baca"],"ParentStepIdentifier":"67912313-2006-4a10-90f1-6d618f81baca","PreviousResultCondition":"{\"67912313-2006-4a10-90f1-6d618f81baca\":\"2\"}","InstanceName":"Output_4","IsAutomatic":true,"Name":"Output","IsSkippable":false,"Description":"","ActionProvider":"Flow","ActionName":"OutputAction","Type":6,"Integration":"Flow","Parameters":[{"ParentStepIdentifier":"6cf0b2bf-f691-4e53-b113-ee8fe3c951e2","ParentWorkflowIdentifier":"ef649da8-8b88-4c2d-8c84-521764501f7c","Name":"NestedWorkflowOutput","Value":null}],"AutoSkipOnFailure":false,"IsDebugMockData":false,"StepDebugData":null},{"Identifier":"6e164ac8-9118-4534-808e-cdeaece4cdbe","OriginalStepIdentifier":"d60d865f-8b16-4c2c-9152-352de60446fc","ParentWorkflowIdentifier":"ef649da8-8b88-4c2d-8c84-521764501f7c","ParentStepIdentifiers":["07fb95e6-b48e-43a4-ada6-bf39317982b5"],"ParentStepIdentifier":"07fb95e6-b48e-43a4-ada6-bf39317982b5","PreviousResultCondition":"{}","InstanceName":"Output_1","IsAutomatic":true,"Name":"Output","IsSkippable":false,"Description":"","ActionProvider":"Flow","ActionName":"OutputAction","Type":6,"Integration":"Flow","Parameters":[{"ParentStepIdentifier":"6e164ac8-9118-4534-808e-cdeaece4cdbe","ParentWorkflowIdentifier":"ef649da8-8b88-4c2d-8c84-521764501f7c","Name":"NestedWorkflowOutput","Value":null}],"AutoSkipOnFailure":false,"IsDebugMockData":false,"StepDebugData":null},{"Identifier":"75c9606f-b4e7-4b16-8219-514fc6159951","OriginalStepIdentifier":"1428ed46-c28f-42d7-9975-33b5e73e2ccd","ParentWorkflowIdentifier":"ef649da8-8b88-4c2d-8c84-521764501f7c","ParentStepIdentifiers":["22d6e790-8b69-4d8e-b94e-c964d640919b","e575bf57-fa79-4ba5-9351-c98901ff20af","9acbbbe3-0f53-416e-aa31-d4904a895fe7"],"ParentStepIdentifier":"22d6e790-8b69-4d8e-b94e-c964d640919b;e575bf57-fa79-4ba5-9351-c98901ff20af;9acbbbe3-0f53-416e-aa31-d4904a895fe7","PreviousResultCondition":"{\"e575bf57-fa79-4ba5-9351-c98901ff20af\":\"2\"}","InstanceName":"Is there an instance zone?","IsAutomatic":true,"Name":"Condition","IsSkippable":false,"Description":"This condition determines the progress of the playbook. Conditions are built based on cases data (cases, alerts, vents, entities and environment properties) as-well as data that comes back from previous playbook steps.","ActionProvider":"Flow","ActionName":"IfFlowCondition","Type":4,"Integration":"Flow","Parameters":[{"ParentStepIdentifier":"75c9606f-b4e7-4b16-8219-514fc6159951","ParentWorkflowIdentifier":"ef649da8-8b88-4c2d-8c84-521764501f7c","Name":"AssignedUsers","Value":null},{"ParentStepIdentifier":"75c9606f-b4e7-4b16-8219-514fc6159951","ParentWorkflowIdentifier":"ef649da8-8b88-4c2d-8c84-521764501f7c","Name":"Branches","Value":"[{\"LogicalOperator\":0,\"Conditions\":[{\"Operator\":1,\"FieldName\":\"[Event.event_securityResult_1_about_resource_name]\",\"Type\":2,\"Value\":\"zones/\"}],\"Order\":1,\"IsDefaultBranch\":false,\"Name\":\"YES\"},{\"LogicalOperator\":0,\"Conditions\":[],\"Order\":2,\"IsDefaultBranch\":true,\"Name\":\"Branch\"}]"},{"ParentStepIdentifier":"75c9606f-b4e7-4b16-8219-514fc6159951","ParentWorkflowIdentifier":"ef649da8-8b88-4c2d-8c84-521764501f7c","Name":"ErrorFallbackBranch","Value":"3"},{"ParentStepIdentifier":"75c9606f-b4e7-4b16-8219-514fc6159951","ParentWorkflowIdentifier":"ef649da8-8b88-4c2d-8c84-521764501f7c","Name":"MessageToAssignee","Value":null},{"ParentStepIdentifier":"75c9606f-b4e7-4b16-8219-514fc6159951","ParentWorkflowIdentifier":"ef649da8-8b88-4c2d-8c84-521764501f7c","Name":"PendingActionTimeout","Value":null},{"ParentStepIdentifier":"75c9606f-b4e7-4b16-8219-514fc6159951","ParentWorkflowIdentifier":"ef649da8-8b88-4c2d-8c84-521764501f7c","Name":"SelectedScopeName","Value":"All entities"}],"AutoSkipOnFailure":false,"IsDebugMockData":false,"StepDebugData":null},{"Identifier":"8117a484-19ed-4a58-a0b0-a15dfd492f3d","OriginalStepIdentifier":"3a093dfb-b3bf-41ce-ba8b-0af449355f0e","ParentWorkflowIdentifier":"ef649da8-8b88-4c2d-8c84-521764501f7c","ParentStepIdentifiers":["75c9606f-b4e7-4b16-8219-514fc6159951"],"ParentStepIdentifier":"75c9606f-b4e7-4b16-8219-514fc6159951","PreviousResultCondition":"{\"75c9606f-b4e7-4b16-8219-514fc6159951\":\"1\"}","InstanceName":"Extract instance zone","IsAutomatic":true,"Name":"Functions_String Functions","IsSkippable":false,"Description":"This action includes basic Pythonic string functions as mentioned below - \nLower - converts a string into lower case.\nUpper - converts a string into upper case.\nCount - returns the number of times a specified value occurs in a string.\nFind - searches the string for a specified value and returns the position of where it was found.\nIsAlpha - returns \"True\" if all characters in the string are in the alphabet.\nIsDigit - returns \"True\" if all characters in the string are digits.\nReplace - returns a string where a specified value is replaced with a specified value.\nStrip - returns a trimmed version of the string.\nTitle - converts the first character of each word to uppercase.\nSplit - Splits the input string into a list using Param 1 as the separator.  Defaults to comma.","ActionProvider":"Scripts","ActionName":"Functions_String Functions","Type":0,"Integration":"Functions","Parameters":[{"ParentStepIdentifier":"8117a484-19ed-4a58-a0b0-a15dfd492f3d","ParentWorkflowIdentifier":"ef649da8-8b88-4c2d-8c84-521764501f7c","Name":"AssignedUsers","Value":null},{"ParentStepIdentifier":"8117a484-19ed-4a58-a0b0-a15dfd492f3d","ParentWorkflowIdentifier":"ef649da8-8b88-4c2d-8c84-521764501f7c","Name":"AsyncActionTimeout","Value":"86400"},{"ParentStepIdentifier":"8117a484-19ed-4a58-a0b0-a15dfd492f3d","ParentWorkflowIdentifier":"ef649da8-8b88-4c2d-8c84-521764501f7c","Name":"AsyncPollingInterval","Value":"3600"},{"ParentStepIdentifier":"8117a484-19ed-4a58-a0b0-a15dfd492f3d","ParentWorkflowIdentifier":"ef649da8-8b88-4c2d-8c84-521764501f7c","Name":"FallbackIntegrationInstance","Value":null},{"ParentStepIdentifier":"8117a484-19ed-4a58-a0b0-a15dfd492f3d","ParentWorkflowIdentifier":"ef649da8-8b88-4c2d-8c84-521764501f7c","Name":"IntegrationInstance","Value":"AutomaticEnvironment"},{"ParentStepIdentifier":"8117a484-19ed-4a58-a0b0-a15dfd492f3d","ParentWorkflowIdentifier":"ef649da8-8b88-4c2d-8c84-521764501f7c","Name":"MessageToAssignee","Value":null},{"ParentStepIdentifier":"8117a484-19ed-4a58-a0b0-a15dfd492f3d","ParentWorkflowIdentifier":"ef649da8-8b88-4c2d-8c84-521764501f7c","Name":"PendingActionTimeout","Value":null},{"ParentStepIdentifier":"8117a484-19ed-4a58-a0b0-a15dfd492f3d","ParentWorkflowIdentifier":"ef649da8-8b88-4c2d-8c84-521764501f7c","Name":"ScriptName","Value":"Functions_String Functions"},{"ParentStepIdentifier":"8117a484-19ed-4a58-a0b0-a15dfd492f3d","ParentWorkflowIdentifier":"ef649da8-8b88-4c2d-8c84-521764501f7c","Name":"ScriptParametersEntityFields","Value":"{\"Param 2\":\" \",\"Param 1\":\"zones\\\\/(.*)\\\\/instances\",\"Input\":\"[Event.event_securityResult_1_about_resource_name]\",\"Function\":\"Regex\"}"},{"ParentStepIdentifier":"8117a484-19ed-4a58-a0b0-a15dfd492f3d","ParentWorkflowIdentifier":"ef649da8-8b88-4c2d-8c84-521764501f7c","Name":"SelectedScopeName","Value":"All entities"}],"AutoSkipOnFailure":false,"IsDebugMockData":false,"StepDebugData":null},{"Identifier":"8235be2e-5c24-4ea0-b514-88428f0cc9f0","OriginalStepIdentifier":"659b9950-ed4a-4a4e-ae6b-615019837021","ParentWorkflowIdentifier":"ef649da8-8b88-4c2d-8c84-521764501f7c","ParentStepIdentifiers":["0b6127c2-d093-42c8-a652-a14c03a11dd8"],"ParentStepIdentifier":"0b6127c2-d093-42c8-a652-a14c03a11dd8","PreviousResultCondition":"{\"0b6127c2-d093-42c8-a652-a14c03a11dd8\":\"2\"}","InstanceName":"Alert Score_Reason_2_1","IsAutomatic":true,"Name":"Tools_Set Context Value","IsSkippable":false,"Description":"The action sets a key and value in a specific context (alert or case)","ActionProvider":"Scripts","ActionName":"Tools_Set Context Value","Type":0,"Integration":"Tools","Parameters":[{"ParentStepIdentifier":"8235be2e-5c24-4ea0-b514-88428f0cc9f0","ParentWorkflowIdentifier":"ef649da8-8b88-4c2d-8c84-521764501f7c","Name":"AssignedUsers","Value":null},{"ParentStepIdentifier":"8235be2e-5c24-4ea0-b514-88428f0cc9f0","ParentWorkflowIdentifier":"ef649da8-8b88-4c2d-8c84-521764501f7c","Name":"AsyncActionTimeout","Value":"86400"},{"ParentStepIdentifier":"8235be2e-5c24-4ea0-b514-88428f0cc9f0","ParentWorkflowIdentifier":"ef649da8-8b88-4c2d-8c84-521764501f7c","Name":"AsyncPollingInterval","Value":"3600"},{"ParentStepIdentifier":"8235be2e-5c24-4ea0-b514-88428f0cc9f0","ParentWorkflowIdentifier":"ef649da8-8b88-4c2d-8c84-521764501f7c","Name":"FallbackIntegrationInstance","Value":null},{"ParentStepIdentifier":"8235be2e-5c24-4ea0-b514-88428f0cc9f0","ParentWorkflowIdentifier":"ef649da8-8b88-4c2d-8c84-521764501f7c","Name":"IntegrationInstance","Value":"AutomaticEnvironment"},{"ParentStepIdentifier":"8235be2e-5c24-4ea0-b514-88428f0cc9f0","ParentWorkflowIdentifier":"ef649da8-8b88-4c2d-8c84-521764501f7c","Name":"MessageToAssignee","Value":null},{"ParentStepIdentifier":"8235be2e-5c24-4ea0-b514-88428f0cc9f0","ParentWorkflowIdentifier":"ef649da8-8b88-4c2d-8c84-521764501f7c","Name":"PendingActionTimeout","Value":null},{"ParentStepIdentifier":"8235be2e-5c24-4ea0-b514-88428f0cc9f0","ParentWorkflowIdentifier":"ef649da8-8b88-4c2d-8c84-521764501f7c","Name":"ScriptName","Value":"Tools_Set Context Value"},{"ParentStepIdentifier":"8235be2e-5c24-4ea0-b514-88428f0cc9f0","ParentWorkflowIdentifier":"ef649da8-8b88-4c2d-8c84-521764501f7c","Name":"ScriptParametersEntityFields","Value":"{\"Value\":\"IAM Binding contains editor which is a user from the security event\",\"Key\":\"Reason_8\",\"Scope\":\"Alert\"}"},{"ParentStepIdentifier":"8235be2e-5c24-4ea0-b514-88428f0cc9f0","ParentWorkflowIdentifier":"ef649da8-8b88-4c2d-8c84-521764501f7c","Name":"SelectedScopeName","Value":"All entities"}],"AutoSkipOnFailure":true,"IsDebugMockData":false,"StepDebugData":null},{"Identifier":"90f6e310-0ffa-4caf-ac17-9d6a26578c7f","OriginalStepIdentifier":"4cab206c-a7f9-4b78-93b3-79e702902ac1","ParentWorkflowIdentifier":"ef649da8-8b88-4c2d-8c84-521764501f7c","ParentStepIdentifiers":["67912313-2006-4a10-90f1-6d618f81baca"],"ParentStepIdentifier":"67912313-2006-4a10-90f1-6d618f81baca","PreviousResultCondition":"{\"67912313-2006-4a10-90f1-6d618f81baca\":\"1\"}","InstanceName":"Alert Score Reason_3","IsAutomatic":true,"Name":"Tools_Set Context Value","IsSkippable":false,"Description":"The action sets a key and value in a specific context (alert or case)","ActionProvider":"Scripts","ActionName":"Tools_Set Context Value","Type":0,"Integration":"Tools","Parameters":[{"ParentStepIdentifier":"90f6e310-0ffa-4caf-ac17-9d6a26578c7f","ParentWorkflowIdentifier":"ef649da8-8b88-4c2d-8c84-521764501f7c","Name":"AssignedUsers","Value":null},{"ParentStepIdentifier":"90f6e310-0ffa-4caf-ac17-9d6a26578c7f","ParentWorkflowIdentifier":"ef649da8-8b88-4c2d-8c84-521764501f7c","Name":"AsyncActionTimeout","Value":"86400"},{"ParentStepIdentifier":"90f6e310-0ffa-4caf-ac17-9d6a26578c7f","ParentWorkflowIdentifier":"ef649da8-8b88-4c2d-8c84-521764501f7c","Name":"AsyncPollingInterval","Value":"3600"},{"ParentStepIdentifier":"90f6e310-0ffa-4caf-ac17-9d6a26578c7f","ParentWorkflowIdentifier":"ef649da8-8b88-4c2d-8c84-521764501f7c","Name":"FallbackIntegrationInstance","Value":null},{"ParentStepIdentifier":"90f6e310-0ffa-4caf-ac17-9d6a26578c7f","ParentWorkflowIdentifier":"ef649da8-8b88-4c2d-8c84-521764501f7c","Name":"IntegrationInstance","Value":"AutomaticEnvironment"},{"ParentStepIdentifier":"90f6e310-0ffa-4caf-ac17-9d6a26578c7f","ParentWorkflowIdentifier":"ef649da8-8b88-4c2d-8c84-521764501f7c","Name":"MessageToAssignee","Value":null},{"ParentStepIdentifier":"90f6e310-0ffa-4caf-ac17-9d6a26578c7f","ParentWorkflowIdentifier":"ef649da8-8b88-4c2d-8c84-521764501f7c","Name":"PendingActionTimeout","Value":null},{"ParentStepIdentifier":"90f6e310-0ffa-4caf-ac17-9d6a26578c7f","ParentWorkflowIdentifier":"ef649da8-8b88-4c2d-8c84-521764501f7c","Name":"ScriptName","Value":"Tools_Set Context Value"},{"ParentStepIdentifier":"90f6e310-0ffa-4caf-ac17-9d6a26578c7f","ParentWorkflowIdentifier":"ef649da8-8b88-4c2d-8c84-521764501f7c","Name":"ScriptParametersEntityFields","Value":"{\"Value\":\"The machine has been down for at least a week\",\"Key\":\"Reason_10\",\"Scope\":\"Alert\"}"},{"ParentStepIdentifier":"90f6e310-0ffa-4caf-ac17-9d6a26578c7f","ParentWorkflowIdentifier":"ef649da8-8b88-4c2d-8c84-521764501f7c","Name":"SelectedScopeName","Value":"All entities"}],"AutoSkipOnFailure":true,"IsDebugMockData":false,"StepDebugData":null},{"Identifier":"9acbbbe3-0f53-416e-aa31-d4904a895fe7","OriginalStepIdentifier":"ff944dc6-4275-4aa3-a5d7-4cf694446d52","ParentWorkflowIdentifier":"ef649da8-8b88-4c2d-8c84-521764501f7c","ParentStepIdentifiers":["5235eb8d-a8dd-451d-87d6-234c1c495dd5"],"ParentStepIdentifier":"5235eb8d-a8dd-451d-87d6-234c1c495dd5","PreviousResultCondition":"{}","InstanceName":"Tools_Update Alert Score_-5","IsAutomatic":true,"Name":"Tools_Update Alert Score","IsSkippable":false,"Description":"This will update the alert score by the amount supplied in the 'Input' parameter. ","ActionProvider":"Scripts","ActionName":"Tools_Update Alert Score","Type":0,"Integration":"Tools","Parameters":[{"ParentStepIdentifier":"9acbbbe3-0f53-416e-aa31-d4904a895fe7","ParentWorkflowIdentifier":"ef649da8-8b88-4c2d-8c84-521764501f7c","Name":"AssignedUsers","Value":null},{"ParentStepIdentifier":"9acbbbe3-0f53-416e-aa31-d4904a895fe7","ParentWorkflowIdentifier":"ef649da8-8b88-4c2d-8c84-521764501f7c","Name":"AsyncActionTimeout","Value":"86400"},{"ParentStepIdentifier":"9acbbbe3-0f53-416e-aa31-d4904a895fe7","ParentWorkflowIdentifier":"ef649da8-8b88-4c2d-8c84-521764501f7c","Name":"AsyncPollingInterval","Value":"3600"},{"ParentStepIdentifier":"9acbbbe3-0f53-416e-aa31-d4904a895fe7","ParentWorkflowIdentifier":"ef649da8-8b88-4c2d-8c84-521764501f7c","Name":"FallbackIntegrationInstance","Value":null},{"ParentStepIdentifier":"9acbbbe3-0f53-416e-aa31-d4904a895fe7","ParentWorkflowIdentifier":"ef649da8-8b88-4c2d-8c84-521764501f7c","Name":"IntegrationInstance","Value":"AutomaticEnvironment"},{"ParentStepIdentifier":"9acbbbe3-0f53-416e-aa31-d4904a895fe7","ParentWorkflowIdentifier":"ef649da8-8b88-4c2d-8c84-521764501f7c","Name":"MessageToAssignee","Value":null},{"ParentStepIdentifier":"9acbbbe3-0f53-416e-aa31-d4904a895fe7","ParentWorkflowIdentifier":"ef649da8-8b88-4c2d-8c84-521764501f7c","Name":"PendingActionTimeout","Value":null},{"ParentStepIdentifier":"9acbbbe3-0f53-416e-aa31-d4904a895fe7","ParentWorkflowIdentifier":"ef649da8-8b88-4c2d-8c84-521764501f7c","Name":"ScriptName","Value":"Tools_Update Alert Score"},{"ParentStepIdentifier":"9acbbbe3-0f53-416e-aa31-d4904a895fe7","ParentWorkflowIdentifier":"ef649da8-8b88-4c2d-8c84-521764501f7c","Name":"ScriptParametersEntityFields","Value":"{\"Input\":\"-5\"}"},{"ParentStepIdentifier":"9acbbbe3-0f53-416e-aa31-d4904a895fe7","ParentWorkflowIdentifier":"ef649da8-8b88-4c2d-8c84-521764501f7c","Name":"SelectedScopeName","Value":"All entities"}],"AutoSkipOnFailure":true,"IsDebugMockData":false,"StepDebugData":null},{"Identifier":"a1227685-18f4-4497-8b10-3756e0a4d1a8","OriginalStepIdentifier":"2ecafa6e-3eb0-4e28-a66c-b4b1006f7d16","ParentWorkflowIdentifier":"ef649da8-8b88-4c2d-8c84-521764501f7c","ParentStepIdentifiers":["5c673822-a9d0-4056-93cc-00d1dfee9f49"],"ParentStepIdentifier":"5c673822-a9d0-4056-93cc-00d1dfee9f49","PreviousResultCondition":"{}","InstanceName":"Any SCC enrichments?","IsAutomatic":true,"Name":"Condition","IsSkippable":false,"Description":"This condition determines the progress of the playbook. Conditions are built based on cases data (cases, alerts, vents, entities and environment properties) as-well as data that comes back from previous playbook steps.","ActionProvider":"Flow","ActionName":"IfFlowCondition","Type":4,"Integration":"Flow","Parameters":[{"ParentStepIdentifier":"a1227685-18f4-4497-8b10-3756e0a4d1a8","ParentWorkflowIdentifier":"ef649da8-8b88-4c2d-8c84-521764501f7c","Name":"AssignedUsers","Value":null},{"ParentStepIdentifier":"a1227685-18f4-4497-8b10-3756e0a4d1a8","ParentWorkflowIdentifier":"ef649da8-8b88-4c2d-8c84-521764501f7c","Name":"Branches","Value":"[{\"LogicalOperator\":0,\"Conditions\":[{\"Operator\":0,\"FieldName\":\"[GoogleSecurityCommandCenter_Enrich Assets_1.is_success]\",\"Type\":2,\"Value\":\"true\"}],\"Order\":1,\"IsDefaultBranch\":false,\"Name\":\"Branch\"},{\"LogicalOperator\":0,\"Conditions\":[],\"Order\":2,\"IsDefaultBranch\":true,\"Name\":\"Branch\"}]"},{"ParentStepIdentifier":"a1227685-18f4-4497-8b10-3756e0a4d1a8","ParentWorkflowIdentifier":"ef649da8-8b88-4c2d-8c84-521764501f7c","Name":"ErrorFallbackBranch","Value":"2"},{"ParentStepIdentifier":"a1227685-18f4-4497-8b10-3756e0a4d1a8","ParentWorkflowIdentifier":"ef649da8-8b88-4c2d-8c84-521764501f7c","Name":"MessageToAssignee","Value":null},{"ParentStepIdentifier":"a1227685-18f4-4497-8b10-3756e0a4d1a8","ParentWorkflowIdentifier":"ef649da8-8b88-4c2d-8c84-521764501f7c","Name":"PendingActionTimeout","Value":null},{"ParentStepIdentifier":"a1227685-18f4-4497-8b10-3756e0a4d1a8","ParentWorkflowIdentifier":"ef649da8-8b88-4c2d-8c84-521764501f7c","Name":"SelectedScopeName","Value":"All entities"}],"AutoSkipOnFailure":false,"IsDebugMockData":false,"StepDebugData":null},{"Identifier":"b1528204-6e95-4de6-b95b-d5bfc9fe9eb0","OriginalStepIdentifier":"7e862532-ea74-4b40-a474-7857952dd2bc","ParentWorkflowIdentifier":"ef649da8-8b88-4c2d-8c84-521764501f7c","ParentStepIdentifiers":["e3615012-3856-4c7b-a653-928754f5b6fb"],"ParentStepIdentifier":"e3615012-3856-4c7b-a653-928754f5b6fb","PreviousResultCondition":"{}","InstanceName":"Any compute enrichment?","IsAutomatic":true,"Name":"Condition","IsSkippable":false,"Description":"This condition determines the progress of the playbook. Conditions are built based on cases data (cases, alerts, vents, entities and environment properties) as-well as data that comes back from previous playbook steps.","ActionProvider":"Flow","ActionName":"IfFlowCondition","Type":4,"Integration":"Flow","Parameters":[{"ParentStepIdentifier":"b1528204-6e95-4de6-b95b-d5bfc9fe9eb0","ParentWorkflowIdentifier":"ef649da8-8b88-4c2d-8c84-521764501f7c","Name":"AssignedUsers","Value":null},{"ParentStepIdentifier":"b1528204-6e95-4de6-b95b-d5bfc9fe9eb0","ParentWorkflowIdentifier":"ef649da8-8b88-4c2d-8c84-521764501f7c","Name":"Branches","Value":"[{\"LogicalOperator\":1,\"Conditions\":[{\"Operator\":0,\"FieldName\":\"[Compute Enrichment.is_success]\",\"Type\":2,\"Value\":\"true\"}],\"Order\":1,\"IsDefaultBranch\":false,\"Name\":\"Enriched\"},{\"LogicalOperator\":0,\"Conditions\":[],\"Order\":2,\"IsDefaultBranch\":true,\"Name\":\"Branch\"}]"},{"ParentStepIdentifier":"b1528204-6e95-4de6-b95b-d5bfc9fe9eb0","ParentWorkflowIdentifier":"ef649da8-8b88-4c2d-8c84-521764501f7c","Name":"ErrorFallbackBranch","Value":null},{"ParentStepIdentifier":"b1528204-6e95-4de6-b95b-d5bfc9fe9eb0","ParentWorkflowIdentifier":"ef649da8-8b88-4c2d-8c84-521764501f7c","Name":"MessageToAssignee","Value":null},{"ParentStepIdentifier":"b1528204-6e95-4de6-b95b-d5bfc9fe9eb0","ParentWorkflowIdentifier":"ef649da8-8b88-4c2d-8c84-521764501f7c","Name":"PendingActionTimeout","Value":null},{"ParentStepIdentifier":"b1528204-6e95-4de6-b95b-d5bfc9fe9eb0","ParentWorkflowIdentifier":"ef649da8-8b88-4c2d-8c84-521764501f7c","Name":"SelectedScopeName","Value":"All entities"}],"AutoSkipOnFailure":false,"IsDebugMockData":false,"StepDebugData":null},{"Identifier":"b7f30ef3-8d5e-4ef9-9f8f-a3685ec37c84","OriginalStepIdentifier":"7662a999-a597-4243-959b-53d2f517fe60","ParentWorkflowIdentifier":"ef649da8-8b88-4c2d-8c84-521764501f7c","ParentStepIdentifiers":["75c9606f-b4e7-4b16-8219-514fc6159951"],"ParentStepIdentifier":"75c9606f-b4e7-4b16-8219-514fc6159951","PreviousResultCondition":"{\"75c9606f-b4e7-4b16-8219-514fc6159951\":\"2\"}","InstanceName":"Output_2","IsAutomatic":true,"Name":"Output","IsSkippable":false,"Description":"","ActionProvider":"Flow","ActionName":"OutputAction","Type":6,"Integration":"Flow","Parameters":[{"ParentStepIdentifier":"b7f30ef3-8d5e-4ef9-9f8f-a3685ec37c84","ParentWorkflowIdentifier":"ef649da8-8b88-4c2d-8c84-521764501f7c","Name":"NestedWorkflowOutput","Value":null}],"AutoSkipOnFailure":false,"IsDebugMockData":false,"StepDebugData":null},{"Identifier":"d7d9d0a6-1a47-42b6-a4ef-055403cfb569","OriginalStepIdentifier":"1a36503f-746c-4be8-a043-fd1f958253a3","ParentWorkflowIdentifier":"ef649da8-8b88-4c2d-8c84-521764501f7c","ParentStepIdentifiers":[],"ParentStepIdentifier":"","PreviousResultCondition":"{}","InstanceName":"Is there an SCC resource to check?","IsAutomatic":true,"Name":"Condition","IsSkippable":false,"Description":"This condition determines the progress of the playbook. Conditions are built based on cases data (cases, alerts, vents, entities and environment properties) as-well as data that comes back from previous playbook steps.","ActionProvider":"Flow","ActionName":"IfFlowCondition","Type":4,"Integration":"Flow","Parameters":[{"ParentStepIdentifier":"d7d9d0a6-1a47-42b6-a4ef-055403cfb569","ParentWorkflowIdentifier":"ef649da8-8b88-4c2d-8c84-521764501f7c","Name":"AssignedUsers","Value":null},{"ParentStepIdentifier":"d7d9d0a6-1a47-42b6-a4ef-055403cfb569","ParentWorkflowIdentifier":"ef649da8-8b88-4c2d-8c84-521764501f7c","Name":"Branches","Value":"[{\"LogicalOperator\":0,\"Conditions\":[{\"Operator\":6,\"FieldName\":\"[Input.SCC resource/s]\",\"Type\":2,\"Value\":\"[\"},{\"Operator\":8,\"FieldName\":\"[Input.SCC resource/s]\",\"Type\":2,\"Value\":\"\"}],\"Order\":1,\"IsDefaultBranch\":false,\"Name\":\"YES\"},{\"LogicalOperator\":0,\"Conditions\":[],\"Order\":2,\"IsDefaultBranch\":true,\"Name\":\"Branch\"}]"},{"ParentStepIdentifier":"d7d9d0a6-1a47-42b6-a4ef-055403cfb569","ParentWorkflowIdentifier":"ef649da8-8b88-4c2d-8c84-521764501f7c","Name":"ErrorFallbackBranch","Value":"2"},{"ParentStepIdentifier":"d7d9d0a6-1a47-42b6-a4ef-055403cfb569","ParentWorkflowIdentifier":"ef649da8-8b88-4c2d-8c84-521764501f7c","Name":"MessageToAssignee","Value":null},{"ParentStepIdentifier":"d7d9d0a6-1a47-42b6-a4ef-055403cfb569","ParentWorkflowIdentifier":"ef649da8-8b88-4c2d-8c84-521764501f7c","Name":"PendingActionTimeout","Value":null},{"ParentStepIdentifier":"d7d9d0a6-1a47-42b6-a4ef-055403cfb569","ParentWorkflowIdentifier":"ef649da8-8b88-4c2d-8c84-521764501f7c","Name":"SelectedScopeName","Value":"All entities"}],"AutoSkipOnFailure":false,"IsDebugMockData":false,"StepDebugData":null},{"Identifier":"e3615012-3856-4c7b-a653-928754f5b6fb","OriginalStepIdentifier":"2d0669b1-bb25-494a-8c7b-aba9f33d9c97","ParentWorkflowIdentifier":"ef649da8-8b88-4c2d-8c84-521764501f7c","ParentStepIdentifiers":["8117a484-19ed-4a58-a0b0-a15dfd492f3d"],"ParentStepIdentifier":"8117a484-19ed-4a58-a0b0-a15dfd492f3d","PreviousResultCondition":"{}","InstanceName":"Compute Enrichment","IsAutomatic":true,"Name":"GoogleCloudCompute_Enrich Entities","IsSkippable":false,"Description":"Enrich assets in Compute by instance zone","ActionProvider":"Scripts","ActionName":"GoogleCloudCompute_Enrich Entities","Type":0,"Integration":"GoogleCloudCompute","Parameters":[{"ParentStepIdentifier":"e3615012-3856-4c7b-a653-928754f5b6fb","ParentWorkflowIdentifier":"ef649da8-8b88-4c2d-8c84-521764501f7c","Name":"AssignedUsers","Value":null},{"ParentStepIdentifier":"e3615012-3856-4c7b-a653-928754f5b6fb","ParentWorkflowIdentifier":"ef649da8-8b88-4c2d-8c84-521764501f7c","Name":"AsyncActionTimeout","Value":"86400"},{"ParentStepIdentifier":"e3615012-3856-4c7b-a653-928754f5b6fb","ParentWorkflowIdentifier":"ef649da8-8b88-4c2d-8c84-521764501f7c","Name":"AsyncPollingInterval","Value":"3600"},{"ParentStepIdentifier":"e3615012-3856-4c7b-a653-928754f5b6fb","ParentWorkflowIdentifier":"ef649da8-8b88-4c2d-8c84-521764501f7c","Name":"FallbackIntegrationInstance","Value":null},{"ParentStepIdentifier":"e3615012-3856-4c7b-a653-928754f5b6fb","ParentWorkflowIdentifier":"ef649da8-8b88-4c2d-8c84-521764501f7c","Name":"IntegrationInstance","Value":"AutomaticEnvironment"},{"ParentStepIdentifier":"e3615012-3856-4c7b-a653-928754f5b6fb","ParentWorkflowIdentifier":"ef649da8-8b88-4c2d-8c84-521764501f7c","Name":"MessageToAssignee","Value":null},{"ParentStepIdentifier":"e3615012-3856-4c7b-a653-928754f5b6fb","ParentWorkflowIdentifier":"ef649da8-8b88-4c2d-8c84-521764501f7c","Name":"PendingActionTimeout","Value":null},{"ParentStepIdentifier":"e3615012-3856-4c7b-a653-928754f5b6fb","ParentWorkflowIdentifier":"ef649da8-8b88-4c2d-8c84-521764501f7c","Name":"ScriptName","Value":"GoogleCloudCompute_Enrich Entities"},{"ParentStepIdentifier":"e3615012-3856-4c7b-a653-928754f5b6fb","ParentWorkflowIdentifier":"ef649da8-8b88-4c2d-8c84-521764501f7c","Name":"ScriptParametersEntityFields","Value":"{\"Instance Zone\":\"[Extract instance zone.ScriptResult]\"}"},{"ParentStepIdentifier":"e3615012-3856-4c7b-a653-928754f5b6fb","ParentWorkflowIdentifier":"ef649da8-8b88-4c2d-8c84-521764501f7c","Name":"SelectedScopeName","Value":"All entities"}],"AutoSkipOnFailure":true,"IsDebugMockData":false,"StepDebugData":null},{"Identifier":"e575bf57-fa79-4ba5-9351-c98901ff20af","OriginalStepIdentifier":"42a34807-6c81-4fb0-833a-57671aec8f7a","ParentWorkflowIdentifier":"ef649da8-8b88-4c2d-8c84-521764501f7c","ParentStepIdentifiers":["084612c7-7945-4df4-9530-c3e0cd3b86d7"],"ParentStepIdentifier":"084612c7-7945-4df4-9530-c3e0cd3b86d7","PreviousResultCondition":"{}","InstanceName":"Any IAM enrichments?","IsAutomatic":true,"Name":"Condition","IsSkippable":false,"Description":"This condition determines the progress of the playbook. Conditions are built based on cases data (cases, alerts, vents, entities and environment properties) as-well as data that comes back from previous playbook steps.","ActionProvider":"Flow","ActionName":"IfFlowCondition","Type":4,"Integration":"Flow","Parameters":[{"ParentStepIdentifier":"e575bf57-fa79-4ba5-9351-c98901ff20af","ParentWorkflowIdentifier":"ef649da8-8b88-4c2d-8c84-521764501f7c","Name":"AssignedUsers","Value":null},{"ParentStepIdentifier":"e575bf57-fa79-4ba5-9351-c98901ff20af","ParentWorkflowIdentifier":"ef649da8-8b88-4c2d-8c84-521764501f7c","Name":"Branches","Value":"[{\"LogicalOperator\":0,\"Conditions\":[{\"Operator\":0,\"FieldName\":\"[IAM Enrichment.is_success]\",\"Type\":2,\"Value\":\"true\"}],\"Order\":1,\"IsDefaultBranch\":false,\"Name\":\"Branch\"},{\"LogicalOperator\":0,\"Conditions\":[],\"Order\":2,\"IsDefaultBranch\":true,\"Name\":\"Branch\"}]"},{"ParentStepIdentifier":"e575bf57-fa79-4ba5-9351-c98901ff20af","ParentWorkflowIdentifier":"ef649da8-8b88-4c2d-8c84-521764501f7c","Name":"ErrorFallbackBranch","Value":"2"},{"ParentStepIdentifier":"e575bf57-fa79-4ba5-9351-c98901ff20af","ParentWorkflowIdentifier":"ef649da8-8b88-4c2d-8c84-521764501f7c","Name":"MessageToAssignee","Value":null},{"ParentStepIdentifier":"e575bf57-fa79-4ba5-9351-c98901ff20af","ParentWorkflowIdentifier":"ef649da8-8b88-4c2d-8c84-521764501f7c","Name":"PendingActionTimeout","Value":null},{"ParentStepIdentifier":"e575bf57-fa79-4ba5-9351-c98901ff20af","ParentWorkflowIdentifier":"ef649da8-8b88-4c2d-8c84-521764501f7c","Name":"SelectedScopeName","Value":"All entities"}],"AutoSkipOnFailure":false,"IsDebugMockData":false,"StepDebugData":null},{"Identifier":"e9ee1a57-5f4b-4c62-a993-4362b7e3c1ba","OriginalStepIdentifier":"fc8b089f-4fde-419b-91de-dd43f111ced2","ParentWorkflowIdentifier":"ef649da8-8b88-4c2d-8c84-521764501f7c","ParentStepIdentifiers":["41e79122-a427-4c0c-94b0-40f95687182f"],"ParentStepIdentifier":"41e79122-a427-4c0c-94b0-40f95687182f","PreviousResultCondition":"{\"41e79122-a427-4c0c-94b0-40f95687182f\":\"1\"}","InstanceName":"Alert Score reason_1","IsAutomatic":true,"Name":"Tools_Set Context Value","IsSkippable":false,"Description":"The action sets a key and value in a specific context (alert or case)","ActionProvider":"Scripts","ActionName":"Tools_Set Context Value","Type":0,"Integration":"Tools","Parameters":[{"ParentStepIdentifier":"e9ee1a57-5f4b-4c62-a993-4362b7e3c1ba","ParentWorkflowIdentifier":"ef649da8-8b88-4c2d-8c84-521764501f7c","Name":"AssignedUsers","Value":null},{"ParentStepIdentifier":"e9ee1a57-5f4b-4c62-a993-4362b7e3c1ba","ParentWorkflowIdentifier":"ef649da8-8b88-4c2d-8c84-521764501f7c","Name":"AsyncActionTimeout","Value":"86400"},{"ParentStepIdentifier":"e9ee1a57-5f4b-4c62-a993-4362b7e3c1ba","ParentWorkflowIdentifier":"ef649da8-8b88-4c2d-8c84-521764501f7c","Name":"AsyncPollingInterval","Value":"3600"},{"ParentStepIdentifier":"e9ee1a57-5f4b-4c62-a993-4362b7e3c1ba","ParentWorkflowIdentifier":"ef649da8-8b88-4c2d-8c84-521764501f7c","Name":"FallbackIntegrationInstance","Value":null},{"ParentStepIdentifier":"e9ee1a57-5f4b-4c62-a993-4362b7e3c1ba","ParentWorkflowIdentifier":"ef649da8-8b88-4c2d-8c84-521764501f7c","Name":"IntegrationInstance","Value":"AutomaticEnvironment"},{"ParentStepIdentifier":"e9ee1a57-5f4b-4c62-a993-4362b7e3c1ba","ParentWorkflowIdentifier":"ef649da8-8b88-4c2d-8c84-521764501f7c","Name":"MessageToAssignee","Value":null},{"ParentStepIdentifier":"e9ee1a57-5f4b-4c62-a993-4362b7e3c1ba","ParentWorkflowIdentifier":"ef649da8-8b88-4c2d-8c84-521764501f7c","Name":"PendingActionTimeout","Value":null},{"ParentStepIdentifier":"e9ee1a57-5f4b-4c62-a993-4362b7e3c1ba","ParentWorkflowIdentifier":"ef649da8-8b88-4c2d-8c84-521764501f7c","Name":"ScriptName","Value":"Tools_Set Context Value"},{"ParentStepIdentifier":"e9ee1a57-5f4b-4c62-a993-4362b7e3c1ba","ParentWorkflowIdentifier":"ef649da8-8b88-4c2d-8c84-521764501f7c","Name":"ScriptParametersEntityFields","Value":"{\"Value\":\"Event user is not an owner of the asset\",\"Key\":\"Reason_6\",\"Scope\":\"Alert\"}"},{"ParentStepIdentifier":"e9ee1a57-5f4b-4c62-a993-4362b7e3c1ba","ParentWorkflowIdentifier":"ef649da8-8b88-4c2d-8c84-521764501f7c","Name":"SelectedScopeName","Value":"All entities"}],"AutoSkipOnFailure":true,"IsDebugMockData":false,"StepDebugData":null},{"Identifier":"fb4a07c5-2189-4c79-a54f-92094d418b90","OriginalStepIdentifier":"555a0be4-7141-4496-b6e3-49e7b3ec62d5","ParentWorkflowIdentifier":"ef649da8-8b88-4c2d-8c84-521764501f7c","ParentStepIdentifiers":["b1528204-6e95-4de6-b95b-d5bfc9fe9eb0"],"ParentStepIdentifier":"b1528204-6e95-4de6-b95b-d5bfc9fe9eb0","PreviousResultCondition":"{\"b1528204-6e95-4de6-b95b-d5bfc9fe9eb0\":\"1\"}","InstanceName":"Functions_Time Duration Calculator_1","IsAutomatic":true,"Name":"Functions_Time Duration Calculator","IsSkippable":false,"Description":"The Time Duration Calculator will calculate the time that has elapsed/difference between two dates with time.","ActionProvider":"Scripts","ActionName":"Functions_Time Duration Calculator","Type":0,"Integration":"Functions","Parameters":[{"ParentStepIdentifier":"fb4a07c5-2189-4c79-a54f-92094d418b90","ParentWorkflowIdentifier":"ef649da8-8b88-4c2d-8c84-521764501f7c","Name":"AssignedUsers","Value":null},{"ParentStepIdentifier":"fb4a07c5-2189-4c79-a54f-92094d418b90","ParentWorkflowIdentifier":"ef649da8-8b88-4c2d-8c84-521764501f7c","Name":"AsyncActionTimeout","Value":"86400"},{"ParentStepIdentifier":"fb4a07c5-2189-4c79-a54f-92094d418b90","ParentWorkflowIdentifier":"ef649da8-8b88-4c2d-8c84-521764501f7c","Name":"AsyncPollingInterval","Value":"3600"},{"ParentStepIdentifier":"fb4a07c5-2189-4c79-a54f-92094d418b90","ParentWorkflowIdentifier":"ef649da8-8b88-4c2d-8c84-521764501f7c","Name":"FallbackIntegrationInstance","Value":null},{"ParentStepIdentifier":"fb4a07c5-2189-4c79-a54f-92094d418b90","ParentWorkflowIdentifier":"ef649da8-8b88-4c2d-8c84-521764501f7c","Name":"IntegrationInstance","Value":"AutomaticEnvironment"},{"ParentStepIdentifier":"fb4a07c5-2189-4c79-a54f-92094d418b90","ParentWorkflowIdentifier":"ef649da8-8b88-4c2d-8c84-521764501f7c","Name":"MessageToAssignee","Value":null},{"ParentStepIdentifier":"fb4a07c5-2189-4c79-a54f-92094d418b90","ParentWorkflowIdentifier":"ef649da8-8b88-4c2d-8c84-521764501f7c","Name":"PendingActionTimeout","Value":null},{"ParentStepIdentifier":"fb4a07c5-2189-4c79-a54f-92094d418b90","ParentWorkflowIdentifier":"ef649da8-8b88-4c2d-8c84-521764501f7c","Name":"ScriptName","Value":"Functions_Time Duration Calculator"},{"ParentStepIdentifier":"fb4a07c5-2189-4c79-a54f-92094d418b90","ParentWorkflowIdentifier":"ef649da8-8b88-4c2d-8c84-521764501f7c","Name":"ScriptParametersEntityFields","Value":"{\"Input DateTime 1\":\"[Compute Enrichment.JsonResult| \\\"EntityResult.lastStopTimestamp\\\"]\",\"Input DateTime 1 Format\":\"%m/%d/%Y %H:%M:%S\",\"Input DateTime 2\":\"[Compute Enrichment.JsonResult| \\\"EntityResult.lastStartTimestamp\\\"]\",\"Input DateTime 2 Format\":\"%m/%d/%Y %H:%M:%S\"}"},{"ParentStepIdentifier":"fb4a07c5-2189-4c79-a54f-92094d418b90","ParentWorkflowIdentifier":"ef649da8-8b88-4c2d-8c84-521764501f7c","Name":"SelectedScopeName","Value":"All entities"}],"AutoSkipOnFailure":true,"IsDebugMockData":false,"StepDebugData":null}],"Triggers":[{"Identifier":"63c3667b-aa71-476f-89db-b601a75414f6","IsEnabled":true,"DefinitionIdentifier":"ef649da8-8b88-4c2d-8c84-521764501f7c","Type":11,"WorkflowName":null,"LogicalOperator":0,"Conditions":[{"FieldName":"SCC resource/s","Value":"","MatchType":0}],"Environments":["*"]}],"Environments":["*"]}}