{"CategoryName":"Siemplify Use Cases","OverviewTemplatesDetails":[],"WidgetTemplates":null,"Definition":{"Identifier":"6fefedc2-6f84-453f-89c3-d9dee7b531c8","IsEnable":true,"Version":0.0,"IsArchived":false,"IsAutomatic":true,"Name":"Entity Creation Block - Similar Alerts","Category":2,"Description":"Create and add to case new entities according to input data","Priority":2,"Creator":"3b2f0bdd-a85e-4221-9d95-89477d2f048b","VersionCreator":null,"VersionComment":null,"OriginalWorkflowIdentifier":"6fefedc2-6f84-453f-89c3-d9dee7b531c8","TemplateName":null,"PlaybookType":1,"IsDebugMode":false,"DebugBaseAlertIdentifier":null,"DebugAlertIdentifier":null,"SimulationClone":false,"Steps":[{"Identifier":"04117b0d-9424-4f71-ba47-a505041b0b53","OriginalStepIdentifier":"f92df8cd-0091-496d-9107-aa44b26a9423","ParentWorkflowIdentifier":"6fefedc2-6f84-453f-89c3-d9dee7b531c8","ParentStepIdentifiers":["c438c979-3868-4485-a062-bccb020be200","91511319-8b35-447a-9b9e-9a19ab0a43fd"],"ParentStepIdentifier":"c438c979-3868-4485-a062-bccb020be200;91511319-8b35-447a-9b9e-9a19ab0a43fd","PreviousResultCondition":"{\"91511319-8b35-447a-9b9e-9a19ab0a43fd\":\"2\"}","InstanceName":"Are there any Subjects List in the case? ","IsAutomatic":true,"Name":"Condition","IsSkippable":false,"Description":"This condition determines the progress of the playbook. Conditions are built based on cases data (cases, alerts, vents, entities and environment properties) as-well as data that comes back from previous playbook steps.","ActionProvider":"Flow","ActionName":"IfFlowCondition","Type":4,"Integration":"Flow","Parameters":[{"ParentStepIdentifier":"04117b0d-9424-4f71-ba47-a505041b0b53","ParentWorkflowIdentifier":"6fefedc2-6f84-453f-89c3-d9dee7b531c8","Name":"AssignedUsers","Value":null},{"ParentStepIdentifier":"04117b0d-9424-4f71-ba47-a505041b0b53","ParentWorkflowIdentifier":"6fefedc2-6f84-453f-89c3-d9dee7b531c8","Name":"Branches","Value":"[{\"LogicalOperator\":0,\"Conditions\":[{\"Operator\":6,\"FieldName\":\"[Input.email_subjects_list]\",\"Type\":2,\"Value\":\"GoogleChronicle_Lookup Similar Alerts\"},{\"Operator\":6,\"FieldName\":\"[Input.email_subjects_list]\",\"Type\":2,\"Value\":\"[\"},{\"Operator\":6,\"FieldName\":\"[Input.email_subjects_list]\",\"Type\":2,\"Value\":\"\\\"\"}],\"Order\":1,\"IsDefaultBranch\":false,\"Name\":\"Branch\"},{\"LogicalOperator\":0,\"Conditions\":[],\"Order\":2,\"IsDefaultBranch\":true,\"Name\":\"Branch\"}]"},{"ParentStepIdentifier":"04117b0d-9424-4f71-ba47-a505041b0b53","ParentWorkflowIdentifier":"6fefedc2-6f84-453f-89c3-d9dee7b531c8","Name":"ErrorFallbackBranch","Value":"2"},{"ParentStepIdentifier":"04117b0d-9424-4f71-ba47-a505041b0b53","ParentWorkflowIdentifier":"6fefedc2-6f84-453f-89c3-d9dee7b531c8","Name":"MessageToAssignee","Value":null},{"ParentStepIdentifier":"04117b0d-9424-4f71-ba47-a505041b0b53","ParentWorkflowIdentifier":"6fefedc2-6f84-453f-89c3-d9dee7b531c8","Name":"PendingActionTimeout","Value":null},{"ParentStepIdentifier":"04117b0d-9424-4f71-ba47-a505041b0b53","ParentWorkflowIdentifier":"6fefedc2-6f84-453f-89c3-d9dee7b531c8","Name":"SelectedScopeName","Value":"All entities"}],"AutoSkipOnFailure":false,"IsDebugMockData":false,"StepDebugData":null},{"Identifier":"127efdc0-af9d-45bc-9e75-4cb0fafe419d","OriginalStepIdentifier":"b87dfea3-2bf6-4be9-a79c-5d991c4af86f","ParentWorkflowIdentifier":"6fefedc2-6f84-453f-89c3-d9dee7b531c8","ParentStepIdentifiers":["c7b37745-4d40-49d7-ab68-5163e271fddc","3d3c6590-933e-4323-83bf-237064f9be04"],"ParentStepIdentifier":"c7b37745-4d40-49d7-ab68-5163e271fddc;3d3c6590-933e-4323-83bf-237064f9be04","PreviousResultCondition":"{\"3d3c6590-933e-4323-83bf-237064f9be04\":\"2\"}","InstanceName":"Are there any IPs in the case? ","IsAutomatic":true,"Name":"Condition","IsSkippable":false,"Description":"This condition determines the progress of the playbook. Conditions are built based on cases data (cases, alerts, vents, entities and environment properties) as-well as data that comes back from previous playbook steps.","ActionProvider":"Flow","ActionName":"IfFlowCondition","Type":4,"Integration":"Flow","Parameters":[{"ParentStepIdentifier":"127efdc0-af9d-45bc-9e75-4cb0fafe419d","ParentWorkflowIdentifier":"6fefedc2-6f84-453f-89c3-d9dee7b531c8","Name":"AssignedUsers","Value":null},{"ParentStepIdentifier":"127efdc0-af9d-45bc-9e75-4cb0fafe419d","ParentWorkflowIdentifier":"6fefedc2-6f84-453f-89c3-d9dee7b531c8","Name":"Branches","Value":"[{\"LogicalOperator\":0,\"Conditions\":[{\"Operator\":6,\"FieldName\":\"[Input.ips_list]\",\"Type\":2,\"Value\":\"GoogleChronicle_Lookup Similar Alerts\"},{\"Operator\":6,\"FieldName\":\"[Input.ips_list]\",\"Type\":2,\"Value\":\"[\"},{\"Operator\":6,\"FieldName\":\"[Input.ips_list]\",\"Type\":2,\"Value\":\"\\\"\"}],\"Order\":1,\"IsDefaultBranch\":false,\"Name\":\"Branch\"},{\"LogicalOperator\":0,\"Conditions\":[],\"Order\":2,\"IsDefaultBranch\":true,\"Name\":\"Branch\"}]"},{"ParentStepIdentifier":"127efdc0-af9d-45bc-9e75-4cb0fafe419d","ParentWorkflowIdentifier":"6fefedc2-6f84-453f-89c3-d9dee7b531c8","Name":"ErrorFallbackBranch","Value":"2"},{"ParentStepIdentifier":"127efdc0-af9d-45bc-9e75-4cb0fafe419d","ParentWorkflowIdentifier":"6fefedc2-6f84-453f-89c3-d9dee7b531c8","Name":"MessageToAssignee","Value":null},{"ParentStepIdentifier":"127efdc0-af9d-45bc-9e75-4cb0fafe419d","ParentWorkflowIdentifier":"6fefedc2-6f84-453f-89c3-d9dee7b531c8","Name":"PendingActionTimeout","Value":null},{"ParentStepIdentifier":"127efdc0-af9d-45bc-9e75-4cb0fafe419d","ParentWorkflowIdentifier":"6fefedc2-6f84-453f-89c3-d9dee7b531c8","Name":"SelectedScopeName","Value":"All entities"}],"AutoSkipOnFailure":false,"IsDebugMockData":false,"StepDebugData":null},{"Identifier":"3a4eedaf-0901-49df-b6e0-08e3f4c87be6","OriginalStepIdentifier":"333c5590-20fd-4730-9fbe-7a6998c6ba66","ParentWorkflowIdentifier":"6fefedc2-6f84-453f-89c3-d9dee7b531c8","ParentStepIdentifiers":["4839e4c1-9dff-46e8-8d23-bd606f28bd55"],"ParentStepIdentifier":"4839e4c1-9dff-46e8-8d23-bd606f28bd55","PreviousResultCondition":"{\"4839e4c1-9dff-46e8-8d23-bd606f28bd55\":\"1\"}","InstanceName":"Create URLs","IsAutomatic":true,"Name":"Siemplify_Create Entity","IsSkippable":false,"Description":"Creates an entity and adds to requested alert. Note - Please make sure to read our documentation regarding the differences in the delimiter’s behavior, between different Siemplify’s platform versions 5.6.0 inclusive and 5.6.2 exclusive, here: https://integrations.siemplify.co/doc/siemplify#create-entity","ActionProvider":"Scripts","ActionName":"Siemplify_Create Entity","Type":0,"Integration":"Siemplify","Parameters":[{"ParentStepIdentifier":"3a4eedaf-0901-49df-b6e0-08e3f4c87be6","ParentWorkflowIdentifier":"6fefedc2-6f84-453f-89c3-d9dee7b531c8","Name":"AssignedUsers","Value":null},{"ParentStepIdentifier":"3a4eedaf-0901-49df-b6e0-08e3f4c87be6","ParentWorkflowIdentifier":"6fefedc2-6f84-453f-89c3-d9dee7b531c8","Name":"AsyncActionTimeout","Value":"86400"},{"ParentStepIdentifier":"3a4eedaf-0901-49df-b6e0-08e3f4c87be6","ParentWorkflowIdentifier":"6fefedc2-6f84-453f-89c3-d9dee7b531c8","Name":"AsyncPollingInterval","Value":"3600"},{"ParentStepIdentifier":"3a4eedaf-0901-49df-b6e0-08e3f4c87be6","ParentWorkflowIdentifier":"6fefedc2-6f84-453f-89c3-d9dee7b531c8","Name":"FallbackIntegrationInstance","Value":"f92c5e0e-7086-4b31-b118-b3239eb5bc1d"},{"ParentStepIdentifier":"3a4eedaf-0901-49df-b6e0-08e3f4c87be6","ParentWorkflowIdentifier":"6fefedc2-6f84-453f-89c3-d9dee7b531c8","Name":"IntegrationInstance","Value":"AutomaticEnvironment"},{"ParentStepIdentifier":"3a4eedaf-0901-49df-b6e0-08e3f4c87be6","ParentWorkflowIdentifier":"6fefedc2-6f84-453f-89c3-d9dee7b531c8","Name":"MessageToAssignee","Value":null},{"ParentStepIdentifier":"3a4eedaf-0901-49df-b6e0-08e3f4c87be6","ParentWorkflowIdentifier":"6fefedc2-6f84-453f-89c3-d9dee7b531c8","Name":"PendingActionTimeout","Value":null},{"ParentStepIdentifier":"3a4eedaf-0901-49df-b6e0-08e3f4c87be6","ParentWorkflowIdentifier":"6fefedc2-6f84-453f-89c3-d9dee7b531c8","Name":"ScriptName","Value":"Siemplify_Create Entity"},{"ParentStepIdentifier":"3a4eedaf-0901-49df-b6e0-08e3f4c87be6","ParentWorkflowIdentifier":"6fefedc2-6f84-453f-89c3-d9dee7b531c8","Name":"ScriptParametersEntityFields","Value":"{\"Entities Identifies\":\"[Input.urls_list]\",\"Delimiter\":\",\",\"Entity Type\":\"DestinationURL\",\"Is Internal\":false,\"Is Suspicious\":false}"},{"ParentStepIdentifier":"3a4eedaf-0901-49df-b6e0-08e3f4c87be6","ParentWorkflowIdentifier":"6fefedc2-6f84-453f-89c3-d9dee7b531c8","Name":"SelectedScopeName","Value":"All entities"}],"AutoSkipOnFailure":true,"IsDebugMockData":false,"StepDebugData":null},{"Identifier":"3d3c6590-933e-4323-83bf-237064f9be04","OriginalStepIdentifier":"be6cd78f-793d-4901-beb4-5dfcd031d11d","ParentWorkflowIdentifier":"6fefedc2-6f84-453f-89c3-d9dee7b531c8","ParentStepIdentifiers":[],"ParentStepIdentifier":"","PreviousResultCondition":"{}","InstanceName":"Are there any Hosts in the case? ","IsAutomatic":true,"Name":"Condition","IsSkippable":false,"Description":"This condition determines the progress of the playbook. Conditions are built based on cases data (cases, alerts, vents, entities and environment properties) as-well as data that comes back from previous playbook steps.","ActionProvider":"Flow","ActionName":"IfFlowCondition","Type":4,"Integration":"Flow","Parameters":[{"ParentStepIdentifier":"3d3c6590-933e-4323-83bf-237064f9be04","ParentWorkflowIdentifier":"6fefedc2-6f84-453f-89c3-d9dee7b531c8","Name":"AssignedUsers","Value":null},{"ParentStepIdentifier":"3d3c6590-933e-4323-83bf-237064f9be04","ParentWorkflowIdentifier":"6fefedc2-6f84-453f-89c3-d9dee7b531c8","Name":"Branches","Value":"[{\"LogicalOperator\":0,\"Conditions\":[{\"Operator\":6,\"FieldName\":\"[Input.hosts_list]\",\"Type\":2,\"Value\":\"GoogleChronicle_Lookup Similar Alerts\"},{\"Operator\":6,\"FieldName\":\"[Input.hosts_list]\",\"Type\":2,\"Value\":\"[\"},{\"Operator\":6,\"FieldName\":\"[Input.hosts_list]\",\"Type\":2,\"Value\":\"\\\"\"}],\"Order\":1,\"IsDefaultBranch\":false,\"Name\":\"Yes\"},{\"LogicalOperator\":0,\"Conditions\":[],\"Order\":2,\"IsDefaultBranch\":true,\"Name\":\"Branch\"}]"},{"ParentStepIdentifier":"3d3c6590-933e-4323-83bf-237064f9be04","ParentWorkflowIdentifier":"6fefedc2-6f84-453f-89c3-d9dee7b531c8","Name":"ErrorFallbackBranch","Value":"2"},{"ParentStepIdentifier":"3d3c6590-933e-4323-83bf-237064f9be04","ParentWorkflowIdentifier":"6fefedc2-6f84-453f-89c3-d9dee7b531c8","Name":"MessageToAssignee","Value":null},{"ParentStepIdentifier":"3d3c6590-933e-4323-83bf-237064f9be04","ParentWorkflowIdentifier":"6fefedc2-6f84-453f-89c3-d9dee7b531c8","Name":"PendingActionTimeout","Value":null},{"ParentStepIdentifier":"3d3c6590-933e-4323-83bf-237064f9be04","ParentWorkflowIdentifier":"6fefedc2-6f84-453f-89c3-d9dee7b531c8","Name":"SelectedScopeName","Value":"All entities"}],"AutoSkipOnFailure":false,"IsDebugMockData":false,"StepDebugData":null},{"Identifier":"41819524-5546-4cdf-af19-a382d4a4e133","OriginalStepIdentifier":"8f7adc62-bd50-4ebc-90b4-4970754f82b8","ParentWorkflowIdentifier":"6fefedc2-6f84-453f-89c3-d9dee7b531c8","ParentStepIdentifiers":["04117b0d-9424-4f71-ba47-a505041b0b53"],"ParentStepIdentifier":"04117b0d-9424-4f71-ba47-a505041b0b53","PreviousResultCondition":"{\"04117b0d-9424-4f71-ba47-a505041b0b53\":\"1\"}","InstanceName":"Create Subject Lists","IsAutomatic":true,"Name":"Siemplify_Create Entity","IsSkippable":false,"Description":"Creates an entity and adds to requested alert. Note - Please make sure to read our documentation regarding the differences in the delimiter’s behavior, between different Siemplify’s platform versions 5.6.0 inclusive and 5.6.2 exclusive, here: https://integrations.siemplify.co/doc/siemplify#create-entity","ActionProvider":"Scripts","ActionName":"Siemplify_Create Entity","Type":0,"Integration":"Siemplify","Parameters":[{"ParentStepIdentifier":"41819524-5546-4cdf-af19-a382d4a4e133","ParentWorkflowIdentifier":"6fefedc2-6f84-453f-89c3-d9dee7b531c8","Name":"AssignedUsers","Value":null},{"ParentStepIdentifier":"41819524-5546-4cdf-af19-a382d4a4e133","ParentWorkflowIdentifier":"6fefedc2-6f84-453f-89c3-d9dee7b531c8","Name":"AsyncActionTimeout","Value":"86400"},{"ParentStepIdentifier":"41819524-5546-4cdf-af19-a382d4a4e133","ParentWorkflowIdentifier":"6fefedc2-6f84-453f-89c3-d9dee7b531c8","Name":"AsyncPollingInterval","Value":"3600"},{"ParentStepIdentifier":"41819524-5546-4cdf-af19-a382d4a4e133","ParentWorkflowIdentifier":"6fefedc2-6f84-453f-89c3-d9dee7b531c8","Name":"FallbackIntegrationInstance","Value":"f92c5e0e-7086-4b31-b118-b3239eb5bc1d"},{"ParentStepIdentifier":"41819524-5546-4cdf-af19-a382d4a4e133","ParentWorkflowIdentifier":"6fefedc2-6f84-453f-89c3-d9dee7b531c8","Name":"IntegrationInstance","Value":"AutomaticEnvironment"},{"ParentStepIdentifier":"41819524-5546-4cdf-af19-a382d4a4e133","ParentWorkflowIdentifier":"6fefedc2-6f84-453f-89c3-d9dee7b531c8","Name":"MessageToAssignee","Value":null},{"ParentStepIdentifier":"41819524-5546-4cdf-af19-a382d4a4e133","ParentWorkflowIdentifier":"6fefedc2-6f84-453f-89c3-d9dee7b531c8","Name":"PendingActionTimeout","Value":null},{"ParentStepIdentifier":"41819524-5546-4cdf-af19-a382d4a4e133","ParentWorkflowIdentifier":"6fefedc2-6f84-453f-89c3-d9dee7b531c8","Name":"ScriptName","Value":"Siemplify_Create Entity"},{"ParentStepIdentifier":"41819524-5546-4cdf-af19-a382d4a4e133","ParentWorkflowIdentifier":"6fefedc2-6f84-453f-89c3-d9dee7b531c8","Name":"ScriptParametersEntityFields","Value":"{\"Entities Identifies\":\"[Input.email_subjects_list]\",\"Delimiter\":\",\",\"Entity Type\":\"EMAILSUBJECT\",\"Is Internal\":false,\"Is Suspicious\":false}"},{"ParentStepIdentifier":"41819524-5546-4cdf-af19-a382d4a4e133","ParentWorkflowIdentifier":"6fefedc2-6f84-453f-89c3-d9dee7b531c8","Name":"SelectedScopeName","Value":"All entities"}],"AutoSkipOnFailure":true,"IsDebugMockData":false,"StepDebugData":null},{"Identifier":"4839e4c1-9dff-46e8-8d23-bd606f28bd55","OriginalStepIdentifier":"46dbd4cb-6e3b-4214-b0bd-72c879ef093b","ParentWorkflowIdentifier":"6fefedc2-6f84-453f-89c3-d9dee7b531c8","ParentStepIdentifiers":["bf89f907-7927-4d46-8fcc-85f21a14a806","803d51d5-b355-449e-b3fb-af424a01d820"],"ParentStepIdentifier":"bf89f907-7927-4d46-8fcc-85f21a14a806;803d51d5-b355-449e-b3fb-af424a01d820","PreviousResultCondition":"{\"803d51d5-b355-449e-b3fb-af424a01d820\":\"2\"}","InstanceName":"Are there any URLs in the case? ","IsAutomatic":true,"Name":"Condition","IsSkippable":false,"Description":"This condition determines the progress of the playbook. Conditions are built based on cases data (cases, alerts, vents, entities and environment properties) as-well as data that comes back from previous playbook steps.","ActionProvider":"Flow","ActionName":"IfFlowCondition","Type":4,"Integration":"Flow","Parameters":[{"ParentStepIdentifier":"4839e4c1-9dff-46e8-8d23-bd606f28bd55","ParentWorkflowIdentifier":"6fefedc2-6f84-453f-89c3-d9dee7b531c8","Name":"AssignedUsers","Value":null},{"ParentStepIdentifier":"4839e4c1-9dff-46e8-8d23-bd606f28bd55","ParentWorkflowIdentifier":"6fefedc2-6f84-453f-89c3-d9dee7b531c8","Name":"Branches","Value":"[{\"LogicalOperator\":0,\"Conditions\":[{\"Operator\":6,\"FieldName\":\"[Input.urls_list]\",\"Type\":2,\"Value\":\"GoogleChronicle_Lookup Similar Alerts\"},{\"Operator\":6,\"FieldName\":\"[Input.urls_list]\",\"Type\":2,\"Value\":\"[\"},{\"Operator\":6,\"FieldName\":\"[Input.urls_list]\",\"Type\":2,\"Value\":\"\\\"\"}],\"Order\":1,\"IsDefaultBranch\":false,\"Name\":\"Yes\"},{\"LogicalOperator\":0,\"Conditions\":[],\"Order\":2,\"IsDefaultBranch\":true,\"Name\":\"Branch\"}]"},{"ParentStepIdentifier":"4839e4c1-9dff-46e8-8d23-bd606f28bd55","ParentWorkflowIdentifier":"6fefedc2-6f84-453f-89c3-d9dee7b531c8","Name":"ErrorFallbackBranch","Value":"2"},{"ParentStepIdentifier":"4839e4c1-9dff-46e8-8d23-bd606f28bd55","ParentWorkflowIdentifier":"6fefedc2-6f84-453f-89c3-d9dee7b531c8","Name":"MessageToAssignee","Value":null},{"ParentStepIdentifier":"4839e4c1-9dff-46e8-8d23-bd606f28bd55","ParentWorkflowIdentifier":"6fefedc2-6f84-453f-89c3-d9dee7b531c8","Name":"PendingActionTimeout","Value":null},{"ParentStepIdentifier":"4839e4c1-9dff-46e8-8d23-bd606f28bd55","ParentWorkflowIdentifier":"6fefedc2-6f84-453f-89c3-d9dee7b531c8","Name":"SelectedScopeName","Value":"All entities"}],"AutoSkipOnFailure":false,"IsDebugMockData":false,"StepDebugData":null},{"Identifier":"512c92fb-3715-4f1d-8146-a9a27e367aab","OriginalStepIdentifier":"2e829ff7-88e0-4695-952f-3e0531ccd978","ParentWorkflowIdentifier":"6fefedc2-6f84-453f-89c3-d9dee7b531c8","ParentStepIdentifiers":["41819524-5546-4cdf-af19-a382d4a4e133","04117b0d-9424-4f71-ba47-a505041b0b53"],"ParentStepIdentifier":"41819524-5546-4cdf-af19-a382d4a4e133;04117b0d-9424-4f71-ba47-a505041b0b53","PreviousResultCondition":"{\"04117b0d-9424-4f71-ba47-a505041b0b53\":\"2\"}","InstanceName":"Are there any Processes in the case? ","IsAutomatic":true,"Name":"Condition","IsSkippable":false,"Description":"This condition determines the progress of the playbook. Conditions are built based on cases data (cases, alerts, vents, entities and environment properties) as-well as data that comes back from previous playbook steps.","ActionProvider":"Flow","ActionName":"IfFlowCondition","Type":4,"Integration":"Flow","Parameters":[{"ParentStepIdentifier":"512c92fb-3715-4f1d-8146-a9a27e367aab","ParentWorkflowIdentifier":"6fefedc2-6f84-453f-89c3-d9dee7b531c8","Name":"AssignedUsers","Value":null},{"ParentStepIdentifier":"512c92fb-3715-4f1d-8146-a9a27e367aab","ParentWorkflowIdentifier":"6fefedc2-6f84-453f-89c3-d9dee7b531c8","Name":"Branches","Value":"[{\"LogicalOperator\":0,\"Conditions\":[{\"Operator\":6,\"FieldName\":\"[Input.processes_list]\",\"Type\":2,\"Value\":\"GoogleChronicle_Lookup Similar Alerts\"},{\"Operator\":6,\"FieldName\":\"[Input.processes_list]\",\"Type\":2,\"Value\":\"[\"},{\"Operator\":6,\"FieldName\":\"[Input.processes_list]\",\"Type\":2,\"Value\":\"\\\"\"}],\"Order\":1,\"IsDefaultBranch\":false,\"Name\":\"Yes\"},{\"LogicalOperator\":0,\"Conditions\":[],\"Order\":2,\"IsDefaultBranch\":true,\"Name\":\"Branch\"}]"},{"ParentStepIdentifier":"512c92fb-3715-4f1d-8146-a9a27e367aab","ParentWorkflowIdentifier":"6fefedc2-6f84-453f-89c3-d9dee7b531c8","Name":"ErrorFallbackBranch","Value":"2"},{"ParentStepIdentifier":"512c92fb-3715-4f1d-8146-a9a27e367aab","ParentWorkflowIdentifier":"6fefedc2-6f84-453f-89c3-d9dee7b531c8","Name":"MessageToAssignee","Value":null},{"ParentStepIdentifier":"512c92fb-3715-4f1d-8146-a9a27e367aab","ParentWorkflowIdentifier":"6fefedc2-6f84-453f-89c3-d9dee7b531c8","Name":"PendingActionTimeout","Value":null},{"ParentStepIdentifier":"512c92fb-3715-4f1d-8146-a9a27e367aab","ParentWorkflowIdentifier":"6fefedc2-6f84-453f-89c3-d9dee7b531c8","Name":"SelectedScopeName","Value":"All entities"}],"AutoSkipOnFailure":false,"IsDebugMockData":false,"StepDebugData":null},{"Identifier":"72926e69-8edf-4b41-98eb-0f5fdffeca18","OriginalStepIdentifier":"a44d747b-bcf6-495a-9808-89dbfa4c052c","ParentWorkflowIdentifier":"6fefedc2-6f84-453f-89c3-d9dee7b531c8","ParentStepIdentifiers":["a1fd9e54-fae3-454e-9fbf-5edf4b7b53b2"],"ParentStepIdentifier":"a1fd9e54-fae3-454e-9fbf-5edf4b7b53b2","PreviousResultCondition":"{}","InstanceName":"Output_1","IsAutomatic":true,"Name":"Output","IsSkippable":false,"Description":"","ActionProvider":"Flow","ActionName":"OutputAction","Type":6,"Integration":"Flow","Parameters":[{"ParentStepIdentifier":"72926e69-8edf-4b41-98eb-0f5fdffeca18","ParentWorkflowIdentifier":"6fefedc2-6f84-453f-89c3-d9dee7b531c8","Name":"NestedWorkflowOutput","Value":null}],"AutoSkipOnFailure":false,"IsDebugMockData":false,"StepDebugData":null},{"Identifier":"803d51d5-b355-449e-b3fb-af424a01d820","OriginalStepIdentifier":"1a603b44-dfc3-47e6-9d58-cf7c79d89a1c","ParentWorkflowIdentifier":"6fefedc2-6f84-453f-89c3-d9dee7b531c8","ParentStepIdentifiers":["b32cfec7-43d4-4d18-8050-8ad51703a23d","127efdc0-af9d-45bc-9e75-4cb0fafe419d"],"ParentStepIdentifier":"b32cfec7-43d4-4d18-8050-8ad51703a23d;127efdc0-af9d-45bc-9e75-4cb0fafe419d","PreviousResultCondition":"{\"127efdc0-af9d-45bc-9e75-4cb0fafe419d\":\"2\"}","InstanceName":"Are there any Users in the case? ","IsAutomatic":true,"Name":"Condition","IsSkippable":false,"Description":"This condition determines the progress of the playbook. Conditions are built based on cases data (cases, alerts, vents, entities and environment properties) as-well as data that comes back from previous playbook steps.","ActionProvider":"Flow","ActionName":"IfFlowCondition","Type":4,"Integration":"Flow","Parameters":[{"ParentStepIdentifier":"803d51d5-b355-449e-b3fb-af424a01d820","ParentWorkflowIdentifier":"6fefedc2-6f84-453f-89c3-d9dee7b531c8","Name":"AssignedUsers","Value":null},{"ParentStepIdentifier":"803d51d5-b355-449e-b3fb-af424a01d820","ParentWorkflowIdentifier":"6fefedc2-6f84-453f-89c3-d9dee7b531c8","Name":"Branches","Value":"[{\"LogicalOperator\":0,\"Conditions\":[{\"Operator\":6,\"FieldName\":\"[Input.users_list]\",\"Type\":2,\"Value\":\"GoogleChronicle_Lookup Similar Alerts\"},{\"Operator\":6,\"FieldName\":\"[Input.users_list]\",\"Type\":2,\"Value\":\"[\"},{\"Operator\":6,\"FieldName\":\"[Input.users_list]\",\"Type\":2,\"Value\":\"\\\"\"}],\"Order\":1,\"IsDefaultBranch\":false,\"Name\":\"Branch\"},{\"LogicalOperator\":0,\"Conditions\":[],\"Order\":2,\"IsDefaultBranch\":true,\"Name\":\"Branch\"}]"},{"ParentStepIdentifier":"803d51d5-b355-449e-b3fb-af424a01d820","ParentWorkflowIdentifier":"6fefedc2-6f84-453f-89c3-d9dee7b531c8","Name":"ErrorFallbackBranch","Value":"2"},{"ParentStepIdentifier":"803d51d5-b355-449e-b3fb-af424a01d820","ParentWorkflowIdentifier":"6fefedc2-6f84-453f-89c3-d9dee7b531c8","Name":"MessageToAssignee","Value":null},{"ParentStepIdentifier":"803d51d5-b355-449e-b3fb-af424a01d820","ParentWorkflowIdentifier":"6fefedc2-6f84-453f-89c3-d9dee7b531c8","Name":"PendingActionTimeout","Value":null},{"ParentStepIdentifier":"803d51d5-b355-449e-b3fb-af424a01d820","ParentWorkflowIdentifier":"6fefedc2-6f84-453f-89c3-d9dee7b531c8","Name":"SelectedScopeName","Value":"All entities"}],"AutoSkipOnFailure":false,"IsDebugMockData":false,"StepDebugData":null},{"Identifier":"91511319-8b35-447a-9b9e-9a19ab0a43fd","OriginalStepIdentifier":"b31d4e75-4a89-45bb-9a4d-3fe2c8446b68","ParentWorkflowIdentifier":"6fefedc2-6f84-453f-89c3-d9dee7b531c8","ParentStepIdentifiers":["3a4eedaf-0901-49df-b6e0-08e3f4c87be6","4839e4c1-9dff-46e8-8d23-bd606f28bd55"],"ParentStepIdentifier":"3a4eedaf-0901-49df-b6e0-08e3f4c87be6;4839e4c1-9dff-46e8-8d23-bd606f28bd55","PreviousResultCondition":"{\"4839e4c1-9dff-46e8-8d23-bd606f28bd55\":\"2\"}","InstanceName":"Are there any Hashes in the case? ","IsAutomatic":true,"Name":"Condition","IsSkippable":false,"Description":"This condition determines the progress of the playbook. Conditions are built based on cases data (cases, alerts, vents, entities and environment properties) as-well as data that comes back from previous playbook steps.","ActionProvider":"Flow","ActionName":"IfFlowCondition","Type":4,"Integration":"Flow","Parameters":[{"ParentStepIdentifier":"91511319-8b35-447a-9b9e-9a19ab0a43fd","ParentWorkflowIdentifier":"6fefedc2-6f84-453f-89c3-d9dee7b531c8","Name":"AssignedUsers","Value":null},{"ParentStepIdentifier":"91511319-8b35-447a-9b9e-9a19ab0a43fd","ParentWorkflowIdentifier":"6fefedc2-6f84-453f-89c3-d9dee7b531c8","Name":"Branches","Value":"[{\"LogicalOperator\":0,\"Conditions\":[{\"Operator\":6,\"FieldName\":\"[Input.hashes_list]\",\"Type\":2,\"Value\":\"GoogleChronicle_Lookup Similar Alerts\"},{\"Operator\":6,\"FieldName\":\"[Input.hashes_list]\",\"Type\":2,\"Value\":\"[\"},{\"Operator\":6,\"FieldName\":\"[Input.hashes_list]\",\"Type\":2,\"Value\":\"\\\"\"}],\"Order\":1,\"IsDefaultBranch\":false,\"Name\":\"Yes\"},{\"LogicalOperator\":0,\"Conditions\":[],\"Order\":2,\"IsDefaultBranch\":true,\"Name\":\"Branch\"}]"},{"ParentStepIdentifier":"91511319-8b35-447a-9b9e-9a19ab0a43fd","ParentWorkflowIdentifier":"6fefedc2-6f84-453f-89c3-d9dee7b531c8","Name":"ErrorFallbackBranch","Value":"2"},{"ParentStepIdentifier":"91511319-8b35-447a-9b9e-9a19ab0a43fd","ParentWorkflowIdentifier":"6fefedc2-6f84-453f-89c3-d9dee7b531c8","Name":"MessageToAssignee","Value":null},{"ParentStepIdentifier":"91511319-8b35-447a-9b9e-9a19ab0a43fd","ParentWorkflowIdentifier":"6fefedc2-6f84-453f-89c3-d9dee7b531c8","Name":"PendingActionTimeout","Value":null},{"ParentStepIdentifier":"91511319-8b35-447a-9b9e-9a19ab0a43fd","ParentWorkflowIdentifier":"6fefedc2-6f84-453f-89c3-d9dee7b531c8","Name":"SelectedScopeName","Value":"All entities"}],"AutoSkipOnFailure":false,"IsDebugMockData":false,"StepDebugData":null},{"Identifier":"a1fd9e54-fae3-454e-9fbf-5edf4b7b53b2","OriginalStepIdentifier":"6fbc5c5e-e3dc-4542-972c-75e448d4f4d6","ParentWorkflowIdentifier":"6fefedc2-6f84-453f-89c3-d9dee7b531c8","ParentStepIdentifiers":["512c92fb-3715-4f1d-8146-a9a27e367aab"],"ParentStepIdentifier":"512c92fb-3715-4f1d-8146-a9a27e367aab","PreviousResultCondition":"{\"512c92fb-3715-4f1d-8146-a9a27e367aab\":\"1\"}","InstanceName":"Create Processes","IsAutomatic":true,"Name":"Siemplify_Create Entity","IsSkippable":false,"Description":"Creates an entity and adds to requested alert. Note - Please make sure to read our documentation regarding the differences in the delimiter’s behavior, between different Siemplify’s platform versions 5.6.0 inclusive and 5.6.2 exclusive, here: https://integrations.siemplify.co/doc/siemplify#create-entity","ActionProvider":"Scripts","ActionName":"Siemplify_Create Entity","Type":0,"Integration":"Siemplify","Parameters":[{"ParentStepIdentifier":"a1fd9e54-fae3-454e-9fbf-5edf4b7b53b2","ParentWorkflowIdentifier":"6fefedc2-6f84-453f-89c3-d9dee7b531c8","Name":"AssignedUsers","Value":null},{"ParentStepIdentifier":"a1fd9e54-fae3-454e-9fbf-5edf4b7b53b2","ParentWorkflowIdentifier":"6fefedc2-6f84-453f-89c3-d9dee7b531c8","Name":"AsyncActionTimeout","Value":"86400"},{"ParentStepIdentifier":"a1fd9e54-fae3-454e-9fbf-5edf4b7b53b2","ParentWorkflowIdentifier":"6fefedc2-6f84-453f-89c3-d9dee7b531c8","Name":"AsyncPollingInterval","Value":"3600"},{"ParentStepIdentifier":"a1fd9e54-fae3-454e-9fbf-5edf4b7b53b2","ParentWorkflowIdentifier":"6fefedc2-6f84-453f-89c3-d9dee7b531c8","Name":"FallbackIntegrationInstance","Value":"f92c5e0e-7086-4b31-b118-b3239eb5bc1d"},{"ParentStepIdentifier":"a1fd9e54-fae3-454e-9fbf-5edf4b7b53b2","ParentWorkflowIdentifier":"6fefedc2-6f84-453f-89c3-d9dee7b531c8","Name":"IntegrationInstance","Value":"AutomaticEnvironment"},{"ParentStepIdentifier":"a1fd9e54-fae3-454e-9fbf-5edf4b7b53b2","ParentWorkflowIdentifier":"6fefedc2-6f84-453f-89c3-d9dee7b531c8","Name":"MessageToAssignee","Value":null},{"ParentStepIdentifier":"a1fd9e54-fae3-454e-9fbf-5edf4b7b53b2","ParentWorkflowIdentifier":"6fefedc2-6f84-453f-89c3-d9dee7b531c8","Name":"PendingActionTimeout","Value":null},{"ParentStepIdentifier":"a1fd9e54-fae3-454e-9fbf-5edf4b7b53b2","ParentWorkflowIdentifier":"6fefedc2-6f84-453f-89c3-d9dee7b531c8","Name":"ScriptName","Value":"Siemplify_Create Entity"},{"ParentStepIdentifier":"a1fd9e54-fae3-454e-9fbf-5edf4b7b53b2","ParentWorkflowIdentifier":"6fefedc2-6f84-453f-89c3-d9dee7b531c8","Name":"ScriptParametersEntityFields","Value":"{\"Entities Identifies\":\"[Input.processes_list]\",\"Delimiter\":\",\",\"Entity Type\":\"PROCESS\",\"Is Internal\":false,\"Is Suspicious\":false}"},{"ParentStepIdentifier":"a1fd9e54-fae3-454e-9fbf-5edf4b7b53b2","ParentWorkflowIdentifier":"6fefedc2-6f84-453f-89c3-d9dee7b531c8","Name":"SelectedScopeName","Value":"All entities"}],"AutoSkipOnFailure":true,"IsDebugMockData":false,"StepDebugData":null},{"Identifier":"b32cfec7-43d4-4d18-8050-8ad51703a23d","OriginalStepIdentifier":"ca4b14f9-e226-41c2-99fa-74c4b125e26d","ParentWorkflowIdentifier":"6fefedc2-6f84-453f-89c3-d9dee7b531c8","ParentStepIdentifiers":["127efdc0-af9d-45bc-9e75-4cb0fafe419d"],"ParentStepIdentifier":"127efdc0-af9d-45bc-9e75-4cb0fafe419d","PreviousResultCondition":"{\"127efdc0-af9d-45bc-9e75-4cb0fafe419d\":\"1\"}","InstanceName":"Create IPs","IsAutomatic":true,"Name":"Siemplify_Create Entity","IsSkippable":false,"Description":"Creates an entity and adds to requested alert. Note - Please make sure to read our documentation regarding the differences in the delimiter’s behavior, between different Siemplify’s platform versions 5.6.0 inclusive and 5.6.2 exclusive, here: https://integrations.siemplify.co/doc/siemplify#create-entity","ActionProvider":"Scripts","ActionName":"Siemplify_Create Entity","Type":0,"Integration":"Siemplify","Parameters":[{"ParentStepIdentifier":"b32cfec7-43d4-4d18-8050-8ad51703a23d","ParentWorkflowIdentifier":"6fefedc2-6f84-453f-89c3-d9dee7b531c8","Name":"AssignedUsers","Value":null},{"ParentStepIdentifier":"b32cfec7-43d4-4d18-8050-8ad51703a23d","ParentWorkflowIdentifier":"6fefedc2-6f84-453f-89c3-d9dee7b531c8","Name":"AsyncActionTimeout","Value":"86400"},{"ParentStepIdentifier":"b32cfec7-43d4-4d18-8050-8ad51703a23d","ParentWorkflowIdentifier":"6fefedc2-6f84-453f-89c3-d9dee7b531c8","Name":"AsyncPollingInterval","Value":"3600"},{"ParentStepIdentifier":"b32cfec7-43d4-4d18-8050-8ad51703a23d","ParentWorkflowIdentifier":"6fefedc2-6f84-453f-89c3-d9dee7b531c8","Name":"FallbackIntegrationInstance","Value":"f92c5e0e-7086-4b31-b118-b3239eb5bc1d"},{"ParentStepIdentifier":"b32cfec7-43d4-4d18-8050-8ad51703a23d","ParentWorkflowIdentifier":"6fefedc2-6f84-453f-89c3-d9dee7b531c8","Name":"IntegrationInstance","Value":"AutomaticEnvironment"},{"ParentStepIdentifier":"b32cfec7-43d4-4d18-8050-8ad51703a23d","ParentWorkflowIdentifier":"6fefedc2-6f84-453f-89c3-d9dee7b531c8","Name":"MessageToAssignee","Value":null},{"ParentStepIdentifier":"b32cfec7-43d4-4d18-8050-8ad51703a23d","ParentWorkflowIdentifier":"6fefedc2-6f84-453f-89c3-d9dee7b531c8","Name":"PendingActionTimeout","Value":null},{"ParentStepIdentifier":"b32cfec7-43d4-4d18-8050-8ad51703a23d","ParentWorkflowIdentifier":"6fefedc2-6f84-453f-89c3-d9dee7b531c8","Name":"ScriptName","Value":"Siemplify_Create Entity"},{"ParentStepIdentifier":"b32cfec7-43d4-4d18-8050-8ad51703a23d","ParentWorkflowIdentifier":"6fefedc2-6f84-453f-89c3-d9dee7b531c8","Name":"ScriptParametersEntityFields","Value":"{\"Entities Identifies\":\"[Input.ips_list]\",\"Delimiter\":\",\",\"Entity Type\":\"ADDRESS\",\"Is Internal\":false,\"Is Suspicious\":false}"},{"ParentStepIdentifier":"b32cfec7-43d4-4d18-8050-8ad51703a23d","ParentWorkflowIdentifier":"6fefedc2-6f84-453f-89c3-d9dee7b531c8","Name":"SelectedScopeName","Value":"All entities"}],"AutoSkipOnFailure":true,"IsDebugMockData":false,"StepDebugData":null},{"Identifier":"bf89f907-7927-4d46-8fcc-85f21a14a806","OriginalStepIdentifier":"2372d3a7-2e16-463b-826f-03c29bfb5d5b","ParentWorkflowIdentifier":"6fefedc2-6f84-453f-89c3-d9dee7b531c8","ParentStepIdentifiers":["803d51d5-b355-449e-b3fb-af424a01d820"],"ParentStepIdentifier":"803d51d5-b355-449e-b3fb-af424a01d820","PreviousResultCondition":"{\"803d51d5-b355-449e-b3fb-af424a01d820\":\"1\"}","InstanceName":"Create Users","IsAutomatic":true,"Name":"Siemplify_Create Entity","IsSkippable":false,"Description":"Creates an entity and adds to requested alert. Note - Please make sure to read our documentation regarding the differences in the delimiter’s behavior, between different Siemplify’s platform versions 5.6.0 inclusive and 5.6.2 exclusive, here: https://integrations.siemplify.co/doc/siemplify#create-entity","ActionProvider":"Scripts","ActionName":"Siemplify_Create Entity","Type":0,"Integration":"Siemplify","Parameters":[{"ParentStepIdentifier":"bf89f907-7927-4d46-8fcc-85f21a14a806","ParentWorkflowIdentifier":"6fefedc2-6f84-453f-89c3-d9dee7b531c8","Name":"AssignedUsers","Value":null},{"ParentStepIdentifier":"bf89f907-7927-4d46-8fcc-85f21a14a806","ParentWorkflowIdentifier":"6fefedc2-6f84-453f-89c3-d9dee7b531c8","Name":"AsyncActionTimeout","Value":"86400"},{"ParentStepIdentifier":"bf89f907-7927-4d46-8fcc-85f21a14a806","ParentWorkflowIdentifier":"6fefedc2-6f84-453f-89c3-d9dee7b531c8","Name":"AsyncPollingInterval","Value":"3600"},{"ParentStepIdentifier":"bf89f907-7927-4d46-8fcc-85f21a14a806","ParentWorkflowIdentifier":"6fefedc2-6f84-453f-89c3-d9dee7b531c8","Name":"FallbackIntegrationInstance","Value":"f92c5e0e-7086-4b31-b118-b3239eb5bc1d"},{"ParentStepIdentifier":"bf89f907-7927-4d46-8fcc-85f21a14a806","ParentWorkflowIdentifier":"6fefedc2-6f84-453f-89c3-d9dee7b531c8","Name":"IntegrationInstance","Value":"AutomaticEnvironment"},{"ParentStepIdentifier":"bf89f907-7927-4d46-8fcc-85f21a14a806","ParentWorkflowIdentifier":"6fefedc2-6f84-453f-89c3-d9dee7b531c8","Name":"MessageToAssignee","Value":null},{"ParentStepIdentifier":"bf89f907-7927-4d46-8fcc-85f21a14a806","ParentWorkflowIdentifier":"6fefedc2-6f84-453f-89c3-d9dee7b531c8","Name":"PendingActionTimeout","Value":null},{"ParentStepIdentifier":"bf89f907-7927-4d46-8fcc-85f21a14a806","ParentWorkflowIdentifier":"6fefedc2-6f84-453f-89c3-d9dee7b531c8","Name":"ScriptName","Value":"Siemplify_Create Entity"},{"ParentStepIdentifier":"bf89f907-7927-4d46-8fcc-85f21a14a806","ParentWorkflowIdentifier":"6fefedc2-6f84-453f-89c3-d9dee7b531c8","Name":"ScriptParametersEntityFields","Value":"{\"Entities Identifies\":\"[Input.users_list]\",\"Delimiter\":\",\",\"Entity Type\":\"USERUNIQNAME\",\"Is Internal\":false,\"Is Suspicious\":false}"},{"ParentStepIdentifier":"bf89f907-7927-4d46-8fcc-85f21a14a806","ParentWorkflowIdentifier":"6fefedc2-6f84-453f-89c3-d9dee7b531c8","Name":"SelectedScopeName","Value":"All entities"}],"AutoSkipOnFailure":true,"IsDebugMockData":false,"StepDebugData":null},{"Identifier":"c25d61a3-15c6-4cab-98f0-9fe0243d9cca","OriginalStepIdentifier":"f9c13275-f3fa-4d2d-8e19-0693413438dd","ParentWorkflowIdentifier":"6fefedc2-6f84-453f-89c3-d9dee7b531c8","ParentStepIdentifiers":["512c92fb-3715-4f1d-8146-a9a27e367aab"],"ParentStepIdentifier":"512c92fb-3715-4f1d-8146-a9a27e367aab","PreviousResultCondition":"{\"512c92fb-3715-4f1d-8146-a9a27e367aab\":\"2\"}","InstanceName":"Output_2","IsAutomatic":true,"Name":"Output","IsSkippable":false,"Description":"","ActionProvider":"Flow","ActionName":"OutputAction","Type":6,"Integration":"Flow","Parameters":[{"ParentStepIdentifier":"c25d61a3-15c6-4cab-98f0-9fe0243d9cca","ParentWorkflowIdentifier":"6fefedc2-6f84-453f-89c3-d9dee7b531c8","Name":"NestedWorkflowOutput","Value":null}],"AutoSkipOnFailure":false,"IsDebugMockData":false,"StepDebugData":null},{"Identifier":"c438c979-3868-4485-a062-bccb020be200","OriginalStepIdentifier":"20e72ec6-0dca-4409-95fa-006bead35c91","ParentWorkflowIdentifier":"6fefedc2-6f84-453f-89c3-d9dee7b531c8","ParentStepIdentifiers":["91511319-8b35-447a-9b9e-9a19ab0a43fd"],"ParentStepIdentifier":"91511319-8b35-447a-9b9e-9a19ab0a43fd","PreviousResultCondition":"{\"91511319-8b35-447a-9b9e-9a19ab0a43fd\":\"1\"}","InstanceName":"Create Hashes","IsAutomatic":true,"Name":"Siemplify_Create Entity","IsSkippable":false,"Description":"Creates an entity and adds to requested alert. Note - Please make sure to read our documentation regarding the differences in the delimiter’s behavior, between different Siemplify’s platform versions 5.6.0 inclusive and 5.6.2 exclusive, here: https://integrations.siemplify.co/doc/siemplify#create-entity","ActionProvider":"Scripts","ActionName":"Siemplify_Create Entity","Type":0,"Integration":"Siemplify","Parameters":[{"ParentStepIdentifier":"c438c979-3868-4485-a062-bccb020be200","ParentWorkflowIdentifier":"6fefedc2-6f84-453f-89c3-d9dee7b531c8","Name":"AssignedUsers","Value":null},{"ParentStepIdentifier":"c438c979-3868-4485-a062-bccb020be200","ParentWorkflowIdentifier":"6fefedc2-6f84-453f-89c3-d9dee7b531c8","Name":"AsyncActionTimeout","Value":"86400"},{"ParentStepIdentifier":"c438c979-3868-4485-a062-bccb020be200","ParentWorkflowIdentifier":"6fefedc2-6f84-453f-89c3-d9dee7b531c8","Name":"AsyncPollingInterval","Value":"3600"},{"ParentStepIdentifier":"c438c979-3868-4485-a062-bccb020be200","ParentWorkflowIdentifier":"6fefedc2-6f84-453f-89c3-d9dee7b531c8","Name":"FallbackIntegrationInstance","Value":"f92c5e0e-7086-4b31-b118-b3239eb5bc1d"},{"ParentStepIdentifier":"c438c979-3868-4485-a062-bccb020be200","ParentWorkflowIdentifier":"6fefedc2-6f84-453f-89c3-d9dee7b531c8","Name":"IntegrationInstance","Value":"AutomaticEnvironment"},{"ParentStepIdentifier":"c438c979-3868-4485-a062-bccb020be200","ParentWorkflowIdentifier":"6fefedc2-6f84-453f-89c3-d9dee7b531c8","Name":"MessageToAssignee","Value":null},{"ParentStepIdentifier":"c438c979-3868-4485-a062-bccb020be200","ParentWorkflowIdentifier":"6fefedc2-6f84-453f-89c3-d9dee7b531c8","Name":"PendingActionTimeout","Value":null},{"ParentStepIdentifier":"c438c979-3868-4485-a062-bccb020be200","ParentWorkflowIdentifier":"6fefedc2-6f84-453f-89c3-d9dee7b531c8","Name":"ScriptName","Value":"Siemplify_Create Entity"},{"ParentStepIdentifier":"c438c979-3868-4485-a062-bccb020be200","ParentWorkflowIdentifier":"6fefedc2-6f84-453f-89c3-d9dee7b531c8","Name":"ScriptParametersEntityFields","Value":"{\"Entities Identifies\":\"[Input.hashes_list]\",\"Delimiter\":\",\",\"Entity Type\":\"FILEHASH\",\"Is Internal\":false,\"Is Suspicious\":false}"},{"ParentStepIdentifier":"c438c979-3868-4485-a062-bccb020be200","ParentWorkflowIdentifier":"6fefedc2-6f84-453f-89c3-d9dee7b531c8","Name":"SelectedScopeName","Value":"All entities"}],"AutoSkipOnFailure":true,"IsDebugMockData":false,"StepDebugData":null},{"Identifier":"c7b37745-4d40-49d7-ab68-5163e271fddc","OriginalStepIdentifier":"904c1515-dc50-43e2-ace1-4e50c4cf7d61","ParentWorkflowIdentifier":"6fefedc2-6f84-453f-89c3-d9dee7b531c8","ParentStepIdentifiers":["3d3c6590-933e-4323-83bf-237064f9be04"],"ParentStepIdentifier":"3d3c6590-933e-4323-83bf-237064f9be04","PreviousResultCondition":"{\"3d3c6590-933e-4323-83bf-237064f9be04\":\"1\"}","InstanceName":"Create Hosts","IsAutomatic":true,"Name":"Siemplify_Create Entity","IsSkippable":false,"Description":"Creates an entity and adds to requested alert. Note - Please make sure to read our documentation regarding the differences in the delimiter’s behavior, between different Siemplify’s platform versions 5.6.0 inclusive and 5.6.2 exclusive, here: https://integrations.siemplify.co/doc/siemplify#create-entity","ActionProvider":"Scripts","ActionName":"Siemplify_Create Entity","Type":0,"Integration":"Siemplify","Parameters":[{"ParentStepIdentifier":"c7b37745-4d40-49d7-ab68-5163e271fddc","ParentWorkflowIdentifier":"6fefedc2-6f84-453f-89c3-d9dee7b531c8","Name":"AssignedUsers","Value":null},{"ParentStepIdentifier":"c7b37745-4d40-49d7-ab68-5163e271fddc","ParentWorkflowIdentifier":"6fefedc2-6f84-453f-89c3-d9dee7b531c8","Name":"AsyncActionTimeout","Value":"86400"},{"ParentStepIdentifier":"c7b37745-4d40-49d7-ab68-5163e271fddc","ParentWorkflowIdentifier":"6fefedc2-6f84-453f-89c3-d9dee7b531c8","Name":"AsyncPollingInterval","Value":"3600"},{"ParentStepIdentifier":"c7b37745-4d40-49d7-ab68-5163e271fddc","ParentWorkflowIdentifier":"6fefedc2-6f84-453f-89c3-d9dee7b531c8","Name":"FallbackIntegrationInstance","Value":"f92c5e0e-7086-4b31-b118-b3239eb5bc1d"},{"ParentStepIdentifier":"c7b37745-4d40-49d7-ab68-5163e271fddc","ParentWorkflowIdentifier":"6fefedc2-6f84-453f-89c3-d9dee7b531c8","Name":"IntegrationInstance","Value":"AutomaticEnvironment"},{"ParentStepIdentifier":"c7b37745-4d40-49d7-ab68-5163e271fddc","ParentWorkflowIdentifier":"6fefedc2-6f84-453f-89c3-d9dee7b531c8","Name":"MessageToAssignee","Value":null},{"ParentStepIdentifier":"c7b37745-4d40-49d7-ab68-5163e271fddc","ParentWorkflowIdentifier":"6fefedc2-6f84-453f-89c3-d9dee7b531c8","Name":"PendingActionTimeout","Value":null},{"ParentStepIdentifier":"c7b37745-4d40-49d7-ab68-5163e271fddc","ParentWorkflowIdentifier":"6fefedc2-6f84-453f-89c3-d9dee7b531c8","Name":"ScriptName","Value":"Siemplify_Create Entity"},{"ParentStepIdentifier":"c7b37745-4d40-49d7-ab68-5163e271fddc","ParentWorkflowIdentifier":"6fefedc2-6f84-453f-89c3-d9dee7b531c8","Name":"ScriptParametersEntityFields","Value":"{\"Entities Identifies\":\"[Input.hosts_list]\",\"Delimiter\":\",\",\"Entity Type\":\"HOSTNAME\",\"Is Internal\":false,\"Is Suspicious\":false}"},{"ParentStepIdentifier":"c7b37745-4d40-49d7-ab68-5163e271fddc","ParentWorkflowIdentifier":"6fefedc2-6f84-453f-89c3-d9dee7b531c8","Name":"SelectedScopeName","Value":"All entities"}],"AutoSkipOnFailure":true,"IsDebugMockData":false,"StepDebugData":null}],"Triggers":[{"Identifier":"75393faf-7cfe-46c7-8e13-6d84349de35c","IsEnabled":true,"DefinitionIdentifier":"6fefedc2-6f84-453f-89c3-d9dee7b531c8","Type":11,"WorkflowName":null,"LogicalOperator":0,"Conditions":[{"FieldName":"hosts_list","Value":"\"\"","MatchType":0},{"FieldName":"ips_list","Value":"\"\"","MatchType":0},{"FieldName":"users_list","Value":"\"\"","MatchType":0},{"FieldName":"urls_list","Value":"\"\"","MatchType":0},{"FieldName":"hashes_list","Value":"\"\"","MatchType":0},{"FieldName":"email_subjects_list","Value":"\"\"","MatchType":0},{"FieldName":"processes_list","Value":"\"\"","MatchType":0}],"Environments":["*"]}],"Environments":["*"]}}