{"CategoryName":"Siemplify Use Cases","OverviewTemplatesDetails":[],"WidgetTemplates":null,"Definition":{"Identifier":"48a829b1-3ed5-49fa-aa51-203f97ed957d","IsEnable":true,"Version":0.0,"IsArchived":false,"IsAutomatic":true,"Name":"Get Related Findings","Category":2,"Description":"Searches asset vulnerabilities and finds similar alerts using SCC and Chronicle, and updates alert score accordingly.","Priority":2,"Creator":"3b2f0bdd-a85e-4221-9d95-89477d2f048b","VersionCreator":null,"VersionComment":null,"OriginalWorkflowIdentifier":"48a829b1-3ed5-49fa-aa51-203f97ed957d","TemplateName":null,"PlaybookType":1,"IsDebugMode":false,"DebugBaseAlertIdentifier":null,"DebugAlertIdentifier":null,"SimulationClone":false,"Steps":[{"Identifier":"0982f483-fa37-443b-ae21-1367011b7559","OriginalStepIdentifier":"a21069b6-ce37-420c-aa39-4cf803a0fe9b","ParentWorkflowIdentifier":"48a829b1-3ed5-49fa-aa51-203f97ed957d","ParentStepIdentifiers":["124f81b8-951b-4bff-bca2-3181506d5692"],"ParentStepIdentifier":"124f81b8-951b-4bff-bca2-3181506d5692","PreviousResultCondition":"{\"124f81b8-951b-4bff-bca2-3181506d5692\":\"1\"}","InstanceName":"Update score reason","IsAutomatic":true,"Name":"Tools_Set Context Value","IsSkippable":false,"Description":"The action sets a key and value in a specific context (alert or case)","ActionProvider":"Scripts","ActionName":"Tools_Set Context Value","Type":0,"Integration":"Tools","Parameters":[{"ParentStepIdentifier":"0982f483-fa37-443b-ae21-1367011b7559","ParentWorkflowIdentifier":"48a829b1-3ed5-49fa-aa51-203f97ed957d","Name":"AssignedUsers","Value":null},{"ParentStepIdentifier":"0982f483-fa37-443b-ae21-1367011b7559","ParentWorkflowIdentifier":"48a829b1-3ed5-49fa-aa51-203f97ed957d","Name":"AsyncActionTimeout","Value":"86400"},{"ParentStepIdentifier":"0982f483-fa37-443b-ae21-1367011b7559","ParentWorkflowIdentifier":"48a829b1-3ed5-49fa-aa51-203f97ed957d","Name":"AsyncPollingInterval","Value":"3600"},{"ParentStepIdentifier":"0982f483-fa37-443b-ae21-1367011b7559","ParentWorkflowIdentifier":"48a829b1-3ed5-49fa-aa51-203f97ed957d","Name":"FallbackIntegrationInstance","Value":null},{"ParentStepIdentifier":"0982f483-fa37-443b-ae21-1367011b7559","ParentWorkflowIdentifier":"48a829b1-3ed5-49fa-aa51-203f97ed957d","Name":"IntegrationInstance","Value":"AutomaticEnvironment"},{"ParentStepIdentifier":"0982f483-fa37-443b-ae21-1367011b7559","ParentWorkflowIdentifier":"48a829b1-3ed5-49fa-aa51-203f97ed957d","Name":"MessageToAssignee","Value":null},{"ParentStepIdentifier":"0982f483-fa37-443b-ae21-1367011b7559","ParentWorkflowIdentifier":"48a829b1-3ed5-49fa-aa51-203f97ed957d","Name":"PendingActionTimeout","Value":null},{"ParentStepIdentifier":"0982f483-fa37-443b-ae21-1367011b7559","ParentWorkflowIdentifier":"48a829b1-3ed5-49fa-aa51-203f97ed957d","Name":"ScriptName","Value":"Tools_Set Context Value"},{"ParentStepIdentifier":"0982f483-fa37-443b-ae21-1367011b7559","ParentWorkflowIdentifier":"48a829b1-3ed5-49fa-aa51-203f97ed957d","Name":"ScriptParametersEntityFields","Value":"{\"Value\":\"Similar alerts were found in the organization\",\"Key\":\"Reason_5\",\"Scope\":\"Alert\"}"},{"ParentStepIdentifier":"0982f483-fa37-443b-ae21-1367011b7559","ParentWorkflowIdentifier":"48a829b1-3ed5-49fa-aa51-203f97ed957d","Name":"SelectedScopeName","Value":"All entities"}],"AutoSkipOnFailure":true,"IsDebugMockData":false,"StepDebugData":null},{"Identifier":"102b24c5-c664-401f-b26c-45c6719d9060","OriginalStepIdentifier":"3c27abaa-79b4-4fdd-96b5-d4aa095a648c","ParentWorkflowIdentifier":"48a829b1-3ed5-49fa-aa51-203f97ed957d","ParentStepIdentifiers":["37bf26b6-ec62-412a-b842-65669cb23fab"],"ParentStepIdentifier":"37bf26b6-ec62-412a-b842-65669cb23fab","PreviousResultCondition":"{}","InstanceName":"Alert Score 4","IsAutomatic":true,"Name":"Tools_Update Alert Score","IsSkippable":false,"Description":"This will update the alert score by the amount supplied in the 'Input' parameter. ","ActionProvider":"Scripts","ActionName":"Tools_Update Alert Score","Type":0,"Integration":"Tools","Parameters":[{"ParentStepIdentifier":"102b24c5-c664-401f-b26c-45c6719d9060","ParentWorkflowIdentifier":"48a829b1-3ed5-49fa-aa51-203f97ed957d","Name":"AssignedUsers","Value":null},{"ParentStepIdentifier":"102b24c5-c664-401f-b26c-45c6719d9060","ParentWorkflowIdentifier":"48a829b1-3ed5-49fa-aa51-203f97ed957d","Name":"AsyncActionTimeout","Value":"86400"},{"ParentStepIdentifier":"102b24c5-c664-401f-b26c-45c6719d9060","ParentWorkflowIdentifier":"48a829b1-3ed5-49fa-aa51-203f97ed957d","Name":"AsyncPollingInterval","Value":"3600"},{"ParentStepIdentifier":"102b24c5-c664-401f-b26c-45c6719d9060","ParentWorkflowIdentifier":"48a829b1-3ed5-49fa-aa51-203f97ed957d","Name":"FallbackIntegrationInstance","Value":null},{"ParentStepIdentifier":"102b24c5-c664-401f-b26c-45c6719d9060","ParentWorkflowIdentifier":"48a829b1-3ed5-49fa-aa51-203f97ed957d","Name":"IntegrationInstance","Value":"AutomaticEnvironment"},{"ParentStepIdentifier":"102b24c5-c664-401f-b26c-45c6719d9060","ParentWorkflowIdentifier":"48a829b1-3ed5-49fa-aa51-203f97ed957d","Name":"MessageToAssignee","Value":null},{"ParentStepIdentifier":"102b24c5-c664-401f-b26c-45c6719d9060","ParentWorkflowIdentifier":"48a829b1-3ed5-49fa-aa51-203f97ed957d","Name":"PendingActionTimeout","Value":null},{"ParentStepIdentifier":"102b24c5-c664-401f-b26c-45c6719d9060","ParentWorkflowIdentifier":"48a829b1-3ed5-49fa-aa51-203f97ed957d","Name":"ScriptName","Value":"Tools_Update Alert Score"},{"ParentStepIdentifier":"102b24c5-c664-401f-b26c-45c6719d9060","ParentWorkflowIdentifier":"48a829b1-3ed5-49fa-aa51-203f97ed957d","Name":"ScriptParametersEntityFields","Value":"{\"Input\":\"+5\"}"},{"ParentStepIdentifier":"102b24c5-c664-401f-b26c-45c6719d9060","ParentWorkflowIdentifier":"48a829b1-3ed5-49fa-aa51-203f97ed957d","Name":"SelectedScopeName","Value":"All entities"}],"AutoSkipOnFailure":true,"IsDebugMockData":false,"StepDebugData":null},{"Identifier":"124f81b8-951b-4bff-bca2-3181506d5692","OriginalStepIdentifier":"6fe403ec-ef98-4912-9a0b-e9a80f1ae398","ParentWorkflowIdentifier":"48a829b1-3ed5-49fa-aa51-203f97ed957d","ParentStepIdentifiers":["7f1788e3-664d-4424-9528-95250688bafe"],"ParentStepIdentifier":"7f1788e3-664d-4424-9528-95250688bafe","PreviousResultCondition":"{}","InstanceName":"Score by Similar Alerts","IsAutomatic":true,"Name":"Condition","IsSkippable":false,"Description":"This condition determines the progress of the playbook. Conditions are built based on cases data (cases, alerts, vents, entities and environment properties) as-well as data that comes back from previous playbook steps.","ActionProvider":"Flow","ActionName":"IfFlowCondition","Type":4,"Integration":"Flow","Parameters":[{"ParentStepIdentifier":"124f81b8-951b-4bff-bca2-3181506d5692","ParentWorkflowIdentifier":"48a829b1-3ed5-49fa-aa51-203f97ed957d","Name":"AssignedUsers","Value":null},{"ParentStepIdentifier":"124f81b8-951b-4bff-bca2-3181506d5692","ParentWorkflowIdentifier":"48a829b1-3ed5-49fa-aa51-203f97ed957d","Name":"Branches","Value":"[{\"LogicalOperator\":0,\"Conditions\":[{\"Operator\":3,\"FieldName\":\"[GoogleChronicle_Lookup Similar Alerts_1.JsonResult| \\\"distinct\\\" | count()]\",\"Type\":2,\"Value\":\"0\"}],\"Order\":1,\"IsDefaultBranch\":false,\"Name\":\"YES\"},{\"LogicalOperator\":0,\"Conditions\":[],\"Order\":2,\"IsDefaultBranch\":true,\"Name\":\"Branch\"}]"},{"ParentStepIdentifier":"124f81b8-951b-4bff-bca2-3181506d5692","ParentWorkflowIdentifier":"48a829b1-3ed5-49fa-aa51-203f97ed957d","Name":"ErrorFallbackBranch","Value":"2"},{"ParentStepIdentifier":"124f81b8-951b-4bff-bca2-3181506d5692","ParentWorkflowIdentifier":"48a829b1-3ed5-49fa-aa51-203f97ed957d","Name":"MessageToAssignee","Value":null},{"ParentStepIdentifier":"124f81b8-951b-4bff-bca2-3181506d5692","ParentWorkflowIdentifier":"48a829b1-3ed5-49fa-aa51-203f97ed957d","Name":"PendingActionTimeout","Value":null},{"ParentStepIdentifier":"124f81b8-951b-4bff-bca2-3181506d5692","ParentWorkflowIdentifier":"48a829b1-3ed5-49fa-aa51-203f97ed957d","Name":"SelectedScopeName","Value":"All entities"}],"AutoSkipOnFailure":false,"IsDebugMockData":false,"StepDebugData":null},{"Identifier":"21577b74-ef9e-4ed0-8028-0a8a94e7f4fa","OriginalStepIdentifier":"c698eeda-2170-4abb-a243-4c35a0f8cc5c","ParentWorkflowIdentifier":"48a829b1-3ed5-49fa-aa51-203f97ed957d","ParentStepIdentifiers":["6cbcd5cd-1880-41ed-b489-35d8fc8d6b1e"],"ParentStepIdentifier":"6cbcd5cd-1880-41ed-b489-35d8fc8d6b1e","PreviousResultCondition":"{}","InstanceName":"Alert Score 1","IsAutomatic":true,"Name":"Tools_Update Alert Score","IsSkippable":false,"Description":"This will update the alert score by the amount supplied in the 'Input' parameter. ","ActionProvider":"Scripts","ActionName":"Tools_Update Alert Score","Type":0,"Integration":"Tools","Parameters":[{"ParentStepIdentifier":"21577b74-ef9e-4ed0-8028-0a8a94e7f4fa","ParentWorkflowIdentifier":"48a829b1-3ed5-49fa-aa51-203f97ed957d","Name":"AssignedUsers","Value":null},{"ParentStepIdentifier":"21577b74-ef9e-4ed0-8028-0a8a94e7f4fa","ParentWorkflowIdentifier":"48a829b1-3ed5-49fa-aa51-203f97ed957d","Name":"AsyncActionTimeout","Value":"86400"},{"ParentStepIdentifier":"21577b74-ef9e-4ed0-8028-0a8a94e7f4fa","ParentWorkflowIdentifier":"48a829b1-3ed5-49fa-aa51-203f97ed957d","Name":"AsyncPollingInterval","Value":"3600"},{"ParentStepIdentifier":"21577b74-ef9e-4ed0-8028-0a8a94e7f4fa","ParentWorkflowIdentifier":"48a829b1-3ed5-49fa-aa51-203f97ed957d","Name":"FallbackIntegrationInstance","Value":null},{"ParentStepIdentifier":"21577b74-ef9e-4ed0-8028-0a8a94e7f4fa","ParentWorkflowIdentifier":"48a829b1-3ed5-49fa-aa51-203f97ed957d","Name":"IntegrationInstance","Value":"AutomaticEnvironment"},{"ParentStepIdentifier":"21577b74-ef9e-4ed0-8028-0a8a94e7f4fa","ParentWorkflowIdentifier":"48a829b1-3ed5-49fa-aa51-203f97ed957d","Name":"MessageToAssignee","Value":null},{"ParentStepIdentifier":"21577b74-ef9e-4ed0-8028-0a8a94e7f4fa","ParentWorkflowIdentifier":"48a829b1-3ed5-49fa-aa51-203f97ed957d","Name":"PendingActionTimeout","Value":null},{"ParentStepIdentifier":"21577b74-ef9e-4ed0-8028-0a8a94e7f4fa","ParentWorkflowIdentifier":"48a829b1-3ed5-49fa-aa51-203f97ed957d","Name":"ScriptName","Value":"Tools_Update Alert Score"},{"ParentStepIdentifier":"21577b74-ef9e-4ed0-8028-0a8a94e7f4fa","ParentWorkflowIdentifier":"48a829b1-3ed5-49fa-aa51-203f97ed957d","Name":"ScriptParametersEntityFields","Value":"{\"Input\":\"+20\"}"},{"ParentStepIdentifier":"21577b74-ef9e-4ed0-8028-0a8a94e7f4fa","ParentWorkflowIdentifier":"48a829b1-3ed5-49fa-aa51-203f97ed957d","Name":"SelectedScopeName","Value":"All entities"}],"AutoSkipOnFailure":true,"IsDebugMockData":false,"StepDebugData":null},{"Identifier":"37bf26b6-ec62-412a-b842-65669cb23fab","OriginalStepIdentifier":"a5fe8d18-abc4-4d35-b92e-e78f4a1e996a","ParentWorkflowIdentifier":"48a829b1-3ed5-49fa-aa51-203f97ed957d","ParentStepIdentifiers":["71a6886f-2b3b-4509-b719-f18f978ba9b5"],"ParentStepIdentifier":"71a6886f-2b3b-4509-b719-f18f978ba9b5","PreviousResultCondition":"{\"71a6886f-2b3b-4509-b719-f18f978ba9b5\":\"4\"}","InstanceName":"Update Score Reason SCC 4","IsAutomatic":true,"Name":"Tools_Set Context Value","IsSkippable":false,"Description":"The action sets a key and value in a specific context (alert or case)","ActionProvider":"Scripts","ActionName":"Tools_Set Context Value","Type":0,"Integration":"Tools","Parameters":[{"ParentStepIdentifier":"37bf26b6-ec62-412a-b842-65669cb23fab","ParentWorkflowIdentifier":"48a829b1-3ed5-49fa-aa51-203f97ed957d","Name":"AssignedUsers","Value":null},{"ParentStepIdentifier":"37bf26b6-ec62-412a-b842-65669cb23fab","ParentWorkflowIdentifier":"48a829b1-3ed5-49fa-aa51-203f97ed957d","Name":"AsyncActionTimeout","Value":"86400"},{"ParentStepIdentifier":"37bf26b6-ec62-412a-b842-65669cb23fab","ParentWorkflowIdentifier":"48a829b1-3ed5-49fa-aa51-203f97ed957d","Name":"AsyncPollingInterval","Value":"3600"},{"ParentStepIdentifier":"37bf26b6-ec62-412a-b842-65669cb23fab","ParentWorkflowIdentifier":"48a829b1-3ed5-49fa-aa51-203f97ed957d","Name":"FallbackIntegrationInstance","Value":null},{"ParentStepIdentifier":"37bf26b6-ec62-412a-b842-65669cb23fab","ParentWorkflowIdentifier":"48a829b1-3ed5-49fa-aa51-203f97ed957d","Name":"IntegrationInstance","Value":"AutomaticEnvironment"},{"ParentStepIdentifier":"37bf26b6-ec62-412a-b842-65669cb23fab","ParentWorkflowIdentifier":"48a829b1-3ed5-49fa-aa51-203f97ed957d","Name":"MessageToAssignee","Value":null},{"ParentStepIdentifier":"37bf26b6-ec62-412a-b842-65669cb23fab","ParentWorkflowIdentifier":"48a829b1-3ed5-49fa-aa51-203f97ed957d","Name":"PendingActionTimeout","Value":null},{"ParentStepIdentifier":"37bf26b6-ec62-412a-b842-65669cb23fab","ParentWorkflowIdentifier":"48a829b1-3ed5-49fa-aa51-203f97ed957d","Name":"ScriptName","Value":"Tools_Set Context Value"},{"ParentStepIdentifier":"37bf26b6-ec62-412a-b842-65669cb23fab","ParentWorkflowIdentifier":"48a829b1-3ed5-49fa-aa51-203f97ed957d","Name":"ScriptParametersEntityFields","Value":"{\"Value\":\"Low priority asset vulnerabilities were found in SCC\",\"Key\":\"Reason_2\",\"Scope\":\"Alert\"}"},{"ParentStepIdentifier":"37bf26b6-ec62-412a-b842-65669cb23fab","ParentWorkflowIdentifier":"48a829b1-3ed5-49fa-aa51-203f97ed957d","Name":"SelectedScopeName","Value":"All entities"}],"AutoSkipOnFailure":true,"IsDebugMockData":false,"StepDebugData":null},{"Identifier":"62379f2d-c7c6-45b4-b8b3-7df0a670c52e","OriginalStepIdentifier":"33528119-e1a5-47a7-a95d-5644cc42a5d6","ParentWorkflowIdentifier":"48a829b1-3ed5-49fa-aa51-203f97ed957d","ParentStepIdentifiers":["a2e8b693-0cc3-4e4d-a327-fa7a2201585e"],"ParentStepIdentifier":"a2e8b693-0cc3-4e4d-a327-fa7a2201585e","PreviousResultCondition":"{}","InstanceName":"Output_1","IsAutomatic":true,"Name":"Output","IsSkippable":false,"Description":"","ActionProvider":"Flow","ActionName":"OutputAction","Type":6,"Integration":"Flow","Parameters":[{"ParentStepIdentifier":"62379f2d-c7c6-45b4-b8b3-7df0a670c52e","ParentWorkflowIdentifier":"48a829b1-3ed5-49fa-aa51-203f97ed957d","Name":"NestedWorkflowOutput","Value":null}],"AutoSkipOnFailure":false,"IsDebugMockData":false,"StepDebugData":null},{"Identifier":"6cbcd5cd-1880-41ed-b489-35d8fc8d6b1e","OriginalStepIdentifier":"cd50f8b5-271a-4664-b1c6-21817f5bb1ee","ParentWorkflowIdentifier":"48a829b1-3ed5-49fa-aa51-203f97ed957d","ParentStepIdentifiers":["71a6886f-2b3b-4509-b719-f18f978ba9b5"],"ParentStepIdentifier":"71a6886f-2b3b-4509-b719-f18f978ba9b5","PreviousResultCondition":"{\"71a6886f-2b3b-4509-b719-f18f978ba9b5\":\"1\"}","InstanceName":"Update Score reason SCC 1","IsAutomatic":true,"Name":"Tools_Set Context Value","IsSkippable":false,"Description":"The action sets a key and value in a specific context (alert or case)","ActionProvider":"Scripts","ActionName":"Tools_Set Context Value","Type":0,"Integration":"Tools","Parameters":[{"ParentStepIdentifier":"6cbcd5cd-1880-41ed-b489-35d8fc8d6b1e","ParentWorkflowIdentifier":"48a829b1-3ed5-49fa-aa51-203f97ed957d","Name":"AssignedUsers","Value":null},{"ParentStepIdentifier":"6cbcd5cd-1880-41ed-b489-35d8fc8d6b1e","ParentWorkflowIdentifier":"48a829b1-3ed5-49fa-aa51-203f97ed957d","Name":"AsyncActionTimeout","Value":"86400"},{"ParentStepIdentifier":"6cbcd5cd-1880-41ed-b489-35d8fc8d6b1e","ParentWorkflowIdentifier":"48a829b1-3ed5-49fa-aa51-203f97ed957d","Name":"AsyncPollingInterval","Value":"3600"},{"ParentStepIdentifier":"6cbcd5cd-1880-41ed-b489-35d8fc8d6b1e","ParentWorkflowIdentifier":"48a829b1-3ed5-49fa-aa51-203f97ed957d","Name":"FallbackIntegrationInstance","Value":null},{"ParentStepIdentifier":"6cbcd5cd-1880-41ed-b489-35d8fc8d6b1e","ParentWorkflowIdentifier":"48a829b1-3ed5-49fa-aa51-203f97ed957d","Name":"IntegrationInstance","Value":"AutomaticEnvironment"},{"ParentStepIdentifier":"6cbcd5cd-1880-41ed-b489-35d8fc8d6b1e","ParentWorkflowIdentifier":"48a829b1-3ed5-49fa-aa51-203f97ed957d","Name":"MessageToAssignee","Value":null},{"ParentStepIdentifier":"6cbcd5cd-1880-41ed-b489-35d8fc8d6b1e","ParentWorkflowIdentifier":"48a829b1-3ed5-49fa-aa51-203f97ed957d","Name":"PendingActionTimeout","Value":null},{"ParentStepIdentifier":"6cbcd5cd-1880-41ed-b489-35d8fc8d6b1e","ParentWorkflowIdentifier":"48a829b1-3ed5-49fa-aa51-203f97ed957d","Name":"ScriptName","Value":"Tools_Set Context Value"},{"ParentStepIdentifier":"6cbcd5cd-1880-41ed-b489-35d8fc8d6b1e","ParentWorkflowIdentifier":"48a829b1-3ed5-49fa-aa51-203f97ed957d","Name":"ScriptParametersEntityFields","Value":"{\"Value\":\"Critical asset vulnerabilities were found in SCC\",\"Key\":\"Reason_1\",\"Scope\":\"Alert\"}"},{"ParentStepIdentifier":"6cbcd5cd-1880-41ed-b489-35d8fc8d6b1e","ParentWorkflowIdentifier":"48a829b1-3ed5-49fa-aa51-203f97ed957d","Name":"SelectedScopeName","Value":"All entities"}],"AutoSkipOnFailure":true,"IsDebugMockData":false,"StepDebugData":null},{"Identifier":"71a6886f-2b3b-4509-b719-f18f978ba9b5","OriginalStepIdentifier":"56ef856d-e360-4acf-9ef2-67737374919f","ParentWorkflowIdentifier":"48a829b1-3ed5-49fa-aa51-203f97ed957d","ParentStepIdentifiers":["7c619ae3-8f01-404c-b864-2fcd158babe7"],"ParentStepIdentifier":"7c619ae3-8f01-404c-b864-2fcd158babe7","PreviousResultCondition":"{}","InstanceName":"Score by Asset Vulnerabilities","IsAutomatic":true,"Name":"Condition","IsSkippable":false,"Description":"This condition determines the progress of the playbook. Conditions are built based on cases data (cases, alerts, vents, entities and environment properties) as-well as data that comes back from previous playbook steps.","ActionProvider":"Flow","ActionName":"IfFlowCondition","Type":4,"Integration":"Flow","Parameters":[{"ParentStepIdentifier":"71a6886f-2b3b-4509-b719-f18f978ba9b5","ParentWorkflowIdentifier":"48a829b1-3ed5-49fa-aa51-203f97ed957d","Name":"AssignedUsers","Value":null},{"ParentStepIdentifier":"71a6886f-2b3b-4509-b719-f18f978ba9b5","ParentWorkflowIdentifier":"48a829b1-3ed5-49fa-aa51-203f97ed957d","Name":"Branches","Value":"[{\"LogicalOperator\":0,\"Conditions\":[{\"Operator\":3,\"FieldName\":\"[GoogleSecurityCommandCenter_List Asset Vulnerabilities_1.JsonResult| \\\"results.vulnerabilities.statistics.critical\\\"]\",\"Type\":2,\"Value\":\"0\"}],\"Order\":1,\"IsDefaultBranch\":false,\"Name\":\"Critical\"},{\"LogicalOperator\":0,\"Conditions\":[],\"Order\":5,\"IsDefaultBranch\":true,\"Name\":\"Branch\"},{\"LogicalOperator\":0,\"Conditions\":[{\"Operator\":3,\"FieldName\":\"[GoogleSecurityCommandCenter_List Asset Vulnerabilities_1.JsonResult| \\\"results.vulnerabilities.statistics.high\\\"]\",\"Type\":2,\"Value\":\"0\"}],\"Order\":2,\"IsDefaultBranch\":false,\"Name\":\"High\"},{\"LogicalOperator\":0,\"Conditions\":[{\"Operator\":3,\"FieldName\":\"[GoogleSecurityCommandCenter_List Asset Vulnerabilities_1.JsonResult| \\\"results.vulnerabilities.statistics.medium\\\"]\",\"Type\":2,\"Value\":\"0\"}],\"Order\":3,\"IsDefaultBranch\":false,\"Name\":\"Branch\"},{\"LogicalOperator\":0,\"Conditions\":[{\"Operator\":3,\"FieldName\":\"[GoogleSecurityCommandCenter_List Asset Vulnerabilities_1.JsonResult| \\\"results.vulnerabilities.statistics.low\\\"]\",\"Type\":2,\"Value\":\"0\"}],\"Order\":4,\"IsDefaultBranch\":false,\"Name\":\"Branch\"}]"},{"ParentStepIdentifier":"71a6886f-2b3b-4509-b719-f18f978ba9b5","ParentWorkflowIdentifier":"48a829b1-3ed5-49fa-aa51-203f97ed957d","Name":"ErrorFallbackBranch","Value":"5"},{"ParentStepIdentifier":"71a6886f-2b3b-4509-b719-f18f978ba9b5","ParentWorkflowIdentifier":"48a829b1-3ed5-49fa-aa51-203f97ed957d","Name":"MessageToAssignee","Value":null},{"ParentStepIdentifier":"71a6886f-2b3b-4509-b719-f18f978ba9b5","ParentWorkflowIdentifier":"48a829b1-3ed5-49fa-aa51-203f97ed957d","Name":"PendingActionTimeout","Value":null},{"ParentStepIdentifier":"71a6886f-2b3b-4509-b719-f18f978ba9b5","ParentWorkflowIdentifier":"48a829b1-3ed5-49fa-aa51-203f97ed957d","Name":"SelectedScopeName","Value":"All entities"}],"AutoSkipOnFailure":false,"IsDebugMockData":false,"StepDebugData":null},{"Identifier":"7a59f47f-0f19-4d07-8901-6741635f7aee","OriginalStepIdentifier":"325030f6-b826-43b1-be0f-4d3f5fb2f1f7","ParentWorkflowIdentifier":"48a829b1-3ed5-49fa-aa51-203f97ed957d","ParentStepIdentifiers":["71a6886f-2b3b-4509-b719-f18f978ba9b5"],"ParentStepIdentifier":"71a6886f-2b3b-4509-b719-f18f978ba9b5","PreviousResultCondition":"{\"71a6886f-2b3b-4509-b719-f18f978ba9b5\":\"3\"}","InstanceName":"Update Score reason SCC 3","IsAutomatic":true,"Name":"Tools_Set Context Value","IsSkippable":false,"Description":"The action sets a key and value in a specific context (alert or case)","ActionProvider":"Scripts","ActionName":"Tools_Set Context Value","Type":0,"Integration":"Tools","Parameters":[{"ParentStepIdentifier":"7a59f47f-0f19-4d07-8901-6741635f7aee","ParentWorkflowIdentifier":"48a829b1-3ed5-49fa-aa51-203f97ed957d","Name":"AssignedUsers","Value":null},{"ParentStepIdentifier":"7a59f47f-0f19-4d07-8901-6741635f7aee","ParentWorkflowIdentifier":"48a829b1-3ed5-49fa-aa51-203f97ed957d","Name":"AsyncActionTimeout","Value":"86400"},{"ParentStepIdentifier":"7a59f47f-0f19-4d07-8901-6741635f7aee","ParentWorkflowIdentifier":"48a829b1-3ed5-49fa-aa51-203f97ed957d","Name":"AsyncPollingInterval","Value":"3600"},{"ParentStepIdentifier":"7a59f47f-0f19-4d07-8901-6741635f7aee","ParentWorkflowIdentifier":"48a829b1-3ed5-49fa-aa51-203f97ed957d","Name":"FallbackIntegrationInstance","Value":null},{"ParentStepIdentifier":"7a59f47f-0f19-4d07-8901-6741635f7aee","ParentWorkflowIdentifier":"48a829b1-3ed5-49fa-aa51-203f97ed957d","Name":"IntegrationInstance","Value":"AutomaticEnvironment"},{"ParentStepIdentifier":"7a59f47f-0f19-4d07-8901-6741635f7aee","ParentWorkflowIdentifier":"48a829b1-3ed5-49fa-aa51-203f97ed957d","Name":"MessageToAssignee","Value":null},{"ParentStepIdentifier":"7a59f47f-0f19-4d07-8901-6741635f7aee","ParentWorkflowIdentifier":"48a829b1-3ed5-49fa-aa51-203f97ed957d","Name":"PendingActionTimeout","Value":null},{"ParentStepIdentifier":"7a59f47f-0f19-4d07-8901-6741635f7aee","ParentWorkflowIdentifier":"48a829b1-3ed5-49fa-aa51-203f97ed957d","Name":"ScriptName","Value":"Tools_Set Context Value"},{"ParentStepIdentifier":"7a59f47f-0f19-4d07-8901-6741635f7aee","ParentWorkflowIdentifier":"48a829b1-3ed5-49fa-aa51-203f97ed957d","Name":"ScriptParametersEntityFields","Value":"{\"Value\":\"Medium priority asset vulnerabilities were found in SCC\",\"Key\":\"Reason_3\",\"Scope\":\"Alert\"}"},{"ParentStepIdentifier":"7a59f47f-0f19-4d07-8901-6741635f7aee","ParentWorkflowIdentifier":"48a829b1-3ed5-49fa-aa51-203f97ed957d","Name":"SelectedScopeName","Value":"All entities"}],"AutoSkipOnFailure":true,"IsDebugMockData":false,"StepDebugData":null},{"Identifier":"7c619ae3-8f01-404c-b864-2fcd158babe7","OriginalStepIdentifier":"925fd15e-c058-4bca-8ce7-cb4a0eccd45e","ParentWorkflowIdentifier":"48a829b1-3ed5-49fa-aa51-203f97ed957d","ParentStepIdentifiers":["d83d010c-f3d9-4a43-bd4f-bf1d9b5e6ff5"],"ParentStepIdentifier":"d83d010c-f3d9-4a43-bd4f-bf1d9b5e6ff5","PreviousResultCondition":"{}","InstanceName":"GoogleSecurityCommandCenter_List Asset Vulnerabilities_1","IsAutomatic":true,"Name":"GoogleSecurityCommandCenter_List Asset Vulnerabilities","IsSkippable":false,"Description":"List vulnerabilities related to the entities in Google Security Command Center.","ActionProvider":"Scripts","ActionName":"GoogleSecurityCommandCenter_List Asset Vulnerabilities","Type":0,"Integration":"GoogleSecurityCommandCenter","Parameters":[{"ParentStepIdentifier":"7c619ae3-8f01-404c-b864-2fcd158babe7","ParentWorkflowIdentifier":"48a829b1-3ed5-49fa-aa51-203f97ed957d","Name":"AssignedUsers","Value":null},{"ParentStepIdentifier":"7c619ae3-8f01-404c-b864-2fcd158babe7","ParentWorkflowIdentifier":"48a829b1-3ed5-49fa-aa51-203f97ed957d","Name":"AsyncActionTimeout","Value":"86400"},{"ParentStepIdentifier":"7c619ae3-8f01-404c-b864-2fcd158babe7","ParentWorkflowIdentifier":"48a829b1-3ed5-49fa-aa51-203f97ed957d","Name":"AsyncPollingInterval","Value":"3600"},{"ParentStepIdentifier":"7c619ae3-8f01-404c-b864-2fcd158babe7","ParentWorkflowIdentifier":"48a829b1-3ed5-49fa-aa51-203f97ed957d","Name":"FallbackIntegrationInstance","Value":null},{"ParentStepIdentifier":"7c619ae3-8f01-404c-b864-2fcd158babe7","ParentWorkflowIdentifier":"48a829b1-3ed5-49fa-aa51-203f97ed957d","Name":"IntegrationInstance","Value":"AutomaticEnvironment"},{"ParentStepIdentifier":"7c619ae3-8f01-404c-b864-2fcd158babe7","ParentWorkflowIdentifier":"48a829b1-3ed5-49fa-aa51-203f97ed957d","Name":"MessageToAssignee","Value":null},{"ParentStepIdentifier":"7c619ae3-8f01-404c-b864-2fcd158babe7","ParentWorkflowIdentifier":"48a829b1-3ed5-49fa-aa51-203f97ed957d","Name":"PendingActionTimeout","Value":null},{"ParentStepIdentifier":"7c619ae3-8f01-404c-b864-2fcd158babe7","ParentWorkflowIdentifier":"48a829b1-3ed5-49fa-aa51-203f97ed957d","Name":"ScriptName","Value":"GoogleSecurityCommandCenter_List Asset Vulnerabilities"},{"ParentStepIdentifier":"7c619ae3-8f01-404c-b864-2fcd158babe7","ParentWorkflowIdentifier":"48a829b1-3ed5-49fa-aa51-203f97ed957d","Name":"ScriptParametersEntityFields","Value":"{\"Asset Resource Names\":\"[Event.event_securityResult_1_about_resource_name]\",\"Timeframe\":\"All Time\",\"Record Types\":\"Vulnerabilities + Misconfigurations\",\"Output Type\":\"Statistics + Data\",\"Max Records To Return\":\"100\"}"},{"ParentStepIdentifier":"7c619ae3-8f01-404c-b864-2fcd158babe7","ParentWorkflowIdentifier":"48a829b1-3ed5-49fa-aa51-203f97ed957d","Name":"SelectedScopeName","Value":"All entities"}],"AutoSkipOnFailure":true,"IsDebugMockData":false,"StepDebugData":null},{"Identifier":"7f1788e3-664d-4424-9528-95250688bafe","OriginalStepIdentifier":"4b07a964-be9a-4f97-a259-0534b1cb8ce8","ParentWorkflowIdentifier":"48a829b1-3ed5-49fa-aa51-203f97ed957d","ParentStepIdentifiers":["21577b74-ef9e-4ed0-8028-0a8a94e7f4fa","71a6886f-2b3b-4509-b719-f18f978ba9b5","102b24c5-c664-401f-b26c-45c6719d9060","dff1a42a-5a29-49ff-a235-97af8a64cf05","f317f14c-3cf7-464c-88b0-cd8fea973334"],"ParentStepIdentifier":"21577b74-ef9e-4ed0-8028-0a8a94e7f4fa;71a6886f-2b3b-4509-b719-f18f978ba9b5;102b24c5-c664-401f-b26c-45c6719d9060;dff1a42a-5a29-49ff-a235-97af8a64cf05;f317f14c-3cf7-464c-88b0-cd8fea973334","PreviousResultCondition":"{\"71a6886f-2b3b-4509-b719-f18f978ba9b5\":\"5\"}","InstanceName":"GoogleChronicle_Lookup Similar Alerts_1","IsAutomatic":true,"Name":"GoogleChronicle_Lookup Similar Alerts","IsSkippable":false,"Description":"Lookup similar alerts in Google Chronicle. Supported Chronicle alert types: RULE, EXTERNAL, IOC. Note: this action can only work with alerts that come from the \"Chronicle Alerts Connector\". Note: action can only fetch 10000 alerts. Make sure to narrow down the timeframe for better results.","ActionProvider":"Scripts","ActionName":"GoogleChronicle_Lookup Similar Alerts","Type":0,"Integration":"GoogleChronicle","Parameters":[{"ParentStepIdentifier":"7f1788e3-664d-4424-9528-95250688bafe","ParentWorkflowIdentifier":"48a829b1-3ed5-49fa-aa51-203f97ed957d","Name":"AssignedUsers","Value":null},{"ParentStepIdentifier":"7f1788e3-664d-4424-9528-95250688bafe","ParentWorkflowIdentifier":"48a829b1-3ed5-49fa-aa51-203f97ed957d","Name":"AsyncActionTimeout","Value":"86400"},{"ParentStepIdentifier":"7f1788e3-664d-4424-9528-95250688bafe","ParentWorkflowIdentifier":"48a829b1-3ed5-49fa-aa51-203f97ed957d","Name":"AsyncPollingInterval","Value":"3600"},{"ParentStepIdentifier":"7f1788e3-664d-4424-9528-95250688bafe","ParentWorkflowIdentifier":"48a829b1-3ed5-49fa-aa51-203f97ed957d","Name":"FallbackIntegrationInstance","Value":null},{"ParentStepIdentifier":"7f1788e3-664d-4424-9528-95250688bafe","ParentWorkflowIdentifier":"48a829b1-3ed5-49fa-aa51-203f97ed957d","Name":"IntegrationInstance","Value":"AutomaticEnvironment"},{"ParentStepIdentifier":"7f1788e3-664d-4424-9528-95250688bafe","ParentWorkflowIdentifier":"48a829b1-3ed5-49fa-aa51-203f97ed957d","Name":"MessageToAssignee","Value":null},{"ParentStepIdentifier":"7f1788e3-664d-4424-9528-95250688bafe","ParentWorkflowIdentifier":"48a829b1-3ed5-49fa-aa51-203f97ed957d","Name":"PendingActionTimeout","Value":null},{"ParentStepIdentifier":"7f1788e3-664d-4424-9528-95250688bafe","ParentWorkflowIdentifier":"48a829b1-3ed5-49fa-aa51-203f97ed957d","Name":"ScriptName","Value":"GoogleChronicle_Lookup Similar Alerts"},{"ParentStepIdentifier":"7f1788e3-664d-4424-9528-95250688bafe","ParentWorkflowIdentifier":"48a829b1-3ed5-49fa-aa51-203f97ed957d","Name":"ScriptParametersEntityFields","Value":"{\"Time Frame\":\"Last Week\",\"IOCs / Assets\":\"[Functions_String Functions_1.ScriptResult]\",\"Similarity By\":\"Alert Name and Alert Type\"}"},{"ParentStepIdentifier":"7f1788e3-664d-4424-9528-95250688bafe","ParentWorkflowIdentifier":"48a829b1-3ed5-49fa-aa51-203f97ed957d","Name":"SelectedScopeName","Value":"All entities"}],"AutoSkipOnFailure":true,"IsDebugMockData":false,"StepDebugData":null},{"Identifier":"a2e8b693-0cc3-4e4d-a327-fa7a2201585e","OriginalStepIdentifier":"1bfad195-ae7c-460d-ae82-0bcace2c78ae","ParentWorkflowIdentifier":"48a829b1-3ed5-49fa-aa51-203f97ed957d","ParentStepIdentifiers":["0982f483-fa37-443b-ae21-1367011b7559"],"ParentStepIdentifier":"0982f483-fa37-443b-ae21-1367011b7559","PreviousResultCondition":"{}","InstanceName":"Tools_Update Alert Score","IsAutomatic":true,"Name":"Tools_Update Alert Score","IsSkippable":false,"Description":"This will update the alert score by the amount supplied in the 'Input' parameter. ","ActionProvider":"Scripts","ActionName":"Tools_Update Alert Score","Type":0,"Integration":"Tools","Parameters":[{"ParentStepIdentifier":"a2e8b693-0cc3-4e4d-a327-fa7a2201585e","ParentWorkflowIdentifier":"48a829b1-3ed5-49fa-aa51-203f97ed957d","Name":"AssignedUsers","Value":null},{"ParentStepIdentifier":"a2e8b693-0cc3-4e4d-a327-fa7a2201585e","ParentWorkflowIdentifier":"48a829b1-3ed5-49fa-aa51-203f97ed957d","Name":"AsyncActionTimeout","Value":"86400"},{"ParentStepIdentifier":"a2e8b693-0cc3-4e4d-a327-fa7a2201585e","ParentWorkflowIdentifier":"48a829b1-3ed5-49fa-aa51-203f97ed957d","Name":"AsyncPollingInterval","Value":"3600"},{"ParentStepIdentifier":"a2e8b693-0cc3-4e4d-a327-fa7a2201585e","ParentWorkflowIdentifier":"48a829b1-3ed5-49fa-aa51-203f97ed957d","Name":"FallbackIntegrationInstance","Value":null},{"ParentStepIdentifier":"a2e8b693-0cc3-4e4d-a327-fa7a2201585e","ParentWorkflowIdentifier":"48a829b1-3ed5-49fa-aa51-203f97ed957d","Name":"IntegrationInstance","Value":"AutomaticEnvironment"},{"ParentStepIdentifier":"a2e8b693-0cc3-4e4d-a327-fa7a2201585e","ParentWorkflowIdentifier":"48a829b1-3ed5-49fa-aa51-203f97ed957d","Name":"MessageToAssignee","Value":null},{"ParentStepIdentifier":"a2e8b693-0cc3-4e4d-a327-fa7a2201585e","ParentWorkflowIdentifier":"48a829b1-3ed5-49fa-aa51-203f97ed957d","Name":"PendingActionTimeout","Value":null},{"ParentStepIdentifier":"a2e8b693-0cc3-4e4d-a327-fa7a2201585e","ParentWorkflowIdentifier":"48a829b1-3ed5-49fa-aa51-203f97ed957d","Name":"ScriptName","Value":"Tools_Update Alert Score"},{"ParentStepIdentifier":"a2e8b693-0cc3-4e4d-a327-fa7a2201585e","ParentWorkflowIdentifier":"48a829b1-3ed5-49fa-aa51-203f97ed957d","Name":"ScriptParametersEntityFields","Value":"{\"Input\":\"+5\"}"},{"ParentStepIdentifier":"a2e8b693-0cc3-4e4d-a327-fa7a2201585e","ParentWorkflowIdentifier":"48a829b1-3ed5-49fa-aa51-203f97ed957d","Name":"SelectedScopeName","Value":"All entities"}],"AutoSkipOnFailure":true,"IsDebugMockData":false,"StepDebugData":null},{"Identifier":"b4943910-408e-44e1-b880-8861517bb7af","OriginalStepIdentifier":"46308b6d-4708-47de-9730-303e6bff23d0","ParentWorkflowIdentifier":"48a829b1-3ed5-49fa-aa51-203f97ed957d","ParentStepIdentifiers":["71a6886f-2b3b-4509-b719-f18f978ba9b5"],"ParentStepIdentifier":"71a6886f-2b3b-4509-b719-f18f978ba9b5","PreviousResultCondition":"{\"71a6886f-2b3b-4509-b719-f18f978ba9b5\":\"2\"}","InstanceName":"Update Score reason SCC 2","IsAutomatic":true,"Name":"Tools_Set Context Value","IsSkippable":false,"Description":"The action sets a key and value in a specific context (alert or case)","ActionProvider":"Scripts","ActionName":"Tools_Set Context Value","Type":0,"Integration":"Tools","Parameters":[{"ParentStepIdentifier":"b4943910-408e-44e1-b880-8861517bb7af","ParentWorkflowIdentifier":"48a829b1-3ed5-49fa-aa51-203f97ed957d","Name":"AssignedUsers","Value":null},{"ParentStepIdentifier":"b4943910-408e-44e1-b880-8861517bb7af","ParentWorkflowIdentifier":"48a829b1-3ed5-49fa-aa51-203f97ed957d","Name":"AsyncActionTimeout","Value":"86400"},{"ParentStepIdentifier":"b4943910-408e-44e1-b880-8861517bb7af","ParentWorkflowIdentifier":"48a829b1-3ed5-49fa-aa51-203f97ed957d","Name":"AsyncPollingInterval","Value":"3600"},{"ParentStepIdentifier":"b4943910-408e-44e1-b880-8861517bb7af","ParentWorkflowIdentifier":"48a829b1-3ed5-49fa-aa51-203f97ed957d","Name":"FallbackIntegrationInstance","Value":null},{"ParentStepIdentifier":"b4943910-408e-44e1-b880-8861517bb7af","ParentWorkflowIdentifier":"48a829b1-3ed5-49fa-aa51-203f97ed957d","Name":"IntegrationInstance","Value":"AutomaticEnvironment"},{"ParentStepIdentifier":"b4943910-408e-44e1-b880-8861517bb7af","ParentWorkflowIdentifier":"48a829b1-3ed5-49fa-aa51-203f97ed957d","Name":"MessageToAssignee","Value":null},{"ParentStepIdentifier":"b4943910-408e-44e1-b880-8861517bb7af","ParentWorkflowIdentifier":"48a829b1-3ed5-49fa-aa51-203f97ed957d","Name":"PendingActionTimeout","Value":null},{"ParentStepIdentifier":"b4943910-408e-44e1-b880-8861517bb7af","ParentWorkflowIdentifier":"48a829b1-3ed5-49fa-aa51-203f97ed957d","Name":"ScriptName","Value":"Tools_Set Context Value"},{"ParentStepIdentifier":"b4943910-408e-44e1-b880-8861517bb7af","ParentWorkflowIdentifier":"48a829b1-3ed5-49fa-aa51-203f97ed957d","Name":"ScriptParametersEntityFields","Value":"{\"Value\":\"High priority  asset vulnerabilities were found in SCC\",\"Key\":\"Reason_4\",\"Scope\":\"Alert\"}"},{"ParentStepIdentifier":"b4943910-408e-44e1-b880-8861517bb7af","ParentWorkflowIdentifier":"48a829b1-3ed5-49fa-aa51-203f97ed957d","Name":"SelectedScopeName","Value":"All entities"}],"AutoSkipOnFailure":true,"IsDebugMockData":false,"StepDebugData":null},{"Identifier":"d83d010c-f3d9-4a43-bd4f-bf1d9b5e6ff5","OriginalStepIdentifier":"a09ad048-d6c5-49d4-a16e-e77b13b17e82","ParentWorkflowIdentifier":"48a829b1-3ed5-49fa-aa51-203f97ed957d","ParentStepIdentifiers":[],"ParentStepIdentifier":"","PreviousResultCondition":"{}","InstanceName":"Functions_String Functions_1","IsAutomatic":true,"Name":"Functions_String Functions","IsSkippable":false,"Description":"This action includes basic Pythonic string functions as mentioned below - \nLower - converts a string into lower case.\nUpper - converts a string into upper case.\nCount - returns the number of times a specified value occurs in a string.\nFind - searches the string for a specified value and returns the position of where it was found.\nIsAlpha - returns \"True\" if all characters in the string are in the alphabet.\nIsDigit - returns \"True\" if all characters in the string are digits.\nReplace - returns a string where a specified value is replaced with a specified value.\nStrip - returns a trimmed version of the string.\nTitle - converts the first character of each word to uppercase.\nSplit - Splits the input string into a list using Param 1 as the separator.  Defaults to comma.","ActionProvider":"Scripts","ActionName":"Functions_String Functions","Type":0,"Integration":"Functions","Parameters":[{"ParentStepIdentifier":"d83d010c-f3d9-4a43-bd4f-bf1d9b5e6ff5","ParentWorkflowIdentifier":"48a829b1-3ed5-49fa-aa51-203f97ed957d","Name":"AssignedUsers","Value":null},{"ParentStepIdentifier":"d83d010c-f3d9-4a43-bd4f-bf1d9b5e6ff5","ParentWorkflowIdentifier":"48a829b1-3ed5-49fa-aa51-203f97ed957d","Name":"AsyncActionTimeout","Value":"86400"},{"ParentStepIdentifier":"d83d010c-f3d9-4a43-bd4f-bf1d9b5e6ff5","ParentWorkflowIdentifier":"48a829b1-3ed5-49fa-aa51-203f97ed957d","Name":"AsyncPollingInterval","Value":"3600"},{"ParentStepIdentifier":"d83d010c-f3d9-4a43-bd4f-bf1d9b5e6ff5","ParentWorkflowIdentifier":"48a829b1-3ed5-49fa-aa51-203f97ed957d","Name":"FallbackIntegrationInstance","Value":null},{"ParentStepIdentifier":"d83d010c-f3d9-4a43-bd4f-bf1d9b5e6ff5","ParentWorkflowIdentifier":"48a829b1-3ed5-49fa-aa51-203f97ed957d","Name":"IntegrationInstance","Value":"AutomaticEnvironment"},{"ParentStepIdentifier":"d83d010c-f3d9-4a43-bd4f-bf1d9b5e6ff5","ParentWorkflowIdentifier":"48a829b1-3ed5-49fa-aa51-203f97ed957d","Name":"MessageToAssignee","Value":null},{"ParentStepIdentifier":"d83d010c-f3d9-4a43-bd4f-bf1d9b5e6ff5","ParentWorkflowIdentifier":"48a829b1-3ed5-49fa-aa51-203f97ed957d","Name":"PendingActionTimeout","Value":null},{"ParentStepIdentifier":"d83d010c-f3d9-4a43-bd4f-bf1d9b5e6ff5","ParentWorkflowIdentifier":"48a829b1-3ed5-49fa-aa51-203f97ed957d","Name":"ScriptName","Value":"Functions_String Functions"},{"ParentStepIdentifier":"d83d010c-f3d9-4a43-bd4f-bf1d9b5e6ff5","ParentWorkflowIdentifier":"48a829b1-3ed5-49fa-aa51-203f97ed957d","Name":"ScriptParametersEntityFields","Value":"{\"Param 2\":\" \",\"Param 1\":\"\",\"Input\":\"[Entity.Identifier]\",\"Function\":\"Lower\"}"},{"ParentStepIdentifier":"d83d010c-f3d9-4a43-bd4f-bf1d9b5e6ff5","ParentWorkflowIdentifier":"48a829b1-3ed5-49fa-aa51-203f97ed957d","Name":"SelectedScopeName","Value":"All entities"}],"AutoSkipOnFailure":false,"IsDebugMockData":false,"StepDebugData":null},{"Identifier":"dff1a42a-5a29-49ff-a235-97af8a64cf05","OriginalStepIdentifier":"2267459f-ecf0-4b9e-b0ea-7b52e98aa071","ParentWorkflowIdentifier":"48a829b1-3ed5-49fa-aa51-203f97ed957d","ParentStepIdentifiers":["7a59f47f-0f19-4d07-8901-6741635f7aee"],"ParentStepIdentifier":"7a59f47f-0f19-4d07-8901-6741635f7aee","PreviousResultCondition":"{}","InstanceName":"Alert Score 3","IsAutomatic":true,"Name":"Tools_Update Alert Score","IsSkippable":false,"Description":"This will update the alert score by the amount supplied in the 'Input' parameter. ","ActionProvider":"Scripts","ActionName":"Tools_Update Alert Score","Type":0,"Integration":"Tools","Parameters":[{"ParentStepIdentifier":"dff1a42a-5a29-49ff-a235-97af8a64cf05","ParentWorkflowIdentifier":"48a829b1-3ed5-49fa-aa51-203f97ed957d","Name":"AssignedUsers","Value":null},{"ParentStepIdentifier":"dff1a42a-5a29-49ff-a235-97af8a64cf05","ParentWorkflowIdentifier":"48a829b1-3ed5-49fa-aa51-203f97ed957d","Name":"AsyncActionTimeout","Value":"86400"},{"ParentStepIdentifier":"dff1a42a-5a29-49ff-a235-97af8a64cf05","ParentWorkflowIdentifier":"48a829b1-3ed5-49fa-aa51-203f97ed957d","Name":"AsyncPollingInterval","Value":"3600"},{"ParentStepIdentifier":"dff1a42a-5a29-49ff-a235-97af8a64cf05","ParentWorkflowIdentifier":"48a829b1-3ed5-49fa-aa51-203f97ed957d","Name":"FallbackIntegrationInstance","Value":null},{"ParentStepIdentifier":"dff1a42a-5a29-49ff-a235-97af8a64cf05","ParentWorkflowIdentifier":"48a829b1-3ed5-49fa-aa51-203f97ed957d","Name":"IntegrationInstance","Value":"AutomaticEnvironment"},{"ParentStepIdentifier":"dff1a42a-5a29-49ff-a235-97af8a64cf05","ParentWorkflowIdentifier":"48a829b1-3ed5-49fa-aa51-203f97ed957d","Name":"MessageToAssignee","Value":null},{"ParentStepIdentifier":"dff1a42a-5a29-49ff-a235-97af8a64cf05","ParentWorkflowIdentifier":"48a829b1-3ed5-49fa-aa51-203f97ed957d","Name":"PendingActionTimeout","Value":null},{"ParentStepIdentifier":"dff1a42a-5a29-49ff-a235-97af8a64cf05","ParentWorkflowIdentifier":"48a829b1-3ed5-49fa-aa51-203f97ed957d","Name":"ScriptName","Value":"Tools_Update Alert Score"},{"ParentStepIdentifier":"dff1a42a-5a29-49ff-a235-97af8a64cf05","ParentWorkflowIdentifier":"48a829b1-3ed5-49fa-aa51-203f97ed957d","Name":"ScriptParametersEntityFields","Value":"{\"Input\":\"+10\"}"},{"ParentStepIdentifier":"dff1a42a-5a29-49ff-a235-97af8a64cf05","ParentWorkflowIdentifier":"48a829b1-3ed5-49fa-aa51-203f97ed957d","Name":"SelectedScopeName","Value":"All entities"}],"AutoSkipOnFailure":true,"IsDebugMockData":false,"StepDebugData":null},{"Identifier":"f317f14c-3cf7-464c-88b0-cd8fea973334","OriginalStepIdentifier":"b3d446a6-7b1d-4c06-b32a-a2fdfb2415a2","ParentWorkflowIdentifier":"48a829b1-3ed5-49fa-aa51-203f97ed957d","ParentStepIdentifiers":["b4943910-408e-44e1-b880-8861517bb7af"],"ParentStepIdentifier":"b4943910-408e-44e1-b880-8861517bb7af","PreviousResultCondition":"{}","InstanceName":"Alert Score 2","IsAutomatic":true,"Name":"Tools_Update Alert Score","IsSkippable":false,"Description":"This will update the alert score by the amount supplied in the 'Input' parameter. ","ActionProvider":"Scripts","ActionName":"Tools_Update Alert Score","Type":0,"Integration":"Tools","Parameters":[{"ParentStepIdentifier":"f317f14c-3cf7-464c-88b0-cd8fea973334","ParentWorkflowIdentifier":"48a829b1-3ed5-49fa-aa51-203f97ed957d","Name":"AssignedUsers","Value":null},{"ParentStepIdentifier":"f317f14c-3cf7-464c-88b0-cd8fea973334","ParentWorkflowIdentifier":"48a829b1-3ed5-49fa-aa51-203f97ed957d","Name":"AsyncActionTimeout","Value":"86400"},{"ParentStepIdentifier":"f317f14c-3cf7-464c-88b0-cd8fea973334","ParentWorkflowIdentifier":"48a829b1-3ed5-49fa-aa51-203f97ed957d","Name":"AsyncPollingInterval","Value":"3600"},{"ParentStepIdentifier":"f317f14c-3cf7-464c-88b0-cd8fea973334","ParentWorkflowIdentifier":"48a829b1-3ed5-49fa-aa51-203f97ed957d","Name":"FallbackIntegrationInstance","Value":null},{"ParentStepIdentifier":"f317f14c-3cf7-464c-88b0-cd8fea973334","ParentWorkflowIdentifier":"48a829b1-3ed5-49fa-aa51-203f97ed957d","Name":"IntegrationInstance","Value":"AutomaticEnvironment"},{"ParentStepIdentifier":"f317f14c-3cf7-464c-88b0-cd8fea973334","ParentWorkflowIdentifier":"48a829b1-3ed5-49fa-aa51-203f97ed957d","Name":"MessageToAssignee","Value":null},{"ParentStepIdentifier":"f317f14c-3cf7-464c-88b0-cd8fea973334","ParentWorkflowIdentifier":"48a829b1-3ed5-49fa-aa51-203f97ed957d","Name":"PendingActionTimeout","Value":null},{"ParentStepIdentifier":"f317f14c-3cf7-464c-88b0-cd8fea973334","ParentWorkflowIdentifier":"48a829b1-3ed5-49fa-aa51-203f97ed957d","Name":"ScriptName","Value":"Tools_Update Alert Score"},{"ParentStepIdentifier":"f317f14c-3cf7-464c-88b0-cd8fea973334","ParentWorkflowIdentifier":"48a829b1-3ed5-49fa-aa51-203f97ed957d","Name":"ScriptParametersEntityFields","Value":"{\"Input\":\"+15\"}"},{"ParentStepIdentifier":"f317f14c-3cf7-464c-88b0-cd8fea973334","ParentWorkflowIdentifier":"48a829b1-3ed5-49fa-aa51-203f97ed957d","Name":"SelectedScopeName","Value":"All entities"}],"AutoSkipOnFailure":true,"IsDebugMockData":false,"StepDebugData":null},{"Identifier":"f5ba0870-b5d0-49ec-98d4-2542e2d9a544","OriginalStepIdentifier":"26a2d2fb-4dd9-49e8-b98b-f9cb2e06a6bb","ParentWorkflowIdentifier":"48a829b1-3ed5-49fa-aa51-203f97ed957d","ParentStepIdentifiers":["124f81b8-951b-4bff-bca2-3181506d5692"],"ParentStepIdentifier":"124f81b8-951b-4bff-bca2-3181506d5692","PreviousResultCondition":"{\"124f81b8-951b-4bff-bca2-3181506d5692\":\"2\"}","InstanceName":"Output_2","IsAutomatic":true,"Name":"Output","IsSkippable":false,"Description":"","ActionProvider":"Flow","ActionName":"OutputAction","Type":6,"Integration":"Flow","Parameters":[{"ParentStepIdentifier":"f5ba0870-b5d0-49ec-98d4-2542e2d9a544","ParentWorkflowIdentifier":"48a829b1-3ed5-49fa-aa51-203f97ed957d","Name":"NestedWorkflowOutput","Value":null}],"AutoSkipOnFailure":false,"IsDebugMockData":false,"StepDebugData":null}],"Triggers":[{"Identifier":"73a0c98c-e932-4236-8e62-68441386d061","IsEnabled":true,"DefinitionIdentifier":"48a829b1-3ed5-49fa-aa51-203f97ed957d","Type":11,"WorkflowName":null,"LogicalOperator":0,"Conditions":[],"Environments":["*"]}],"Environments":["*"]}}