{"CategoryName":"Siemplify Use Cases","OverviewTemplatesDetails":[],"WidgetTemplates":null,"Definition":{"Identifier":"edd0b2a5-9b6d-4bc6-a7f5-553a31a898e4","IsEnable":true,"Version":0.0,"IsArchived":false,"IsAutomatic":true,"Name":"Open Ticket","Category":2,"Description":"Opens a ticket in favorable Ticketing system by block input parameter \"Ticketing System\".\nIf \"None\" - no ticket will be opened.\nReturns the relevant ticketing system and ticket identifier, if exists (in a Json format)","Priority":2,"Creator":"3b2f0bdd-a85e-4221-9d95-89477d2f048b","VersionCreator":null,"VersionComment":null,"OriginalWorkflowIdentifier":"edd0b2a5-9b6d-4bc6-a7f5-553a31a898e4","TemplateName":null,"PlaybookType":1,"IsDebugMode":false,"DebugBaseAlertIdentifier":null,"DebugAlertIdentifier":null,"SimulationClone":false,"Steps":[{"Identifier":"0266cc36-946d-47d8-b22f-2627a48827d6","OriginalStepIdentifier":"989efa34-5ea3-49a9-a4cd-a1c0e4f7afc4","ParentWorkflowIdentifier":"edd0b2a5-9b6d-4bc6-a7f5-553a31a898e4","ParentStepIdentifiers":["52bebda8-b867-49ba-a9cd-889aad3f343d","4c2c435f-5ac3-476d-8f75-5a852a5e831b","c6df50c4-695c-42b9-8d46-70481eaafe36"],"ParentStepIdentifier":"52bebda8-b867-49ba-a9cd-889aad3f343d;4c2c435f-5ac3-476d-8f75-5a852a5e831b;c6df50c4-695c-42b9-8d46-70481eaafe36","PreviousResultCondition":"{}","InstanceName":"Tools_Get TicketID","IsAutomatic":true,"Name":"Tools_Get Context Value","IsSkippable":false,"Description":"The action gets a key and value in a specific context (alert or case)","ActionProvider":"Scripts","ActionName":"Tools_Get Context Value","Type":0,"Integration":"Tools","Parameters":[{"ParentStepIdentifier":"0266cc36-946d-47d8-b22f-2627a48827d6","ParentWorkflowIdentifier":"edd0b2a5-9b6d-4bc6-a7f5-553a31a898e4","Name":"AssignedUsers","Value":null},{"ParentStepIdentifier":"0266cc36-946d-47d8-b22f-2627a48827d6","ParentWorkflowIdentifier":"edd0b2a5-9b6d-4bc6-a7f5-553a31a898e4","Name":"AsyncActionTimeout","Value":"86400"},{"ParentStepIdentifier":"0266cc36-946d-47d8-b22f-2627a48827d6","ParentWorkflowIdentifier":"edd0b2a5-9b6d-4bc6-a7f5-553a31a898e4","Name":"AsyncPollingInterval","Value":"3600"},{"ParentStepIdentifier":"0266cc36-946d-47d8-b22f-2627a48827d6","ParentWorkflowIdentifier":"edd0b2a5-9b6d-4bc6-a7f5-553a31a898e4","Name":"FallbackIntegrationInstance","Value":null},{"ParentStepIdentifier":"0266cc36-946d-47d8-b22f-2627a48827d6","ParentWorkflowIdentifier":"edd0b2a5-9b6d-4bc6-a7f5-553a31a898e4","Name":"IntegrationInstance","Value":"AutomaticEnvironment"},{"ParentStepIdentifier":"0266cc36-946d-47d8-b22f-2627a48827d6","ParentWorkflowIdentifier":"edd0b2a5-9b6d-4bc6-a7f5-553a31a898e4","Name":"MessageToAssignee","Value":null},{"ParentStepIdentifier":"0266cc36-946d-47d8-b22f-2627a48827d6","ParentWorkflowIdentifier":"edd0b2a5-9b6d-4bc6-a7f5-553a31a898e4","Name":"PendingActionTimeout","Value":null},{"ParentStepIdentifier":"0266cc36-946d-47d8-b22f-2627a48827d6","ParentWorkflowIdentifier":"edd0b2a5-9b6d-4bc6-a7f5-553a31a898e4","Name":"ScriptName","Value":"Tools_Get Context Value"},{"ParentStepIdentifier":"0266cc36-946d-47d8-b22f-2627a48827d6","ParentWorkflowIdentifier":"edd0b2a5-9b6d-4bc6-a7f5-553a31a898e4","Name":"ScriptParametersEntityFields","Value":"{\"Scope\":\"Alert\",\"Key\":\"TicketID\"}"},{"ParentStepIdentifier":"0266cc36-946d-47d8-b22f-2627a48827d6","ParentWorkflowIdentifier":"edd0b2a5-9b6d-4bc6-a7f5-553a31a898e4","Name":"SelectedScopeName","Value":"All entities"}],"AutoSkipOnFailure":true,"IsDebugMockData":false,"StepDebugData":null},{"Identifier":"0c794dfe-d9ad-45d7-9649-809d492ffc88","OriginalStepIdentifier":"6ed66b95-9773-4e11-9e89-a43c35e3c453","ParentWorkflowIdentifier":"edd0b2a5-9b6d-4bc6-a7f5-553a31a898e4","ParentStepIdentifiers":["158e94ea-f3ab-40ca-a8d0-fc5fb4bf8de5"],"ParentStepIdentifier":"158e94ea-f3ab-40ca-a8d0-fc5fb4bf8de5","PreviousResultCondition":"{}","InstanceName":"Output_1","IsAutomatic":true,"Name":"Output","IsSkippable":false,"Description":"","ActionProvider":"Flow","ActionName":"OutputAction","Type":6,"Integration":"Flow","Parameters":[{"ParentStepIdentifier":"0c794dfe-d9ad-45d7-9649-809d492ffc88","ParentWorkflowIdentifier":"edd0b2a5-9b6d-4bc6-a7f5-553a31a898e4","Name":"NestedWorkflowOutput","Value":"{\"ticketid\":\"[Tools_Get TicketID.ScriptResult]\",\"ts\":\"[Input.Ticketing system]\"}"}],"AutoSkipOnFailure":false,"IsDebugMockData":false,"StepDebugData":null},{"Identifier":"158e94ea-f3ab-40ca-a8d0-fc5fb4bf8de5","OriginalStepIdentifier":"a1e48acf-b7cc-4905-9dc6-bdebe991bf86","ParentWorkflowIdentifier":"edd0b2a5-9b6d-4bc6-a7f5-553a31a898e4","ParentStepIdentifiers":["37c185fc-e970-474a-8526-2cd748080983"],"ParentStepIdentifier":"37c185fc-e970-474a-8526-2cd748080983","PreviousResultCondition":"{\"37c185fc-e970-474a-8526-2cd748080983\":\"1\"}","InstanceName":"Siemplify_Open Ticket Tag_1","IsAutomatic":true,"Name":"Siemplify_Case Tag","IsSkippable":false,"Description":"Add given tag to the case the current alert is grouped to","ActionProvider":"Scripts","ActionName":"Siemplify_Case Tag","Type":0,"Integration":"Siemplify","Parameters":[{"ParentStepIdentifier":"158e94ea-f3ab-40ca-a8d0-fc5fb4bf8de5","ParentWorkflowIdentifier":"edd0b2a5-9b6d-4bc6-a7f5-553a31a898e4","Name":"AssignedUsers","Value":null},{"ParentStepIdentifier":"158e94ea-f3ab-40ca-a8d0-fc5fb4bf8de5","ParentWorkflowIdentifier":"edd0b2a5-9b6d-4bc6-a7f5-553a31a898e4","Name":"AsyncActionTimeout","Value":"86400"},{"ParentStepIdentifier":"158e94ea-f3ab-40ca-a8d0-fc5fb4bf8de5","ParentWorkflowIdentifier":"edd0b2a5-9b6d-4bc6-a7f5-553a31a898e4","Name":"AsyncPollingInterval","Value":"3600"},{"ParentStepIdentifier":"158e94ea-f3ab-40ca-a8d0-fc5fb4bf8de5","ParentWorkflowIdentifier":"edd0b2a5-9b6d-4bc6-a7f5-553a31a898e4","Name":"FallbackIntegrationInstance","Value":"f92c5e0e-7086-4b31-b118-b3239eb5bc1d"},{"ParentStepIdentifier":"158e94ea-f3ab-40ca-a8d0-fc5fb4bf8de5","ParentWorkflowIdentifier":"edd0b2a5-9b6d-4bc6-a7f5-553a31a898e4","Name":"IntegrationInstance","Value":"AutomaticEnvironment"},{"ParentStepIdentifier":"158e94ea-f3ab-40ca-a8d0-fc5fb4bf8de5","ParentWorkflowIdentifier":"edd0b2a5-9b6d-4bc6-a7f5-553a31a898e4","Name":"MessageToAssignee","Value":null},{"ParentStepIdentifier":"158e94ea-f3ab-40ca-a8d0-fc5fb4bf8de5","ParentWorkflowIdentifier":"edd0b2a5-9b6d-4bc6-a7f5-553a31a898e4","Name":"PendingActionTimeout","Value":null},{"ParentStepIdentifier":"158e94ea-f3ab-40ca-a8d0-fc5fb4bf8de5","ParentWorkflowIdentifier":"edd0b2a5-9b6d-4bc6-a7f5-553a31a898e4","Name":"ScriptName","Value":"Siemplify_Case Tag"},{"ParentStepIdentifier":"158e94ea-f3ab-40ca-a8d0-fc5fb4bf8de5","ParentWorkflowIdentifier":"edd0b2a5-9b6d-4bc6-a7f5-553a31a898e4","Name":"ScriptParametersEntityFields","Value":"{\"Tag\":\"Opened ticket\"}"},{"ParentStepIdentifier":"158e94ea-f3ab-40ca-a8d0-fc5fb4bf8de5","ParentWorkflowIdentifier":"edd0b2a5-9b6d-4bc6-a7f5-553a31a898e4","Name":"SelectedScopeName","Value":"All entities"}],"AutoSkipOnFailure":true,"IsDebugMockData":false,"StepDebugData":null},{"Identifier":"2ffb8177-cdea-4d77-8cb7-0d7691c76df9","OriginalStepIdentifier":"951ffb80-e9b9-482e-947f-ef100ab3f1b9","ParentWorkflowIdentifier":"edd0b2a5-9b6d-4bc6-a7f5-553a31a898e4","ParentStepIdentifiers":["619fb05b-8bcb-4e29-9ecf-8f747649b1f1"],"ParentStepIdentifier":"619fb05b-8bcb-4e29-9ecf-8f747649b1f1","PreviousResultCondition":"{}","InstanceName":"Set ServiceNow ticket priority1","IsAutomatic":true,"Name":"Tools_Set Context Value","IsSkippable":false,"Description":"The action sets a key and value in a specific context (alert or case)","ActionProvider":"Scripts","ActionName":"Tools_Set Context Value","Type":0,"Integration":"Tools","Parameters":[{"ParentStepIdentifier":"2ffb8177-cdea-4d77-8cb7-0d7691c76df9","ParentWorkflowIdentifier":"edd0b2a5-9b6d-4bc6-a7f5-553a31a898e4","Name":"AssignedUsers","Value":null},{"ParentStepIdentifier":"2ffb8177-cdea-4d77-8cb7-0d7691c76df9","ParentWorkflowIdentifier":"edd0b2a5-9b6d-4bc6-a7f5-553a31a898e4","Name":"AsyncActionTimeout","Value":"86400"},{"ParentStepIdentifier":"2ffb8177-cdea-4d77-8cb7-0d7691c76df9","ParentWorkflowIdentifier":"edd0b2a5-9b6d-4bc6-a7f5-553a31a898e4","Name":"AsyncPollingInterval","Value":"3600"},{"ParentStepIdentifier":"2ffb8177-cdea-4d77-8cb7-0d7691c76df9","ParentWorkflowIdentifier":"edd0b2a5-9b6d-4bc6-a7f5-553a31a898e4","Name":"FallbackIntegrationInstance","Value":null},{"ParentStepIdentifier":"2ffb8177-cdea-4d77-8cb7-0d7691c76df9","ParentWorkflowIdentifier":"edd0b2a5-9b6d-4bc6-a7f5-553a31a898e4","Name":"IntegrationInstance","Value":"AutomaticEnvironment"},{"ParentStepIdentifier":"2ffb8177-cdea-4d77-8cb7-0d7691c76df9","ParentWorkflowIdentifier":"edd0b2a5-9b6d-4bc6-a7f5-553a31a898e4","Name":"MessageToAssignee","Value":null},{"ParentStepIdentifier":"2ffb8177-cdea-4d77-8cb7-0d7691c76df9","ParentWorkflowIdentifier":"edd0b2a5-9b6d-4bc6-a7f5-553a31a898e4","Name":"PendingActionTimeout","Value":null},{"ParentStepIdentifier":"2ffb8177-cdea-4d77-8cb7-0d7691c76df9","ParentWorkflowIdentifier":"edd0b2a5-9b6d-4bc6-a7f5-553a31a898e4","Name":"ScriptName","Value":"Tools_Set Context Value"},{"ParentStepIdentifier":"2ffb8177-cdea-4d77-8cb7-0d7691c76df9","ParentWorkflowIdentifier":"edd0b2a5-9b6d-4bc6-a7f5-553a31a898e4","Name":"ScriptParametersEntityFields","Value":"{\"Value\":\"2\",\"Key\":\"SNticketPriority\",\"Scope\":\"Alert\"}"},{"ParentStepIdentifier":"2ffb8177-cdea-4d77-8cb7-0d7691c76df9","ParentWorkflowIdentifier":"edd0b2a5-9b6d-4bc6-a7f5-553a31a898e4","Name":"SelectedScopeName","Value":"All entities"}],"AutoSkipOnFailure":true,"IsDebugMockData":false,"StepDebugData":null},{"Identifier":"36a3f30c-8a89-4a99-86ca-490ed492502a","OriginalStepIdentifier":"a3298dd2-2473-4ed7-b84b-9bdf51a5c983","ParentWorkflowIdentifier":"edd0b2a5-9b6d-4bc6-a7f5-553a31a898e4","ParentStepIdentifiers":["6c00638b-ab26-4174-bcc3-4b64d2946a99"],"ParentStepIdentifier":"6c00638b-ab26-4174-bcc3-4b64d2946a99","PreviousResultCondition":"{\"6c00638b-ab26-4174-bcc3-4b64d2946a99\":\"2\"}","InstanceName":"Set Empty URL","IsAutomatic":true,"Name":"Tools_Set Context Value","IsSkippable":false,"Description":"The action sets a key and value in a specific context (alert or case)","ActionProvider":"Scripts","ActionName":"Tools_Set Context Value","Type":0,"Integration":"Tools","Parameters":[{"ParentStepIdentifier":"36a3f30c-8a89-4a99-86ca-490ed492502a","ParentWorkflowIdentifier":"edd0b2a5-9b6d-4bc6-a7f5-553a31a898e4","Name":"AssignedUsers","Value":null},{"ParentStepIdentifier":"36a3f30c-8a89-4a99-86ca-490ed492502a","ParentWorkflowIdentifier":"edd0b2a5-9b6d-4bc6-a7f5-553a31a898e4","Name":"AsyncActionTimeout","Value":"86400"},{"ParentStepIdentifier":"36a3f30c-8a89-4a99-86ca-490ed492502a","ParentWorkflowIdentifier":"edd0b2a5-9b6d-4bc6-a7f5-553a31a898e4","Name":"AsyncPollingInterval","Value":"3600"},{"ParentStepIdentifier":"36a3f30c-8a89-4a99-86ca-490ed492502a","ParentWorkflowIdentifier":"edd0b2a5-9b6d-4bc6-a7f5-553a31a898e4","Name":"FallbackIntegrationInstance","Value":null},{"ParentStepIdentifier":"36a3f30c-8a89-4a99-86ca-490ed492502a","ParentWorkflowIdentifier":"edd0b2a5-9b6d-4bc6-a7f5-553a31a898e4","Name":"IntegrationInstance","Value":"AutomaticEnvironment"},{"ParentStepIdentifier":"36a3f30c-8a89-4a99-86ca-490ed492502a","ParentWorkflowIdentifier":"edd0b2a5-9b6d-4bc6-a7f5-553a31a898e4","Name":"MessageToAssignee","Value":null},{"ParentStepIdentifier":"36a3f30c-8a89-4a99-86ca-490ed492502a","ParentWorkflowIdentifier":"edd0b2a5-9b6d-4bc6-a7f5-553a31a898e4","Name":"PendingActionTimeout","Value":null},{"ParentStepIdentifier":"36a3f30c-8a89-4a99-86ca-490ed492502a","ParentWorkflowIdentifier":"edd0b2a5-9b6d-4bc6-a7f5-553a31a898e4","Name":"ScriptName","Value":"Tools_Set Context Value"},{"ParentStepIdentifier":"36a3f30c-8a89-4a99-86ca-490ed492502a","ParentWorkflowIdentifier":"edd0b2a5-9b6d-4bc6-a7f5-553a31a898e4","Name":"ScriptParametersEntityFields","Value":"{\"Value\":\"A case was opened in Siemplify.\",\"Key\":\"caseUrl\",\"Scope\":\"Alert\"}"},{"ParentStepIdentifier":"36a3f30c-8a89-4a99-86ca-490ed492502a","ParentWorkflowIdentifier":"edd0b2a5-9b6d-4bc6-a7f5-553a31a898e4","Name":"SelectedScopeName","Value":"All entities"}],"AutoSkipOnFailure":true,"IsDebugMockData":false,"StepDebugData":null},{"Identifier":"37c185fc-e970-474a-8526-2cd748080983","OriginalStepIdentifier":"649ed98c-5c86-4b27-ae30-74eb3041d748","ParentWorkflowIdentifier":"edd0b2a5-9b6d-4bc6-a7f5-553a31a898e4","ParentStepIdentifiers":["0266cc36-946d-47d8-b22f-2627a48827d6"],"ParentStepIdentifier":"0266cc36-946d-47d8-b22f-2627a48827d6","PreviousResultCondition":"{}","InstanceName":"Success creating ticket?","IsAutomatic":true,"Name":"Previous Actions Conditions","IsSkippable":false,"Description":"This step conditions the progress of the playbook according to data fetched by previous actions performed in the playbook, for example: report data, action's success or enrichment data","ActionProvider":"Flow","ActionName":"IfElse","Type":2,"Integration":"Flow","Parameters":[{"ParentStepIdentifier":"37c185fc-e970-474a-8526-2cd748080983","ParentWorkflowIdentifier":"edd0b2a5-9b6d-4bc6-a7f5-553a31a898e4","Name":"AssignedUsers","Value":null},{"ParentStepIdentifier":"37c185fc-e970-474a-8526-2cd748080983","ParentWorkflowIdentifier":"edd0b2a5-9b6d-4bc6-a7f5-553a31a898e4","Name":"Branches","Value":"[{\"LogicalOperator\":0,\"Conditions\":[{\"Operator\":8,\"FieldName\":\"Tools_Get TicketID.ScriptResult\",\"Type\":2,\"Value\":\"\"},{\"Operator\":6,\"FieldName\":\"Tools_Get TicketID.ScriptResult\",\"Type\":2,\"Value\":\"[\"},{\"Operator\":5,\"FieldName\":\"Tools_Get TicketID.ScriptResult\",\"Type\":2,\"Value\":\"false\"}],\"Order\":1,\"IsDefaultBranch\":false,\"Name\":\"Ticket Created successfully \"},{\"LogicalOperator\":0,\"Conditions\":[],\"Order\":2,\"IsDefaultBranch\":true,\"Name\":\"Branch\"}]"},{"ParentStepIdentifier":"37c185fc-e970-474a-8526-2cd748080983","ParentWorkflowIdentifier":"edd0b2a5-9b6d-4bc6-a7f5-553a31a898e4","Name":"ErrorFallbackBranch","Value":"2"},{"ParentStepIdentifier":"37c185fc-e970-474a-8526-2cd748080983","ParentWorkflowIdentifier":"edd0b2a5-9b6d-4bc6-a7f5-553a31a898e4","Name":"MessageToAssignee","Value":null},{"ParentStepIdentifier":"37c185fc-e970-474a-8526-2cd748080983","ParentWorkflowIdentifier":"edd0b2a5-9b6d-4bc6-a7f5-553a31a898e4","Name":"PendingActionTimeout","Value":null},{"ParentStepIdentifier":"37c185fc-e970-474a-8526-2cd748080983","ParentWorkflowIdentifier":"edd0b2a5-9b6d-4bc6-a7f5-553a31a898e4","Name":"SelectedScopeName","Value":"All entities"}],"AutoSkipOnFailure":false,"IsDebugMockData":false,"StepDebugData":null},{"Identifier":"38c5bf0f-8719-473a-aab5-f546cca771c8","OriginalStepIdentifier":"283459f8-b12a-43d7-87e7-77e872c08e08","ParentWorkflowIdentifier":"edd0b2a5-9b6d-4bc6-a7f5-553a31a898e4","ParentStepIdentifiers":["83f6df59-4f23-4760-bd6a-1d5d29511391"],"ParentStepIdentifier":"83f6df59-4f23-4760-bd6a-1d5d29511391","PreviousResultCondition":"{\"83f6df59-4f23-4760-bd6a-1d5d29511391\":\"1\"}","InstanceName":"Set ZenDesk ticket priority","IsAutomatic":true,"Name":"Tools_Set Context Value","IsSkippable":false,"Description":"The action sets a key and value in a specific context (alert or case)","ActionProvider":"Scripts","ActionName":"Tools_Set Context Value","Type":0,"Integration":"Tools","Parameters":[{"ParentStepIdentifier":"38c5bf0f-8719-473a-aab5-f546cca771c8","ParentWorkflowIdentifier":"edd0b2a5-9b6d-4bc6-a7f5-553a31a898e4","Name":"AssignedUsers","Value":null},{"ParentStepIdentifier":"38c5bf0f-8719-473a-aab5-f546cca771c8","ParentWorkflowIdentifier":"edd0b2a5-9b6d-4bc6-a7f5-553a31a898e4","Name":"AsyncActionTimeout","Value":"86400"},{"ParentStepIdentifier":"38c5bf0f-8719-473a-aab5-f546cca771c8","ParentWorkflowIdentifier":"edd0b2a5-9b6d-4bc6-a7f5-553a31a898e4","Name":"AsyncPollingInterval","Value":"3600"},{"ParentStepIdentifier":"38c5bf0f-8719-473a-aab5-f546cca771c8","ParentWorkflowIdentifier":"edd0b2a5-9b6d-4bc6-a7f5-553a31a898e4","Name":"FallbackIntegrationInstance","Value":null},{"ParentStepIdentifier":"38c5bf0f-8719-473a-aab5-f546cca771c8","ParentWorkflowIdentifier":"edd0b2a5-9b6d-4bc6-a7f5-553a31a898e4","Name":"IntegrationInstance","Value":"AutomaticEnvironment"},{"ParentStepIdentifier":"38c5bf0f-8719-473a-aab5-f546cca771c8","ParentWorkflowIdentifier":"edd0b2a5-9b6d-4bc6-a7f5-553a31a898e4","Name":"MessageToAssignee","Value":null},{"ParentStepIdentifier":"38c5bf0f-8719-473a-aab5-f546cca771c8","ParentWorkflowIdentifier":"edd0b2a5-9b6d-4bc6-a7f5-553a31a898e4","Name":"PendingActionTimeout","Value":null},{"ParentStepIdentifier":"38c5bf0f-8719-473a-aab5-f546cca771c8","ParentWorkflowIdentifier":"edd0b2a5-9b6d-4bc6-a7f5-553a31a898e4","Name":"ScriptName","Value":"Tools_Set Context Value"},{"ParentStepIdentifier":"38c5bf0f-8719-473a-aab5-f546cca771c8","ParentWorkflowIdentifier":"edd0b2a5-9b6d-4bc6-a7f5-553a31a898e4","Name":"ScriptParametersEntityFields","Value":"{\"Value\":\"urgent\",\"Key\":\"ZDticketPriority\",\"Scope\":\"Alert\"}"},{"ParentStepIdentifier":"38c5bf0f-8719-473a-aab5-f546cca771c8","ParentWorkflowIdentifier":"edd0b2a5-9b6d-4bc6-a7f5-553a31a898e4","Name":"SelectedScopeName","Value":"All entities"}],"AutoSkipOnFailure":true,"IsDebugMockData":false,"StepDebugData":null},{"Identifier":"4a9d7dfe-1658-43a8-ae72-d54021ea4f2c","OriginalStepIdentifier":"354e1480-b89a-4fda-a9be-49dd0b1524ea","ParentWorkflowIdentifier":"edd0b2a5-9b6d-4bc6-a7f5-553a31a898e4","ParentStepIdentifiers":["83f6df59-4f23-4760-bd6a-1d5d29511391"],"ParentStepIdentifier":"83f6df59-4f23-4760-bd6a-1d5d29511391","PreviousResultCondition":"{\"83f6df59-4f23-4760-bd6a-1d5d29511391\":\"4\"}","InstanceName":"Set ZenDesk ticket priority3","IsAutomatic":true,"Name":"Tools_Set Context Value","IsSkippable":false,"Description":"The action sets a key and value in a specific context (alert or case)","ActionProvider":"Scripts","ActionName":"Tools_Set Context Value","Type":0,"Integration":"Tools","Parameters":[{"ParentStepIdentifier":"4a9d7dfe-1658-43a8-ae72-d54021ea4f2c","ParentWorkflowIdentifier":"edd0b2a5-9b6d-4bc6-a7f5-553a31a898e4","Name":"AssignedUsers","Value":null},{"ParentStepIdentifier":"4a9d7dfe-1658-43a8-ae72-d54021ea4f2c","ParentWorkflowIdentifier":"edd0b2a5-9b6d-4bc6-a7f5-553a31a898e4","Name":"AsyncActionTimeout","Value":"86400"},{"ParentStepIdentifier":"4a9d7dfe-1658-43a8-ae72-d54021ea4f2c","ParentWorkflowIdentifier":"edd0b2a5-9b6d-4bc6-a7f5-553a31a898e4","Name":"AsyncPollingInterval","Value":"3600"},{"ParentStepIdentifier":"4a9d7dfe-1658-43a8-ae72-d54021ea4f2c","ParentWorkflowIdentifier":"edd0b2a5-9b6d-4bc6-a7f5-553a31a898e4","Name":"FallbackIntegrationInstance","Value":null},{"ParentStepIdentifier":"4a9d7dfe-1658-43a8-ae72-d54021ea4f2c","ParentWorkflowIdentifier":"edd0b2a5-9b6d-4bc6-a7f5-553a31a898e4","Name":"IntegrationInstance","Value":"AutomaticEnvironment"},{"ParentStepIdentifier":"4a9d7dfe-1658-43a8-ae72-d54021ea4f2c","ParentWorkflowIdentifier":"edd0b2a5-9b6d-4bc6-a7f5-553a31a898e4","Name":"MessageToAssignee","Value":null},{"ParentStepIdentifier":"4a9d7dfe-1658-43a8-ae72-d54021ea4f2c","ParentWorkflowIdentifier":"edd0b2a5-9b6d-4bc6-a7f5-553a31a898e4","Name":"PendingActionTimeout","Value":null},{"ParentStepIdentifier":"4a9d7dfe-1658-43a8-ae72-d54021ea4f2c","ParentWorkflowIdentifier":"edd0b2a5-9b6d-4bc6-a7f5-553a31a898e4","Name":"ScriptName","Value":"Tools_Set Context Value"},{"ParentStepIdentifier":"4a9d7dfe-1658-43a8-ae72-d54021ea4f2c","ParentWorkflowIdentifier":"edd0b2a5-9b6d-4bc6-a7f5-553a31a898e4","Name":"ScriptParametersEntityFields","Value":"{\"Value\":\"low\",\"Key\":\"ZDticketPriority\",\"Scope\":\"Alert\"}"},{"ParentStepIdentifier":"4a9d7dfe-1658-43a8-ae72-d54021ea4f2c","ParentWorkflowIdentifier":"edd0b2a5-9b6d-4bc6-a7f5-553a31a898e4","Name":"SelectedScopeName","Value":"All entities"}],"AutoSkipOnFailure":true,"IsDebugMockData":false,"StepDebugData":null},{"Identifier":"4c2c435f-5ac3-476d-8f75-5a852a5e831b","OriginalStepIdentifier":"c171aa00-39fb-49d6-ba2e-505b54f53990","ParentWorkflowIdentifier":"edd0b2a5-9b6d-4bc6-a7f5-553a31a898e4","ParentStepIdentifiers":["c312706a-0a93-42db-9e2e-38fae205a6bd"],"ParentStepIdentifier":"c312706a-0a93-42db-9e2e-38fae205a6bd","PreviousResultCondition":"{}","InstanceName":"Tools_Set Ticket ID_1","IsAutomatic":true,"Name":"Tools_Set Context Value","IsSkippable":false,"Description":"The action sets a key and value in a specific context (alert or case)","ActionProvider":"Scripts","ActionName":"Tools_Set Context Value","Type":0,"Integration":"Tools","Parameters":[{"ParentStepIdentifier":"4c2c435f-5ac3-476d-8f75-5a852a5e831b","ParentWorkflowIdentifier":"edd0b2a5-9b6d-4bc6-a7f5-553a31a898e4","Name":"AssignedUsers","Value":null},{"ParentStepIdentifier":"4c2c435f-5ac3-476d-8f75-5a852a5e831b","ParentWorkflowIdentifier":"edd0b2a5-9b6d-4bc6-a7f5-553a31a898e4","Name":"AsyncActionTimeout","Value":"86400"},{"ParentStepIdentifier":"4c2c435f-5ac3-476d-8f75-5a852a5e831b","ParentWorkflowIdentifier":"edd0b2a5-9b6d-4bc6-a7f5-553a31a898e4","Name":"AsyncPollingInterval","Value":"3600"},{"ParentStepIdentifier":"4c2c435f-5ac3-476d-8f75-5a852a5e831b","ParentWorkflowIdentifier":"edd0b2a5-9b6d-4bc6-a7f5-553a31a898e4","Name":"FallbackIntegrationInstance","Value":null},{"ParentStepIdentifier":"4c2c435f-5ac3-476d-8f75-5a852a5e831b","ParentWorkflowIdentifier":"edd0b2a5-9b6d-4bc6-a7f5-553a31a898e4","Name":"IntegrationInstance","Value":"AutomaticEnvironment"},{"ParentStepIdentifier":"4c2c435f-5ac3-476d-8f75-5a852a5e831b","ParentWorkflowIdentifier":"edd0b2a5-9b6d-4bc6-a7f5-553a31a898e4","Name":"MessageToAssignee","Value":null},{"ParentStepIdentifier":"4c2c435f-5ac3-476d-8f75-5a852a5e831b","ParentWorkflowIdentifier":"edd0b2a5-9b6d-4bc6-a7f5-553a31a898e4","Name":"PendingActionTimeout","Value":null},{"ParentStepIdentifier":"4c2c435f-5ac3-476d-8f75-5a852a5e831b","ParentWorkflowIdentifier":"edd0b2a5-9b6d-4bc6-a7f5-553a31a898e4","Name":"ScriptName","Value":"Tools_Set Context Value"},{"ParentStepIdentifier":"4c2c435f-5ac3-476d-8f75-5a852a5e831b","ParentWorkflowIdentifier":"edd0b2a5-9b6d-4bc6-a7f5-553a31a898e4","Name":"ScriptParametersEntityFields","Value":"{\"Value\":\"[ServiceNow_Create Incident.incident_number]\",\"Key\":\"TicketID\",\"Scope\":\"Alert\"}"},{"ParentStepIdentifier":"4c2c435f-5ac3-476d-8f75-5a852a5e831b","ParentWorkflowIdentifier":"edd0b2a5-9b6d-4bc6-a7f5-553a31a898e4","Name":"SelectedScopeName","Value":"All entities"}],"AutoSkipOnFailure":true,"IsDebugMockData":false,"StepDebugData":null},{"Identifier":"52bebda8-b867-49ba-a9cd-889aad3f343d","OriginalStepIdentifier":"99330a87-26e4-4bcd-a40d-b3e64c18e4c9","ParentWorkflowIdentifier":"edd0b2a5-9b6d-4bc6-a7f5-553a31a898e4","ParentStepIdentifiers":["63c1bb3e-f46b-4374-8e48-3d511bb9e1ac"],"ParentStepIdentifier":"63c1bb3e-f46b-4374-8e48-3d511bb9e1ac","PreviousResultCondition":"{}","InstanceName":"Tools_Set Ticket ID","IsAutomatic":true,"Name":"Tools_Set Context Value","IsSkippable":false,"Description":"The action sets a key and value in a specific context (alert or case)","ActionProvider":"Scripts","ActionName":"Tools_Set Context Value","Type":0,"Integration":"Tools","Parameters":[{"ParentStepIdentifier":"52bebda8-b867-49ba-a9cd-889aad3f343d","ParentWorkflowIdentifier":"edd0b2a5-9b6d-4bc6-a7f5-553a31a898e4","Name":"AssignedUsers","Value":null},{"ParentStepIdentifier":"52bebda8-b867-49ba-a9cd-889aad3f343d","ParentWorkflowIdentifier":"edd0b2a5-9b6d-4bc6-a7f5-553a31a898e4","Name":"AsyncActionTimeout","Value":"86400"},{"ParentStepIdentifier":"52bebda8-b867-49ba-a9cd-889aad3f343d","ParentWorkflowIdentifier":"edd0b2a5-9b6d-4bc6-a7f5-553a31a898e4","Name":"AsyncPollingInterval","Value":"3600"},{"ParentStepIdentifier":"52bebda8-b867-49ba-a9cd-889aad3f343d","ParentWorkflowIdentifier":"edd0b2a5-9b6d-4bc6-a7f5-553a31a898e4","Name":"FallbackIntegrationInstance","Value":null},{"ParentStepIdentifier":"52bebda8-b867-49ba-a9cd-889aad3f343d","ParentWorkflowIdentifier":"edd0b2a5-9b6d-4bc6-a7f5-553a31a898e4","Name":"IntegrationInstance","Value":"AutomaticEnvironment"},{"ParentStepIdentifier":"52bebda8-b867-49ba-a9cd-889aad3f343d","ParentWorkflowIdentifier":"edd0b2a5-9b6d-4bc6-a7f5-553a31a898e4","Name":"MessageToAssignee","Value":null},{"ParentStepIdentifier":"52bebda8-b867-49ba-a9cd-889aad3f343d","ParentWorkflowIdentifier":"edd0b2a5-9b6d-4bc6-a7f5-553a31a898e4","Name":"PendingActionTimeout","Value":null},{"ParentStepIdentifier":"52bebda8-b867-49ba-a9cd-889aad3f343d","ParentWorkflowIdentifier":"edd0b2a5-9b6d-4bc6-a7f5-553a31a898e4","Name":"ScriptName","Value":"Tools_Set Context Value"},{"ParentStepIdentifier":"52bebda8-b867-49ba-a9cd-889aad3f343d","ParentWorkflowIdentifier":"edd0b2a5-9b6d-4bc6-a7f5-553a31a898e4","Name":"ScriptParametersEntityFields","Value":"{\"Value\":\"[Jira_Open Ticket.issue_key]\",\"Key\":\"TicketID\",\"Scope\":\"Alert\"}"},{"ParentStepIdentifier":"52bebda8-b867-49ba-a9cd-889aad3f343d","ParentWorkflowIdentifier":"edd0b2a5-9b6d-4bc6-a7f5-553a31a898e4","Name":"SelectedScopeName","Value":"All entities"}],"AutoSkipOnFailure":true,"IsDebugMockData":false,"StepDebugData":null},{"Identifier":"5d25ac58-70c0-44fd-bc1b-606c5ddd211e","OriginalStepIdentifier":"c72f729b-b0a4-4199-ab00-dc4d0485f857","ParentWorkflowIdentifier":"edd0b2a5-9b6d-4bc6-a7f5-553a31a898e4","ParentStepIdentifiers":["73f24bf6-f47c-4575-b5b0-5ca6adca63d8"],"ParentStepIdentifier":"73f24bf6-f47c-4575-b5b0-5ca6adca63d8","PreviousResultCondition":"{\"73f24bf6-f47c-4575-b5b0-5ca6adca63d8\":\"3\"}","InstanceName":"Zendesk_Create Ticket","IsAutomatic":true,"Name":"Zendesk_Create Ticket","IsSkippable":false,"Description":"Create a ticket with specific properties","ActionProvider":"Scripts","ActionName":"Zendesk_Create Ticket","Type":0,"Integration":"Zendesk","Parameters":[{"ParentStepIdentifier":"5d25ac58-70c0-44fd-bc1b-606c5ddd211e","ParentWorkflowIdentifier":"edd0b2a5-9b6d-4bc6-a7f5-553a31a898e4","Name":"AssignedUsers","Value":null},{"ParentStepIdentifier":"5d25ac58-70c0-44fd-bc1b-606c5ddd211e","ParentWorkflowIdentifier":"edd0b2a5-9b6d-4bc6-a7f5-553a31a898e4","Name":"AsyncActionTimeout","Value":"86400"},{"ParentStepIdentifier":"5d25ac58-70c0-44fd-bc1b-606c5ddd211e","ParentWorkflowIdentifier":"edd0b2a5-9b6d-4bc6-a7f5-553a31a898e4","Name":"AsyncPollingInterval","Value":"3600"},{"ParentStepIdentifier":"5d25ac58-70c0-44fd-bc1b-606c5ddd211e","ParentWorkflowIdentifier":"edd0b2a5-9b6d-4bc6-a7f5-553a31a898e4","Name":"FallbackIntegrationInstance","Value":null},{"ParentStepIdentifier":"5d25ac58-70c0-44fd-bc1b-606c5ddd211e","ParentWorkflowIdentifier":"edd0b2a5-9b6d-4bc6-a7f5-553a31a898e4","Name":"IntegrationInstance","Value":"AutomaticEnvironment"},{"ParentStepIdentifier":"5d25ac58-70c0-44fd-bc1b-606c5ddd211e","ParentWorkflowIdentifier":"edd0b2a5-9b6d-4bc6-a7f5-553a31a898e4","Name":"MessageToAssignee","Value":null},{"ParentStepIdentifier":"5d25ac58-70c0-44fd-bc1b-606c5ddd211e","ParentWorkflowIdentifier":"edd0b2a5-9b6d-4bc6-a7f5-553a31a898e4","Name":"PendingActionTimeout","Value":null},{"ParentStepIdentifier":"5d25ac58-70c0-44fd-bc1b-606c5ddd211e","ParentWorkflowIdentifier":"edd0b2a5-9b6d-4bc6-a7f5-553a31a898e4","Name":"ScriptName","Value":"Zendesk_Create Ticket"},{"ParentStepIdentifier":"5d25ac58-70c0-44fd-bc1b-606c5ddd211e","ParentWorkflowIdentifier":"edd0b2a5-9b6d-4bc6-a7f5-553a31a898e4","Name":"ScriptParametersEntityFields","Value":"{\"Subject\":\"[Alert.Name]\",\"Description\":\"Involved entities:\\n[Entity.OriginalIdentifier]\\n\\n\\n[Alert.caseUrl]\",\"Assigned User\":\"[Input.Assignee (optional)]\",\"Assignment Group\":\"\",\"Priority\":\"[Alert.ZDticketPriority]\",\"Ticket Type\":\"incident\",\"Tag\":\"\",\"Internal Note\":false,\"Email CCs\":\"\",\"Validate Email CCs\":true}"},{"ParentStepIdentifier":"5d25ac58-70c0-44fd-bc1b-606c5ddd211e","ParentWorkflowIdentifier":"edd0b2a5-9b6d-4bc6-a7f5-553a31a898e4","Name":"SelectedScopeName","Value":"All entities"}],"AutoSkipOnFailure":true,"IsDebugMockData":false,"StepDebugData":null},{"Identifier":"619fb05b-8bcb-4e29-9ecf-8f747649b1f1","OriginalStepIdentifier":"79ef96cd-646a-4c36-8697-67f17eb991df","ParentWorkflowIdentifier":"edd0b2a5-9b6d-4bc6-a7f5-553a31a898e4","ParentStepIdentifiers":["83f6df59-4f23-4760-bd6a-1d5d29511391"],"ParentStepIdentifier":"83f6df59-4f23-4760-bd6a-1d5d29511391","PreviousResultCondition":"{\"83f6df59-4f23-4760-bd6a-1d5d29511391\":\"3\"}","InstanceName":"Set ZenDesk ticket priority2","IsAutomatic":true,"Name":"Tools_Set Context Value","IsSkippable":false,"Description":"The action sets a key and value in a specific context (alert or case)","ActionProvider":"Scripts","ActionName":"Tools_Set Context Value","Type":0,"Integration":"Tools","Parameters":[{"ParentStepIdentifier":"619fb05b-8bcb-4e29-9ecf-8f747649b1f1","ParentWorkflowIdentifier":"edd0b2a5-9b6d-4bc6-a7f5-553a31a898e4","Name":"AssignedUsers","Value":null},{"ParentStepIdentifier":"619fb05b-8bcb-4e29-9ecf-8f747649b1f1","ParentWorkflowIdentifier":"edd0b2a5-9b6d-4bc6-a7f5-553a31a898e4","Name":"AsyncActionTimeout","Value":"86400"},{"ParentStepIdentifier":"619fb05b-8bcb-4e29-9ecf-8f747649b1f1","ParentWorkflowIdentifier":"edd0b2a5-9b6d-4bc6-a7f5-553a31a898e4","Name":"AsyncPollingInterval","Value":"3600"},{"ParentStepIdentifier":"619fb05b-8bcb-4e29-9ecf-8f747649b1f1","ParentWorkflowIdentifier":"edd0b2a5-9b6d-4bc6-a7f5-553a31a898e4","Name":"FallbackIntegrationInstance","Value":null},{"ParentStepIdentifier":"619fb05b-8bcb-4e29-9ecf-8f747649b1f1","ParentWorkflowIdentifier":"edd0b2a5-9b6d-4bc6-a7f5-553a31a898e4","Name":"IntegrationInstance","Value":"AutomaticEnvironment"},{"ParentStepIdentifier":"619fb05b-8bcb-4e29-9ecf-8f747649b1f1","ParentWorkflowIdentifier":"edd0b2a5-9b6d-4bc6-a7f5-553a31a898e4","Name":"MessageToAssignee","Value":null},{"ParentStepIdentifier":"619fb05b-8bcb-4e29-9ecf-8f747649b1f1","ParentWorkflowIdentifier":"edd0b2a5-9b6d-4bc6-a7f5-553a31a898e4","Name":"PendingActionTimeout","Value":null},{"ParentStepIdentifier":"619fb05b-8bcb-4e29-9ecf-8f747649b1f1","ParentWorkflowIdentifier":"edd0b2a5-9b6d-4bc6-a7f5-553a31a898e4","Name":"ScriptName","Value":"Tools_Set Context Value"},{"ParentStepIdentifier":"619fb05b-8bcb-4e29-9ecf-8f747649b1f1","ParentWorkflowIdentifier":"edd0b2a5-9b6d-4bc6-a7f5-553a31a898e4","Name":"ScriptParametersEntityFields","Value":"{\"Value\":\"medium\",\"Key\":\"ZDticketPriority\",\"Scope\":\"Alert\"}"},{"ParentStepIdentifier":"619fb05b-8bcb-4e29-9ecf-8f747649b1f1","ParentWorkflowIdentifier":"edd0b2a5-9b6d-4bc6-a7f5-553a31a898e4","Name":"SelectedScopeName","Value":"All entities"}],"AutoSkipOnFailure":true,"IsDebugMockData":false,"StepDebugData":null},{"Identifier":"63c1bb3e-f46b-4374-8e48-3d511bb9e1ac","OriginalStepIdentifier":"64a30d09-bf3b-4d26-b46d-10bdee4433f5","ParentWorkflowIdentifier":"edd0b2a5-9b6d-4bc6-a7f5-553a31a898e4","ParentStepIdentifiers":["73f24bf6-f47c-4575-b5b0-5ca6adca63d8"],"ParentStepIdentifier":"73f24bf6-f47c-4575-b5b0-5ca6adca63d8","PreviousResultCondition":"{\"73f24bf6-f47c-4575-b5b0-5ca6adca63d8\":\"1\"}","InstanceName":"Jira_Open Ticket","IsAutomatic":true,"Name":"Jira_Create Issue","IsSkippable":false,"Description":"Create an issue in a project. (Jira username could be: name, mail, etc...). For new Jira Api, action will try to find a match for the assignee to assign an issue based on User email or displayName field.\nAdd your relevant project key.","ActionProvider":"Scripts","ActionName":"Jira_Create Issue","Type":0,"Integration":"Jira","Parameters":[{"ParentStepIdentifier":"63c1bb3e-f46b-4374-8e48-3d511bb9e1ac","ParentWorkflowIdentifier":"edd0b2a5-9b6d-4bc6-a7f5-553a31a898e4","Name":"AssignedUsers","Value":null},{"ParentStepIdentifier":"63c1bb3e-f46b-4374-8e48-3d511bb9e1ac","ParentWorkflowIdentifier":"edd0b2a5-9b6d-4bc6-a7f5-553a31a898e4","Name":"AsyncActionTimeout","Value":"86400"},{"ParentStepIdentifier":"63c1bb3e-f46b-4374-8e48-3d511bb9e1ac","ParentWorkflowIdentifier":"edd0b2a5-9b6d-4bc6-a7f5-553a31a898e4","Name":"AsyncPollingInterval","Value":"3600"},{"ParentStepIdentifier":"63c1bb3e-f46b-4374-8e48-3d511bb9e1ac","ParentWorkflowIdentifier":"edd0b2a5-9b6d-4bc6-a7f5-553a31a898e4","Name":"FallbackIntegrationInstance","Value":null},{"ParentStepIdentifier":"63c1bb3e-f46b-4374-8e48-3d511bb9e1ac","ParentWorkflowIdentifier":"edd0b2a5-9b6d-4bc6-a7f5-553a31a898e4","Name":"IntegrationInstance","Value":"AutomaticEnvironment"},{"ParentStepIdentifier":"63c1bb3e-f46b-4374-8e48-3d511bb9e1ac","ParentWorkflowIdentifier":"edd0b2a5-9b6d-4bc6-a7f5-553a31a898e4","Name":"MessageToAssignee","Value":null},{"ParentStepIdentifier":"63c1bb3e-f46b-4374-8e48-3d511bb9e1ac","ParentWorkflowIdentifier":"edd0b2a5-9b6d-4bc6-a7f5-553a31a898e4","Name":"PendingActionTimeout","Value":null},{"ParentStepIdentifier":"63c1bb3e-f46b-4374-8e48-3d511bb9e1ac","ParentWorkflowIdentifier":"edd0b2a5-9b6d-4bc6-a7f5-553a31a898e4","Name":"ScriptName","Value":"Jira_Create Issue"},{"ParentStepIdentifier":"63c1bb3e-f46b-4374-8e48-3d511bb9e1ac","ParentWorkflowIdentifier":"edd0b2a5-9b6d-4bc6-a7f5-553a31a898e4","Name":"ScriptParametersEntityFields","Value":"{\"Project Key\":\"[Input.Project key (Jira)]\",\"Summary\":\"[Alert.Name]\",\"Description\":\"Severity - [Event.severity]\\nInvolved entities:\\n[Entity.OriginalIdentifier]\\n\\n\\n[Alert.caseUrl]\",\"Issue Type\":\"Task\",\"Jira Username\":\"\",\"Assignee\":\"[Input.Assignee (optional)]\",\"Components\":\"\",\"Labels\":\"SCC\",\"Custom Fields\":\"\"}"},{"ParentStepIdentifier":"63c1bb3e-f46b-4374-8e48-3d511bb9e1ac","ParentWorkflowIdentifier":"edd0b2a5-9b6d-4bc6-a7f5-553a31a898e4","Name":"SelectedScopeName","Value":"All entities"}],"AutoSkipOnFailure":true,"IsDebugMockData":false,"StepDebugData":null},{"Identifier":"69174957-7206-4175-a6a6-c87141a0debf","OriginalStepIdentifier":"20f42693-60c9-4344-8638-0be49dd75724","ParentWorkflowIdentifier":"edd0b2a5-9b6d-4bc6-a7f5-553a31a898e4","ParentStepIdentifiers":["e132583f-5f78-47d3-89b7-ce17e192a1cf"],"ParentStepIdentifier":"e132583f-5f78-47d3-89b7-ce17e192a1cf","PreviousResultCondition":"{}","InstanceName":"Output_3","IsAutomatic":true,"Name":"Output","IsSkippable":false,"Description":"","ActionProvider":"Flow","ActionName":"OutputAction","Type":6,"Integration":"Flow","Parameters":[{"ParentStepIdentifier":"69174957-7206-4175-a6a6-c87141a0debf","ParentWorkflowIdentifier":"edd0b2a5-9b6d-4bc6-a7f5-553a31a898e4","Name":"NestedWorkflowOutput","Value":"No Ticket"}],"AutoSkipOnFailure":false,"IsDebugMockData":false,"StepDebugData":null},{"Identifier":"6c00638b-ab26-4174-bcc3-4b64d2946a99","OriginalStepIdentifier":"7904724e-41f2-4b27-aed6-37faed2b8f58","ParentWorkflowIdentifier":"edd0b2a5-9b6d-4bc6-a7f5-553a31a898e4","ParentStepIdentifiers":[],"ParentStepIdentifier":"","PreviousResultCondition":"{}","InstanceName":"URL not empty?","IsAutomatic":true,"Name":"Condition","IsSkippable":false,"Description":"This condition determines the progress of the playbook. Conditions are built based on cases data (cases, alerts, vents, entities and environment properties) as-well as data that comes back from previous playbook steps.","ActionProvider":"Flow","ActionName":"IfFlowCondition","Type":4,"Integration":"Flow","Parameters":[{"ParentStepIdentifier":"6c00638b-ab26-4174-bcc3-4b64d2946a99","ParentWorkflowIdentifier":"edd0b2a5-9b6d-4bc6-a7f5-553a31a898e4","Name":"AssignedUsers","Value":null},{"ParentStepIdentifier":"6c00638b-ab26-4174-bcc3-4b64d2946a99","ParentWorkflowIdentifier":"edd0b2a5-9b6d-4bc6-a7f5-553a31a898e4","Name":"Branches","Value":"[{\"LogicalOperator\":0,\"Conditions\":[{\"Operator\":8,\"FieldName\":\"[Input.Siemplify URL (optional)]\",\"Type\":2,\"Value\":\"\"}],\"Order\":1,\"IsDefaultBranch\":false,\"Name\":\"Branch\"},{\"LogicalOperator\":0,\"Conditions\":[],\"Order\":2,\"IsDefaultBranch\":true,\"Name\":\"Branch\"}]"},{"ParentStepIdentifier":"6c00638b-ab26-4174-bcc3-4b64d2946a99","ParentWorkflowIdentifier":"edd0b2a5-9b6d-4bc6-a7f5-553a31a898e4","Name":"ErrorFallbackBranch","Value":"2"},{"ParentStepIdentifier":"6c00638b-ab26-4174-bcc3-4b64d2946a99","ParentWorkflowIdentifier":"edd0b2a5-9b6d-4bc6-a7f5-553a31a898e4","Name":"MessageToAssignee","Value":null},{"ParentStepIdentifier":"6c00638b-ab26-4174-bcc3-4b64d2946a99","ParentWorkflowIdentifier":"edd0b2a5-9b6d-4bc6-a7f5-553a31a898e4","Name":"PendingActionTimeout","Value":null},{"ParentStepIdentifier":"6c00638b-ab26-4174-bcc3-4b64d2946a99","ParentWorkflowIdentifier":"edd0b2a5-9b6d-4bc6-a7f5-553a31a898e4","Name":"SelectedScopeName","Value":"All entities"}],"AutoSkipOnFailure":false,"IsDebugMockData":false,"StepDebugData":null},{"Identifier":"73f24bf6-f47c-4575-b5b0-5ca6adca63d8","OriginalStepIdentifier":"04b779f9-32ac-4f63-a560-b1e78617f339","ParentWorkflowIdentifier":"edd0b2a5-9b6d-4bc6-a7f5-553a31a898e4","ParentStepIdentifiers":["8ca9267c-883b-4d6e-9e43-173160a9a07a","2ffb8177-cdea-4d77-8cb7-0d7691c76df9","ea9df90e-e383-40fa-bd69-6129bd1da246"],"ParentStepIdentifier":"8ca9267c-883b-4d6e-9e43-173160a9a07a;2ffb8177-cdea-4d77-8cb7-0d7691c76df9;ea9df90e-e383-40fa-bd69-6129bd1da246","PreviousResultCondition":"{}","InstanceName":"Choose Ticketing system","IsAutomatic":true,"Name":"Condition","IsSkippable":false,"Description":"This condition determines the progress of the playbook. Conditions are built based on cases data (cases, alerts, vents, entities and environment properties) as-well as data that comes back from previous playbook steps.","ActionProvider":"Flow","ActionName":"IfFlowCondition","Type":4,"Integration":"Flow","Parameters":[{"ParentStepIdentifier":"73f24bf6-f47c-4575-b5b0-5ca6adca63d8","ParentWorkflowIdentifier":"edd0b2a5-9b6d-4bc6-a7f5-553a31a898e4","Name":"AssignedUsers","Value":null},{"ParentStepIdentifier":"73f24bf6-f47c-4575-b5b0-5ca6adca63d8","ParentWorkflowIdentifier":"edd0b2a5-9b6d-4bc6-a7f5-553a31a898e4","Name":"Branches","Value":"[{\"LogicalOperator\":0,\"Conditions\":[{\"Operator\":0,\"FieldName\":\"[Input.Ticketing system]\",\"Type\":2,\"Value\":\"Jira\"}],\"Order\":1,\"IsDefaultBranch\":false,\"Name\":\"Jira\"},{\"LogicalOperator\":0,\"Conditions\":[],\"Order\":4,\"IsDefaultBranch\":true,\"Name\":\"Branch\"},{\"LogicalOperator\":0,\"Conditions\":[{\"Operator\":0,\"FieldName\":\"[Input.Ticketing system]\",\"Type\":2,\"Value\":\"Service Now\"}],\"Order\":2,\"IsDefaultBranch\":false,\"Name\":\"Service Now\"},{\"LogicalOperator\":0,\"Conditions\":[{\"Operator\":0,\"FieldName\":\"[Input.Ticketing system]\",\"Type\":2,\"Value\":\"ZenDesk\"}],\"Order\":3,\"IsDefaultBranch\":false,\"Name\":\"ZenDesk\"}]"},{"ParentStepIdentifier":"73f24bf6-f47c-4575-b5b0-5ca6adca63d8","ParentWorkflowIdentifier":"edd0b2a5-9b6d-4bc6-a7f5-553a31a898e4","Name":"ErrorFallbackBranch","Value":"4"},{"ParentStepIdentifier":"73f24bf6-f47c-4575-b5b0-5ca6adca63d8","ParentWorkflowIdentifier":"edd0b2a5-9b6d-4bc6-a7f5-553a31a898e4","Name":"MessageToAssignee","Value":null},{"ParentStepIdentifier":"73f24bf6-f47c-4575-b5b0-5ca6adca63d8","ParentWorkflowIdentifier":"edd0b2a5-9b6d-4bc6-a7f5-553a31a898e4","Name":"PendingActionTimeout","Value":null},{"ParentStepIdentifier":"73f24bf6-f47c-4575-b5b0-5ca6adca63d8","ParentWorkflowIdentifier":"edd0b2a5-9b6d-4bc6-a7f5-553a31a898e4","Name":"SelectedScopeName","Value":"All entities"}],"AutoSkipOnFailure":false,"IsDebugMockData":false,"StepDebugData":null},{"Identifier":"741a94bf-85a5-4fc5-a666-c09734208bf0","OriginalStepIdentifier":"935235b8-0441-4761-b4b4-c45f3518d472","ParentWorkflowIdentifier":"edd0b2a5-9b6d-4bc6-a7f5-553a31a898e4","ParentStepIdentifiers":["f7c53a84-b8a7-4ba6-9b0b-5423d04178b2"],"ParentStepIdentifier":"f7c53a84-b8a7-4ba6-9b0b-5423d04178b2","PreviousResultCondition":"{}","InstanceName":"Zendesk_Get Created Ticket","IsAutomatic":true,"Name":"Zendesk_Get Ticket Details","IsSkippable":false,"Description":"Get ticket details, comments, and attachments by ticket id","ActionProvider":"Scripts","ActionName":"Zendesk_Get Ticket Details","Type":0,"Integration":"Zendesk","Parameters":[{"ParentStepIdentifier":"741a94bf-85a5-4fc5-a666-c09734208bf0","ParentWorkflowIdentifier":"edd0b2a5-9b6d-4bc6-a7f5-553a31a898e4","Name":"AssignedUsers","Value":null},{"ParentStepIdentifier":"741a94bf-85a5-4fc5-a666-c09734208bf0","ParentWorkflowIdentifier":"edd0b2a5-9b6d-4bc6-a7f5-553a31a898e4","Name":"AsyncActionTimeout","Value":"86400"},{"ParentStepIdentifier":"741a94bf-85a5-4fc5-a666-c09734208bf0","ParentWorkflowIdentifier":"edd0b2a5-9b6d-4bc6-a7f5-553a31a898e4","Name":"AsyncPollingInterval","Value":"3600"},{"ParentStepIdentifier":"741a94bf-85a5-4fc5-a666-c09734208bf0","ParentWorkflowIdentifier":"edd0b2a5-9b6d-4bc6-a7f5-553a31a898e4","Name":"FallbackIntegrationInstance","Value":null},{"ParentStepIdentifier":"741a94bf-85a5-4fc5-a666-c09734208bf0","ParentWorkflowIdentifier":"edd0b2a5-9b6d-4bc6-a7f5-553a31a898e4","Name":"IntegrationInstance","Value":"AutomaticEnvironment"},{"ParentStepIdentifier":"741a94bf-85a5-4fc5-a666-c09734208bf0","ParentWorkflowIdentifier":"edd0b2a5-9b6d-4bc6-a7f5-553a31a898e4","Name":"MessageToAssignee","Value":null},{"ParentStepIdentifier":"741a94bf-85a5-4fc5-a666-c09734208bf0","ParentWorkflowIdentifier":"edd0b2a5-9b6d-4bc6-a7f5-553a31a898e4","Name":"PendingActionTimeout","Value":null},{"ParentStepIdentifier":"741a94bf-85a5-4fc5-a666-c09734208bf0","ParentWorkflowIdentifier":"edd0b2a5-9b6d-4bc6-a7f5-553a31a898e4","Name":"ScriptName","Value":"Zendesk_Get Ticket Details"},{"ParentStepIdentifier":"741a94bf-85a5-4fc5-a666-c09734208bf0","ParentWorkflowIdentifier":"edd0b2a5-9b6d-4bc6-a7f5-553a31a898e4","Name":"ScriptParametersEntityFields","Value":"{\"Ticket ID\":\"[Zendesk_Create Ticket.ticket_id]\"}"},{"ParentStepIdentifier":"741a94bf-85a5-4fc5-a666-c09734208bf0","ParentWorkflowIdentifier":"edd0b2a5-9b6d-4bc6-a7f5-553a31a898e4","Name":"SelectedScopeName","Value":"All entities"}],"AutoSkipOnFailure":true,"IsDebugMockData":false,"StepDebugData":null},{"Identifier":"79d7281d-e2b0-475c-ab24-d86dc164d74e","OriginalStepIdentifier":"1aebe199-f00b-496c-9774-aa8926b208da","ParentWorkflowIdentifier":"edd0b2a5-9b6d-4bc6-a7f5-553a31a898e4","ParentStepIdentifiers":["73f24bf6-f47c-4575-b5b0-5ca6adca63d8"],"ParentStepIdentifier":"73f24bf6-f47c-4575-b5b0-5ca6adca63d8","PreviousResultCondition":"{\"73f24bf6-f47c-4575-b5b0-5ca6adca63d8\":\"4\"}","InstanceName":"Output_2","IsAutomatic":true,"Name":"Output","IsSkippable":false,"Description":"","ActionProvider":"Flow","ActionName":"OutputAction","Type":6,"Integration":"Flow","Parameters":[{"ParentStepIdentifier":"79d7281d-e2b0-475c-ab24-d86dc164d74e","ParentWorkflowIdentifier":"edd0b2a5-9b6d-4bc6-a7f5-553a31a898e4","Name":"NestedWorkflowOutput","Value":"No Ticket"}],"AutoSkipOnFailure":false,"IsDebugMockData":false,"StepDebugData":null},{"Identifier":"83f6df59-4f23-4760-bd6a-1d5d29511391","OriginalStepIdentifier":"96452d72-60d2-4b50-a592-bcfe04ae67a9","ParentWorkflowIdentifier":"edd0b2a5-9b6d-4bc6-a7f5-553a31a898e4","ParentStepIdentifiers":["88fea3c3-55de-4927-9746-2329144840b1","36a3f30c-8a89-4a99-86ca-490ed492502a"],"ParentStepIdentifier":"88fea3c3-55de-4927-9746-2329144840b1;36a3f30c-8a89-4a99-86ca-490ed492502a","PreviousResultCondition":"{}","InstanceName":"Get normalized alert priority","IsAutomatic":true,"Name":"Condition","IsSkippable":false,"Description":"This condition determines the progress of the playbook. Conditions are built based on cases data (cases, alerts, vents, entities and environment properties) as-well as data that comes back from previous playbook steps.","ActionProvider":"Flow","ActionName":"IfFlowCondition","Type":4,"Integration":"Flow","Parameters":[{"ParentStepIdentifier":"83f6df59-4f23-4760-bd6a-1d5d29511391","ParentWorkflowIdentifier":"edd0b2a5-9b6d-4bc6-a7f5-553a31a898e4","Name":"AssignedUsers","Value":null},{"ParentStepIdentifier":"83f6df59-4f23-4760-bd6a-1d5d29511391","ParentWorkflowIdentifier":"edd0b2a5-9b6d-4bc6-a7f5-553a31a898e4","Name":"Branches","Value":"[{\"LogicalOperator\":0,\"Conditions\":[{\"Operator\":3,\"FieldName\":\"[Alert.ALERT_SCORE]\",\"Type\":2,\"Value\":\"15\"}],\"Order\":1,\"IsDefaultBranch\":false,\"Name\":\"Critical\"},{\"LogicalOperator\":0,\"Conditions\":[],\"Order\":4,\"IsDefaultBranch\":true,\"Name\":\"Branch\"},{\"LogicalOperator\":0,\"Conditions\":[{\"Operator\":3,\"FieldName\":\"[Alert.ALERT_SCORE]\",\"Type\":2,\"Value\":\"10\"}],\"Order\":2,\"IsDefaultBranch\":false,\"Name\":\"High\"},{\"LogicalOperator\":0,\"Conditions\":[{\"Operator\":3,\"FieldName\":\"[Alert.ALERT_SCORE]\",\"Type\":2,\"Value\":\"0\"}],\"Order\":3,\"IsDefaultBranch\":false,\"Name\":\"Medium\"}]"},{"ParentStepIdentifier":"83f6df59-4f23-4760-bd6a-1d5d29511391","ParentWorkflowIdentifier":"edd0b2a5-9b6d-4bc6-a7f5-553a31a898e4","Name":"ErrorFallbackBranch","Value":"4"},{"ParentStepIdentifier":"83f6df59-4f23-4760-bd6a-1d5d29511391","ParentWorkflowIdentifier":"edd0b2a5-9b6d-4bc6-a7f5-553a31a898e4","Name":"MessageToAssignee","Value":null},{"ParentStepIdentifier":"83f6df59-4f23-4760-bd6a-1d5d29511391","ParentWorkflowIdentifier":"edd0b2a5-9b6d-4bc6-a7f5-553a31a898e4","Name":"PendingActionTimeout","Value":null},{"ParentStepIdentifier":"83f6df59-4f23-4760-bd6a-1d5d29511391","ParentWorkflowIdentifier":"edd0b2a5-9b6d-4bc6-a7f5-553a31a898e4","Name":"SelectedScopeName","Value":"All entities"}],"AutoSkipOnFailure":false,"IsDebugMockData":false,"StepDebugData":null},{"Identifier":"88fea3c3-55de-4927-9746-2329144840b1","OriginalStepIdentifier":"33ef67bb-2a16-4a8b-a6be-d0a957ede303","ParentWorkflowIdentifier":"edd0b2a5-9b6d-4bc6-a7f5-553a31a898e4","ParentStepIdentifiers":["6c00638b-ab26-4174-bcc3-4b64d2946a99"],"ParentStepIdentifier":"6c00638b-ab26-4174-bcc3-4b64d2946a99","PreviousResultCondition":"{\"6c00638b-ab26-4174-bcc3-4b64d2946a99\":\"1\"}","InstanceName":"Set Siemplify Case URL","IsAutomatic":true,"Name":"Tools_Set Context Value","IsSkippable":false,"Description":"The action sets a key and value in a specific context (alert or case)","ActionProvider":"Scripts","ActionName":"Tools_Set Context Value","Type":0,"Integration":"Tools","Parameters":[{"ParentStepIdentifier":"88fea3c3-55de-4927-9746-2329144840b1","ParentWorkflowIdentifier":"edd0b2a5-9b6d-4bc6-a7f5-553a31a898e4","Name":"AssignedUsers","Value":null},{"ParentStepIdentifier":"88fea3c3-55de-4927-9746-2329144840b1","ParentWorkflowIdentifier":"edd0b2a5-9b6d-4bc6-a7f5-553a31a898e4","Name":"AsyncActionTimeout","Value":"86400"},{"ParentStepIdentifier":"88fea3c3-55de-4927-9746-2329144840b1","ParentWorkflowIdentifier":"edd0b2a5-9b6d-4bc6-a7f5-553a31a898e4","Name":"AsyncPollingInterval","Value":"3600"},{"ParentStepIdentifier":"88fea3c3-55de-4927-9746-2329144840b1","ParentWorkflowIdentifier":"edd0b2a5-9b6d-4bc6-a7f5-553a31a898e4","Name":"FallbackIntegrationInstance","Value":null},{"ParentStepIdentifier":"88fea3c3-55de-4927-9746-2329144840b1","ParentWorkflowIdentifier":"edd0b2a5-9b6d-4bc6-a7f5-553a31a898e4","Name":"IntegrationInstance","Value":"AutomaticEnvironment"},{"ParentStepIdentifier":"88fea3c3-55de-4927-9746-2329144840b1","ParentWorkflowIdentifier":"edd0b2a5-9b6d-4bc6-a7f5-553a31a898e4","Name":"MessageToAssignee","Value":null},{"ParentStepIdentifier":"88fea3c3-55de-4927-9746-2329144840b1","ParentWorkflowIdentifier":"edd0b2a5-9b6d-4bc6-a7f5-553a31a898e4","Name":"PendingActionTimeout","Value":null},{"ParentStepIdentifier":"88fea3c3-55de-4927-9746-2329144840b1","ParentWorkflowIdentifier":"edd0b2a5-9b6d-4bc6-a7f5-553a31a898e4","Name":"ScriptName","Value":"Tools_Set Context Value"},{"ParentStepIdentifier":"88fea3c3-55de-4927-9746-2329144840b1","ParentWorkflowIdentifier":"edd0b2a5-9b6d-4bc6-a7f5-553a31a898e4","Name":"ScriptParametersEntityFields","Value":"{\"Value\":\"View Case: [Input.Siemplify URL (optional)]/#/main/cases/dynamic-view/[Case.Id]\",\"Key\":\"caseUrl\",\"Scope\":\"Alert\"}"},{"ParentStepIdentifier":"88fea3c3-55de-4927-9746-2329144840b1","ParentWorkflowIdentifier":"edd0b2a5-9b6d-4bc6-a7f5-553a31a898e4","Name":"SelectedScopeName","Value":"All entities"}],"AutoSkipOnFailure":true,"IsDebugMockData":false,"StepDebugData":null},{"Identifier":"8ca9267c-883b-4d6e-9e43-173160a9a07a","OriginalStepIdentifier":"62452735-ae51-47f2-8f1c-5a7ecc69c1da","ParentWorkflowIdentifier":"edd0b2a5-9b6d-4bc6-a7f5-553a31a898e4","ParentStepIdentifiers":["38c5bf0f-8719-473a-aab5-f546cca771c8","d34e92e9-4809-4a30-80b0-3e4b56fe4f8a"],"ParentStepIdentifier":"38c5bf0f-8719-473a-aab5-f546cca771c8;d34e92e9-4809-4a30-80b0-3e4b56fe4f8a","PreviousResultCondition":"{}","InstanceName":"Set ServiceNow ticket priority","IsAutomatic":true,"Name":"Tools_Set Context Value","IsSkippable":false,"Description":"The action sets a key and value in a specific context (alert or case)","ActionProvider":"Scripts","ActionName":"Tools_Set Context Value","Type":0,"Integration":"Tools","Parameters":[{"ParentStepIdentifier":"8ca9267c-883b-4d6e-9e43-173160a9a07a","ParentWorkflowIdentifier":"edd0b2a5-9b6d-4bc6-a7f5-553a31a898e4","Name":"AssignedUsers","Value":null},{"ParentStepIdentifier":"8ca9267c-883b-4d6e-9e43-173160a9a07a","ParentWorkflowIdentifier":"edd0b2a5-9b6d-4bc6-a7f5-553a31a898e4","Name":"AsyncActionTimeout","Value":"86400"},{"ParentStepIdentifier":"8ca9267c-883b-4d6e-9e43-173160a9a07a","ParentWorkflowIdentifier":"edd0b2a5-9b6d-4bc6-a7f5-553a31a898e4","Name":"AsyncPollingInterval","Value":"3600"},{"ParentStepIdentifier":"8ca9267c-883b-4d6e-9e43-173160a9a07a","ParentWorkflowIdentifier":"edd0b2a5-9b6d-4bc6-a7f5-553a31a898e4","Name":"FallbackIntegrationInstance","Value":null},{"ParentStepIdentifier":"8ca9267c-883b-4d6e-9e43-173160a9a07a","ParentWorkflowIdentifier":"edd0b2a5-9b6d-4bc6-a7f5-553a31a898e4","Name":"IntegrationInstance","Value":"AutomaticEnvironment"},{"ParentStepIdentifier":"8ca9267c-883b-4d6e-9e43-173160a9a07a","ParentWorkflowIdentifier":"edd0b2a5-9b6d-4bc6-a7f5-553a31a898e4","Name":"MessageToAssignee","Value":null},{"ParentStepIdentifier":"8ca9267c-883b-4d6e-9e43-173160a9a07a","ParentWorkflowIdentifier":"edd0b2a5-9b6d-4bc6-a7f5-553a31a898e4","Name":"PendingActionTimeout","Value":null},{"ParentStepIdentifier":"8ca9267c-883b-4d6e-9e43-173160a9a07a","ParentWorkflowIdentifier":"edd0b2a5-9b6d-4bc6-a7f5-553a31a898e4","Name":"ScriptName","Value":"Tools_Set Context Value"},{"ParentStepIdentifier":"8ca9267c-883b-4d6e-9e43-173160a9a07a","ParentWorkflowIdentifier":"edd0b2a5-9b6d-4bc6-a7f5-553a31a898e4","Name":"ScriptParametersEntityFields","Value":"{\"Value\":\"1\",\"Key\":\"SNticketPriority\",\"Scope\":\"Alert\"}"},{"ParentStepIdentifier":"8ca9267c-883b-4d6e-9e43-173160a9a07a","ParentWorkflowIdentifier":"edd0b2a5-9b6d-4bc6-a7f5-553a31a898e4","Name":"SelectedScopeName","Value":"All entities"}],"AutoSkipOnFailure":true,"IsDebugMockData":false,"StepDebugData":null},{"Identifier":"c312706a-0a93-42db-9e2e-38fae205a6bd","OriginalStepIdentifier":"2fa72a62-4e1b-4957-b3eb-c3d84b89b1e2","ParentWorkflowIdentifier":"edd0b2a5-9b6d-4bc6-a7f5-553a31a898e4","ParentStepIdentifiers":["73f24bf6-f47c-4575-b5b0-5ca6adca63d8"],"ParentStepIdentifier":"73f24bf6-f47c-4575-b5b0-5ca6adca63d8","PreviousResultCondition":"{\"73f24bf6-f47c-4575-b5b0-5ca6adca63d8\":\"2\"}","InstanceName":"ServiceNow_Create Incident","IsAutomatic":true,"Name":"ServiceNow_Create Incident","IsSkippable":false,"Description":"Create a new incident in the ServiceNow system","ActionProvider":"Scripts","ActionName":"ServiceNow_Create Incident","Type":0,"Integration":"ServiceNow","Parameters":[{"ParentStepIdentifier":"c312706a-0a93-42db-9e2e-38fae205a6bd","ParentWorkflowIdentifier":"edd0b2a5-9b6d-4bc6-a7f5-553a31a898e4","Name":"AssignedUsers","Value":null},{"ParentStepIdentifier":"c312706a-0a93-42db-9e2e-38fae205a6bd","ParentWorkflowIdentifier":"edd0b2a5-9b6d-4bc6-a7f5-553a31a898e4","Name":"AsyncActionTimeout","Value":"86400"},{"ParentStepIdentifier":"c312706a-0a93-42db-9e2e-38fae205a6bd","ParentWorkflowIdentifier":"edd0b2a5-9b6d-4bc6-a7f5-553a31a898e4","Name":"AsyncPollingInterval","Value":"3600"},{"ParentStepIdentifier":"c312706a-0a93-42db-9e2e-38fae205a6bd","ParentWorkflowIdentifier":"edd0b2a5-9b6d-4bc6-a7f5-553a31a898e4","Name":"FallbackIntegrationInstance","Value":null},{"ParentStepIdentifier":"c312706a-0a93-42db-9e2e-38fae205a6bd","ParentWorkflowIdentifier":"edd0b2a5-9b6d-4bc6-a7f5-553a31a898e4","Name":"IntegrationInstance","Value":"AutomaticEnvironment"},{"ParentStepIdentifier":"c312706a-0a93-42db-9e2e-38fae205a6bd","ParentWorkflowIdentifier":"edd0b2a5-9b6d-4bc6-a7f5-553a31a898e4","Name":"MessageToAssignee","Value":null},{"ParentStepIdentifier":"c312706a-0a93-42db-9e2e-38fae205a6bd","ParentWorkflowIdentifier":"edd0b2a5-9b6d-4bc6-a7f5-553a31a898e4","Name":"PendingActionTimeout","Value":null},{"ParentStepIdentifier":"c312706a-0a93-42db-9e2e-38fae205a6bd","ParentWorkflowIdentifier":"edd0b2a5-9b6d-4bc6-a7f5-553a31a898e4","Name":"ScriptName","Value":"ServiceNow_Create Incident"},{"ParentStepIdentifier":"c312706a-0a93-42db-9e2e-38fae205a6bd","ParentWorkflowIdentifier":"edd0b2a5-9b6d-4bc6-a7f5-553a31a898e4","Name":"ScriptParametersEntityFields","Value":"{\"Short Description\":\"[Alert.Name]\",\"Impact\":\"[Alert.SNticketPriority]\",\"Urgency\":\"[Alert.SNticketPriority]\",\"Category\":\"\",\"Assignment group ID\":\"\",\"Assigned User ID\":\"[Input.Assignee (optional)]\",\"Description\":\"Involved entities:\\n[Entity.OriginalIdentifier]\\n\\n[Alert.caseUrl]\",\"Custom Fields\":\"\"}"},{"ParentStepIdentifier":"c312706a-0a93-42db-9e2e-38fae205a6bd","ParentWorkflowIdentifier":"edd0b2a5-9b6d-4bc6-a7f5-553a31a898e4","Name":"SelectedScopeName","Value":"All entities"}],"AutoSkipOnFailure":true,"IsDebugMockData":false,"StepDebugData":null},{"Identifier":"c6df50c4-695c-42b9-8d46-70481eaafe36","OriginalStepIdentifier":"c72f9189-a640-4698-be80-f992db76b477","ParentWorkflowIdentifier":"edd0b2a5-9b6d-4bc6-a7f5-553a31a898e4","ParentStepIdentifiers":["741a94bf-85a5-4fc5-a666-c09734208bf0"],"ParentStepIdentifier":"741a94bf-85a5-4fc5-a666-c09734208bf0","PreviousResultCondition":"{}","InstanceName":"ZenDesk Ticket Details","IsAutomatic":true,"Name":"Tools_Buffer","IsSkippable":false,"Description":"The action receives a json and returns it as a json result","ActionProvider":"Scripts","ActionName":"Tools_Buffer","Type":0,"Integration":"Tools","Parameters":[{"ParentStepIdentifier":"c6df50c4-695c-42b9-8d46-70481eaafe36","ParentWorkflowIdentifier":"edd0b2a5-9b6d-4bc6-a7f5-553a31a898e4","Name":"AssignedUsers","Value":null},{"ParentStepIdentifier":"c6df50c4-695c-42b9-8d46-70481eaafe36","ParentWorkflowIdentifier":"edd0b2a5-9b6d-4bc6-a7f5-553a31a898e4","Name":"AsyncActionTimeout","Value":"86400"},{"ParentStepIdentifier":"c6df50c4-695c-42b9-8d46-70481eaafe36","ParentWorkflowIdentifier":"edd0b2a5-9b6d-4bc6-a7f5-553a31a898e4","Name":"AsyncPollingInterval","Value":"3600"},{"ParentStepIdentifier":"c6df50c4-695c-42b9-8d46-70481eaafe36","ParentWorkflowIdentifier":"edd0b2a5-9b6d-4bc6-a7f5-553a31a898e4","Name":"FallbackIntegrationInstance","Value":null},{"ParentStepIdentifier":"c6df50c4-695c-42b9-8d46-70481eaafe36","ParentWorkflowIdentifier":"edd0b2a5-9b6d-4bc6-a7f5-553a31a898e4","Name":"IntegrationInstance","Value":"AutomaticEnvironment"},{"ParentStepIdentifier":"c6df50c4-695c-42b9-8d46-70481eaafe36","ParentWorkflowIdentifier":"edd0b2a5-9b6d-4bc6-a7f5-553a31a898e4","Name":"MessageToAssignee","Value":null},{"ParentStepIdentifier":"c6df50c4-695c-42b9-8d46-70481eaafe36","ParentWorkflowIdentifier":"edd0b2a5-9b6d-4bc6-a7f5-553a31a898e4","Name":"PendingActionTimeout","Value":null},{"ParentStepIdentifier":"c6df50c4-695c-42b9-8d46-70481eaafe36","ParentWorkflowIdentifier":"edd0b2a5-9b6d-4bc6-a7f5-553a31a898e4","Name":"ScriptName","Value":"Tools_Buffer"},{"ParentStepIdentifier":"c6df50c4-695c-42b9-8d46-70481eaafe36","ParentWorkflowIdentifier":"edd0b2a5-9b6d-4bc6-a7f5-553a31a898e4","Name":"ScriptParametersEntityFields","Value":"{\"ResultValue\":\"\",\"JSON\":\"[Zendesk_Get Created Ticket.ticket_details]\"}"},{"ParentStepIdentifier":"c6df50c4-695c-42b9-8d46-70481eaafe36","ParentWorkflowIdentifier":"edd0b2a5-9b6d-4bc6-a7f5-553a31a898e4","Name":"SelectedScopeName","Value":"All entities"}],"AutoSkipOnFailure":true,"IsDebugMockData":false,"StepDebugData":null},{"Identifier":"d34e92e9-4809-4a30-80b0-3e4b56fe4f8a","OriginalStepIdentifier":"7c560e33-5d18-4290-a2b8-b829884531c0","ParentWorkflowIdentifier":"edd0b2a5-9b6d-4bc6-a7f5-553a31a898e4","ParentStepIdentifiers":["83f6df59-4f23-4760-bd6a-1d5d29511391"],"ParentStepIdentifier":"83f6df59-4f23-4760-bd6a-1d5d29511391","PreviousResultCondition":"{\"83f6df59-4f23-4760-bd6a-1d5d29511391\":\"2\"}","InstanceName":"Set ZenDesk ticket priority1","IsAutomatic":true,"Name":"Tools_Set Context Value","IsSkippable":false,"Description":"The action sets a key and value in a specific context (alert or case)","ActionProvider":"Scripts","ActionName":"Tools_Set Context Value","Type":0,"Integration":"Tools","Parameters":[{"ParentStepIdentifier":"d34e92e9-4809-4a30-80b0-3e4b56fe4f8a","ParentWorkflowIdentifier":"edd0b2a5-9b6d-4bc6-a7f5-553a31a898e4","Name":"AssignedUsers","Value":null},{"ParentStepIdentifier":"d34e92e9-4809-4a30-80b0-3e4b56fe4f8a","ParentWorkflowIdentifier":"edd0b2a5-9b6d-4bc6-a7f5-553a31a898e4","Name":"AsyncActionTimeout","Value":"86400"},{"ParentStepIdentifier":"d34e92e9-4809-4a30-80b0-3e4b56fe4f8a","ParentWorkflowIdentifier":"edd0b2a5-9b6d-4bc6-a7f5-553a31a898e4","Name":"AsyncPollingInterval","Value":"3600"},{"ParentStepIdentifier":"d34e92e9-4809-4a30-80b0-3e4b56fe4f8a","ParentWorkflowIdentifier":"edd0b2a5-9b6d-4bc6-a7f5-553a31a898e4","Name":"FallbackIntegrationInstance","Value":null},{"ParentStepIdentifier":"d34e92e9-4809-4a30-80b0-3e4b56fe4f8a","ParentWorkflowIdentifier":"edd0b2a5-9b6d-4bc6-a7f5-553a31a898e4","Name":"IntegrationInstance","Value":"AutomaticEnvironment"},{"ParentStepIdentifier":"d34e92e9-4809-4a30-80b0-3e4b56fe4f8a","ParentWorkflowIdentifier":"edd0b2a5-9b6d-4bc6-a7f5-553a31a898e4","Name":"MessageToAssignee","Value":null},{"ParentStepIdentifier":"d34e92e9-4809-4a30-80b0-3e4b56fe4f8a","ParentWorkflowIdentifier":"edd0b2a5-9b6d-4bc6-a7f5-553a31a898e4","Name":"PendingActionTimeout","Value":null},{"ParentStepIdentifier":"d34e92e9-4809-4a30-80b0-3e4b56fe4f8a","ParentWorkflowIdentifier":"edd0b2a5-9b6d-4bc6-a7f5-553a31a898e4","Name":"ScriptName","Value":"Tools_Set Context Value"},{"ParentStepIdentifier":"d34e92e9-4809-4a30-80b0-3e4b56fe4f8a","ParentWorkflowIdentifier":"edd0b2a5-9b6d-4bc6-a7f5-553a31a898e4","Name":"ScriptParametersEntityFields","Value":"{\"Value\":\"high\",\"Key\":\"ZDticketPriority\",\"Scope\":\"Alert\"}"},{"ParentStepIdentifier":"d34e92e9-4809-4a30-80b0-3e4b56fe4f8a","ParentWorkflowIdentifier":"edd0b2a5-9b6d-4bc6-a7f5-553a31a898e4","Name":"SelectedScopeName","Value":"All entities"}],"AutoSkipOnFailure":true,"IsDebugMockData":false,"StepDebugData":null},{"Identifier":"e132583f-5f78-47d3-89b7-ce17e192a1cf","OriginalStepIdentifier":"32230c96-9c0b-404e-8748-e0c24f9361f0","ParentWorkflowIdentifier":"edd0b2a5-9b6d-4bc6-a7f5-553a31a898e4","ParentStepIdentifiers":["37c185fc-e970-474a-8526-2cd748080983"],"ParentStepIdentifier":"37c185fc-e970-474a-8526-2cd748080983","PreviousResultCondition":"{\"37c185fc-e970-474a-8526-2cd748080983\":\"2\"}","InstanceName":"Siemplify_Case Comment_Failed creating ticket","IsAutomatic":true,"Name":"Siemplify_Case Comment","IsSkippable":false,"Description":"Add a comment to the case the current alert has been grouped to","ActionProvider":"Scripts","ActionName":"Siemplify_Case Comment","Type":0,"Integration":"Siemplify","Parameters":[{"ParentStepIdentifier":"e132583f-5f78-47d3-89b7-ce17e192a1cf","ParentWorkflowIdentifier":"edd0b2a5-9b6d-4bc6-a7f5-553a31a898e4","Name":"AssignedUsers","Value":null},{"ParentStepIdentifier":"e132583f-5f78-47d3-89b7-ce17e192a1cf","ParentWorkflowIdentifier":"edd0b2a5-9b6d-4bc6-a7f5-553a31a898e4","Name":"AsyncActionTimeout","Value":"86400"},{"ParentStepIdentifier":"e132583f-5f78-47d3-89b7-ce17e192a1cf","ParentWorkflowIdentifier":"edd0b2a5-9b6d-4bc6-a7f5-553a31a898e4","Name":"AsyncPollingInterval","Value":"3600"},{"ParentStepIdentifier":"e132583f-5f78-47d3-89b7-ce17e192a1cf","ParentWorkflowIdentifier":"edd0b2a5-9b6d-4bc6-a7f5-553a31a898e4","Name":"FallbackIntegrationInstance","Value":"f92c5e0e-7086-4b31-b118-b3239eb5bc1d"},{"ParentStepIdentifier":"e132583f-5f78-47d3-89b7-ce17e192a1cf","ParentWorkflowIdentifier":"edd0b2a5-9b6d-4bc6-a7f5-553a31a898e4","Name":"IntegrationInstance","Value":"AutomaticEnvironment"},{"ParentStepIdentifier":"e132583f-5f78-47d3-89b7-ce17e192a1cf","ParentWorkflowIdentifier":"edd0b2a5-9b6d-4bc6-a7f5-553a31a898e4","Name":"MessageToAssignee","Value":null},{"ParentStepIdentifier":"e132583f-5f78-47d3-89b7-ce17e192a1cf","ParentWorkflowIdentifier":"edd0b2a5-9b6d-4bc6-a7f5-553a31a898e4","Name":"PendingActionTimeout","Value":null},{"ParentStepIdentifier":"e132583f-5f78-47d3-89b7-ce17e192a1cf","ParentWorkflowIdentifier":"edd0b2a5-9b6d-4bc6-a7f5-553a31a898e4","Name":"ScriptName","Value":"Siemplify_Case Comment"},{"ParentStepIdentifier":"e132583f-5f78-47d3-89b7-ce17e192a1cf","ParentWorkflowIdentifier":"edd0b2a5-9b6d-4bc6-a7f5-553a31a898e4","Name":"ScriptParametersEntityFields","Value":"{\"Comment\":\"Ticket was not created successfully \"}"},{"ParentStepIdentifier":"e132583f-5f78-47d3-89b7-ce17e192a1cf","ParentWorkflowIdentifier":"edd0b2a5-9b6d-4bc6-a7f5-553a31a898e4","Name":"SelectedScopeName","Value":"All entities"}],"AutoSkipOnFailure":false,"IsDebugMockData":false,"StepDebugData":null},{"Identifier":"ea9df90e-e383-40fa-bd69-6129bd1da246","OriginalStepIdentifier":"3d5292f1-e616-484e-8bc5-cf3cc0c57495","ParentWorkflowIdentifier":"edd0b2a5-9b6d-4bc6-a7f5-553a31a898e4","ParentStepIdentifiers":["4a9d7dfe-1658-43a8-ae72-d54021ea4f2c"],"ParentStepIdentifier":"4a9d7dfe-1658-43a8-ae72-d54021ea4f2c","PreviousResultCondition":"{}","InstanceName":"Set ServiceNow ticket priority2","IsAutomatic":true,"Name":"Tools_Set Context Value","IsSkippable":false,"Description":"The action sets a key and value in a specific context (alert or case)","ActionProvider":"Scripts","ActionName":"Tools_Set Context Value","Type":0,"Integration":"Tools","Parameters":[{"ParentStepIdentifier":"ea9df90e-e383-40fa-bd69-6129bd1da246","ParentWorkflowIdentifier":"edd0b2a5-9b6d-4bc6-a7f5-553a31a898e4","Name":"AssignedUsers","Value":null},{"ParentStepIdentifier":"ea9df90e-e383-40fa-bd69-6129bd1da246","ParentWorkflowIdentifier":"edd0b2a5-9b6d-4bc6-a7f5-553a31a898e4","Name":"AsyncActionTimeout","Value":"86400"},{"ParentStepIdentifier":"ea9df90e-e383-40fa-bd69-6129bd1da246","ParentWorkflowIdentifier":"edd0b2a5-9b6d-4bc6-a7f5-553a31a898e4","Name":"AsyncPollingInterval","Value":"3600"},{"ParentStepIdentifier":"ea9df90e-e383-40fa-bd69-6129bd1da246","ParentWorkflowIdentifier":"edd0b2a5-9b6d-4bc6-a7f5-553a31a898e4","Name":"FallbackIntegrationInstance","Value":null},{"ParentStepIdentifier":"ea9df90e-e383-40fa-bd69-6129bd1da246","ParentWorkflowIdentifier":"edd0b2a5-9b6d-4bc6-a7f5-553a31a898e4","Name":"IntegrationInstance","Value":"AutomaticEnvironment"},{"ParentStepIdentifier":"ea9df90e-e383-40fa-bd69-6129bd1da246","ParentWorkflowIdentifier":"edd0b2a5-9b6d-4bc6-a7f5-553a31a898e4","Name":"MessageToAssignee","Value":null},{"ParentStepIdentifier":"ea9df90e-e383-40fa-bd69-6129bd1da246","ParentWorkflowIdentifier":"edd0b2a5-9b6d-4bc6-a7f5-553a31a898e4","Name":"PendingActionTimeout","Value":null},{"ParentStepIdentifier":"ea9df90e-e383-40fa-bd69-6129bd1da246","ParentWorkflowIdentifier":"edd0b2a5-9b6d-4bc6-a7f5-553a31a898e4","Name":"ScriptName","Value":"Tools_Set Context Value"},{"ParentStepIdentifier":"ea9df90e-e383-40fa-bd69-6129bd1da246","ParentWorkflowIdentifier":"edd0b2a5-9b6d-4bc6-a7f5-553a31a898e4","Name":"ScriptParametersEntityFields","Value":"{\"Value\":\"3\",\"Key\":\"SNticketPriority\",\"Scope\":\"Alert\"}"},{"ParentStepIdentifier":"ea9df90e-e383-40fa-bd69-6129bd1da246","ParentWorkflowIdentifier":"edd0b2a5-9b6d-4bc6-a7f5-553a31a898e4","Name":"SelectedScopeName","Value":"All entities"}],"AutoSkipOnFailure":true,"IsDebugMockData":false,"StepDebugData":null},{"Identifier":"f7c53a84-b8a7-4ba6-9b0b-5423d04178b2","OriginalStepIdentifier":"09ba2de9-5496-486b-bc28-3bd4c27ad2e3","ParentWorkflowIdentifier":"edd0b2a5-9b6d-4bc6-a7f5-553a31a898e4","ParentStepIdentifiers":["5d25ac58-70c0-44fd-bc1b-606c5ddd211e"],"ParentStepIdentifier":"5d25ac58-70c0-44fd-bc1b-606c5ddd211e","PreviousResultCondition":"{}","InstanceName":"Tools_Set Ticket ID_2","IsAutomatic":true,"Name":"Tools_Set Context Value","IsSkippable":false,"Description":"The action sets a key and value in a specific context (alert or case)","ActionProvider":"Scripts","ActionName":"Tools_Set Context Value","Type":0,"Integration":"Tools","Parameters":[{"ParentStepIdentifier":"f7c53a84-b8a7-4ba6-9b0b-5423d04178b2","ParentWorkflowIdentifier":"edd0b2a5-9b6d-4bc6-a7f5-553a31a898e4","Name":"AssignedUsers","Value":null},{"ParentStepIdentifier":"f7c53a84-b8a7-4ba6-9b0b-5423d04178b2","ParentWorkflowIdentifier":"edd0b2a5-9b6d-4bc6-a7f5-553a31a898e4","Name":"AsyncActionTimeout","Value":"86400"},{"ParentStepIdentifier":"f7c53a84-b8a7-4ba6-9b0b-5423d04178b2","ParentWorkflowIdentifier":"edd0b2a5-9b6d-4bc6-a7f5-553a31a898e4","Name":"AsyncPollingInterval","Value":"3600"},{"ParentStepIdentifier":"f7c53a84-b8a7-4ba6-9b0b-5423d04178b2","ParentWorkflowIdentifier":"edd0b2a5-9b6d-4bc6-a7f5-553a31a898e4","Name":"FallbackIntegrationInstance","Value":null},{"ParentStepIdentifier":"f7c53a84-b8a7-4ba6-9b0b-5423d04178b2","ParentWorkflowIdentifier":"edd0b2a5-9b6d-4bc6-a7f5-553a31a898e4","Name":"IntegrationInstance","Value":"AutomaticEnvironment"},{"ParentStepIdentifier":"f7c53a84-b8a7-4ba6-9b0b-5423d04178b2","ParentWorkflowIdentifier":"edd0b2a5-9b6d-4bc6-a7f5-553a31a898e4","Name":"MessageToAssignee","Value":null},{"ParentStepIdentifier":"f7c53a84-b8a7-4ba6-9b0b-5423d04178b2","ParentWorkflowIdentifier":"edd0b2a5-9b6d-4bc6-a7f5-553a31a898e4","Name":"PendingActionTimeout","Value":null},{"ParentStepIdentifier":"f7c53a84-b8a7-4ba6-9b0b-5423d04178b2","ParentWorkflowIdentifier":"edd0b2a5-9b6d-4bc6-a7f5-553a31a898e4","Name":"ScriptName","Value":"Tools_Set Context Value"},{"ParentStepIdentifier":"f7c53a84-b8a7-4ba6-9b0b-5423d04178b2","ParentWorkflowIdentifier":"edd0b2a5-9b6d-4bc6-a7f5-553a31a898e4","Name":"ScriptParametersEntityFields","Value":"{\"Value\":\"[Zendesk_Create Ticket.ticket_id]\",\"Key\":\"TicketID\",\"Scope\":\"Alert\"}"},{"ParentStepIdentifier":"f7c53a84-b8a7-4ba6-9b0b-5423d04178b2","ParentWorkflowIdentifier":"edd0b2a5-9b6d-4bc6-a7f5-553a31a898e4","Name":"SelectedScopeName","Value":"All entities"}],"AutoSkipOnFailure":true,"IsDebugMockData":false,"StepDebugData":null}],"Triggers":[{"Identifier":"72e600d7-aea1-4080-9be4-e893973904cf","IsEnabled":true,"DefinitionIdentifier":"edd0b2a5-9b6d-4bc6-a7f5-553a31a898e4","Type":11,"WorkflowName":null,"LogicalOperator":0,"Conditions":[{"FieldName":"Ticketing system","Value":"None","MatchType":0},{"FieldName":"Siemplify URL (optional)","Value":"","MatchType":0},{"FieldName":"Project key (Jira)","Value":"","MatchType":0},{"FieldName":"Assignee (optional)","Value":"","MatchType":0}],"Environments":["*"]}],"Environments":["*"]}}