{"CategoryName":"Siemplify Use Cases","OverviewTemplatesDetails":[],"WidgetTemplates":null,"Definition":{"Identifier":"8d010fc9-c98e-453f-b19c-031862b89bb1","IsEnable":true,"Version":0.0,"IsArchived":false,"IsAutomatic":true,"Name":"Set Initial Priority","Category":2,"Description":"Set alert initial score by event severity","Priority":2,"Creator":"3b2f0bdd-a85e-4221-9d95-89477d2f048b","VersionCreator":null,"VersionComment":null,"OriginalWorkflowIdentifier":"8d010fc9-c98e-453f-b19c-031862b89bb1","TemplateName":null,"PlaybookType":1,"IsDebugMode":false,"DebugBaseAlertIdentifier":null,"DebugAlertIdentifier":null,"SimulationClone":false,"Steps":[{"Identifier":"1ebcde5c-ac1a-4851-b8d0-bea63655f3af","OriginalStepIdentifier":"4fd9a695-9e2c-413f-8e73-14138273756d","ParentWorkflowIdentifier":"8d010fc9-c98e-453f-b19c-031862b89bb1","ParentStepIdentifiers":["783b641b-ab7a-47ad-adaf-66b98623a141"],"ParentStepIdentifier":"783b641b-ab7a-47ad-adaf-66b98623a141","PreviousResultCondition":"{\"783b641b-ab7a-47ad-adaf-66b98623a141\":\"1\"}","InstanceName":"Set Initial Priority +20","IsAutomatic":true,"Name":"Tools_Update Alert Score","IsSkippable":false,"Description":"This will update the alert score by the amount supplied in the 'Input' parameter. ","ActionProvider":"Scripts","ActionName":"Tools_Update Alert Score","Type":0,"Integration":"Tools","Parameters":[{"ParentStepIdentifier":"1ebcde5c-ac1a-4851-b8d0-bea63655f3af","ParentWorkflowIdentifier":"8d010fc9-c98e-453f-b19c-031862b89bb1","Name":"AssignedUsers","Value":null},{"ParentStepIdentifier":"1ebcde5c-ac1a-4851-b8d0-bea63655f3af","ParentWorkflowIdentifier":"8d010fc9-c98e-453f-b19c-031862b89bb1","Name":"AsyncActionTimeout","Value":"86400"},{"ParentStepIdentifier":"1ebcde5c-ac1a-4851-b8d0-bea63655f3af","ParentWorkflowIdentifier":"8d010fc9-c98e-453f-b19c-031862b89bb1","Name":"AsyncPollingInterval","Value":"3600"},{"ParentStepIdentifier":"1ebcde5c-ac1a-4851-b8d0-bea63655f3af","ParentWorkflowIdentifier":"8d010fc9-c98e-453f-b19c-031862b89bb1","Name":"FallbackIntegrationInstance","Value":null},{"ParentStepIdentifier":"1ebcde5c-ac1a-4851-b8d0-bea63655f3af","ParentWorkflowIdentifier":"8d010fc9-c98e-453f-b19c-031862b89bb1","Name":"IntegrationInstance","Value":"AutomaticEnvironment"},{"ParentStepIdentifier":"1ebcde5c-ac1a-4851-b8d0-bea63655f3af","ParentWorkflowIdentifier":"8d010fc9-c98e-453f-b19c-031862b89bb1","Name":"MessageToAssignee","Value":null},{"ParentStepIdentifier":"1ebcde5c-ac1a-4851-b8d0-bea63655f3af","ParentWorkflowIdentifier":"8d010fc9-c98e-453f-b19c-031862b89bb1","Name":"PendingActionTimeout","Value":null},{"ParentStepIdentifier":"1ebcde5c-ac1a-4851-b8d0-bea63655f3af","ParentWorkflowIdentifier":"8d010fc9-c98e-453f-b19c-031862b89bb1","Name":"ScriptName","Value":"Tools_Update Alert Score"},{"ParentStepIdentifier":"1ebcde5c-ac1a-4851-b8d0-bea63655f3af","ParentWorkflowIdentifier":"8d010fc9-c98e-453f-b19c-031862b89bb1","Name":"ScriptParametersEntityFields","Value":"{\"Input\":\"+20\"}"},{"ParentStepIdentifier":"1ebcde5c-ac1a-4851-b8d0-bea63655f3af","ParentWorkflowIdentifier":"8d010fc9-c98e-453f-b19c-031862b89bb1","Name":"SelectedScopeName","Value":"All entities"}],"AutoSkipOnFailure":false,"IsDebugMockData":false,"StepDebugData":null},{"Identifier":"28977c27-2c23-40f4-b9e3-7927ab13b98e","OriginalStepIdentifier":"88ff1413-6212-4d4a-9f12-ef6f985a99d8","ParentWorkflowIdentifier":"8d010fc9-c98e-453f-b19c-031862b89bb1","ParentStepIdentifiers":["783b641b-ab7a-47ad-adaf-66b98623a141"],"ParentStepIdentifier":"783b641b-ab7a-47ad-adaf-66b98623a141","PreviousResultCondition":"{\"783b641b-ab7a-47ad-adaf-66b98623a141\":\"4\"}","InstanceName":"Set Initial Priority -10","IsAutomatic":true,"Name":"Tools_Update Alert Score","IsSkippable":false,"Description":"This will update the alert score by the amount supplied in the 'Input' parameter. ","ActionProvider":"Scripts","ActionName":"Tools_Update Alert Score","Type":0,"Integration":"Tools","Parameters":[{"ParentStepIdentifier":"28977c27-2c23-40f4-b9e3-7927ab13b98e","ParentWorkflowIdentifier":"8d010fc9-c98e-453f-b19c-031862b89bb1","Name":"AssignedUsers","Value":null},{"ParentStepIdentifier":"28977c27-2c23-40f4-b9e3-7927ab13b98e","ParentWorkflowIdentifier":"8d010fc9-c98e-453f-b19c-031862b89bb1","Name":"AsyncActionTimeout","Value":"86400"},{"ParentStepIdentifier":"28977c27-2c23-40f4-b9e3-7927ab13b98e","ParentWorkflowIdentifier":"8d010fc9-c98e-453f-b19c-031862b89bb1","Name":"AsyncPollingInterval","Value":"3600"},{"ParentStepIdentifier":"28977c27-2c23-40f4-b9e3-7927ab13b98e","ParentWorkflowIdentifier":"8d010fc9-c98e-453f-b19c-031862b89bb1","Name":"FallbackIntegrationInstance","Value":null},{"ParentStepIdentifier":"28977c27-2c23-40f4-b9e3-7927ab13b98e","ParentWorkflowIdentifier":"8d010fc9-c98e-453f-b19c-031862b89bb1","Name":"IntegrationInstance","Value":"AutomaticEnvironment"},{"ParentStepIdentifier":"28977c27-2c23-40f4-b9e3-7927ab13b98e","ParentWorkflowIdentifier":"8d010fc9-c98e-453f-b19c-031862b89bb1","Name":"MessageToAssignee","Value":null},{"ParentStepIdentifier":"28977c27-2c23-40f4-b9e3-7927ab13b98e","ParentWorkflowIdentifier":"8d010fc9-c98e-453f-b19c-031862b89bb1","Name":"PendingActionTimeout","Value":null},{"ParentStepIdentifier":"28977c27-2c23-40f4-b9e3-7927ab13b98e","ParentWorkflowIdentifier":"8d010fc9-c98e-453f-b19c-031862b89bb1","Name":"ScriptName","Value":"Tools_Update Alert Score"},{"ParentStepIdentifier":"28977c27-2c23-40f4-b9e3-7927ab13b98e","ParentWorkflowIdentifier":"8d010fc9-c98e-453f-b19c-031862b89bb1","Name":"ScriptParametersEntityFields","Value":"{\"Input\":\"-10\"}"},{"ParentStepIdentifier":"28977c27-2c23-40f4-b9e3-7927ab13b98e","ParentWorkflowIdentifier":"8d010fc9-c98e-453f-b19c-031862b89bb1","Name":"SelectedScopeName","Value":"All entities"}],"AutoSkipOnFailure":false,"IsDebugMockData":false,"StepDebugData":null},{"Identifier":"3c2beafd-bfb5-46a7-b1d4-54cf2e21847a","OriginalStepIdentifier":"e0b9ce08-c13c-489d-bee2-c384e2ae872b","ParentWorkflowIdentifier":"8d010fc9-c98e-453f-b19c-031862b89bb1","ParentStepIdentifiers":["1ebcde5c-ac1a-4851-b8d0-bea63655f3af"],"ParentStepIdentifier":"1ebcde5c-ac1a-4851-b8d0-bea63655f3af","PreviousResultCondition":"{}","InstanceName":"Output_1","IsAutomatic":true,"Name":"Output","IsSkippable":false,"Description":"","ActionProvider":"Flow","ActionName":"OutputAction","Type":6,"Integration":"Flow","Parameters":[{"ParentStepIdentifier":"3c2beafd-bfb5-46a7-b1d4-54cf2e21847a","ParentWorkflowIdentifier":"8d010fc9-c98e-453f-b19c-031862b89bb1","Name":"NestedWorkflowOutput","Value":null}],"AutoSkipOnFailure":false,"IsDebugMockData":false,"StepDebugData":null},{"Identifier":"3ee449bc-0cd5-4983-a884-8d2e045c708c","OriginalStepIdentifier":"576122f2-4414-4143-9f26-b29f90853d1b","ParentWorkflowIdentifier":"8d010fc9-c98e-453f-b19c-031862b89bb1","ParentStepIdentifiers":["783b641b-ab7a-47ad-adaf-66b98623a141"],"ParentStepIdentifier":"783b641b-ab7a-47ad-adaf-66b98623a141","PreviousResultCondition":"{\"783b641b-ab7a-47ad-adaf-66b98623a141\":\"2\"}","InstanceName":"Set Initial Priority +15","IsAutomatic":true,"Name":"Tools_Update Alert Score","IsSkippable":false,"Description":"This will update the alert score by the amount supplied in the 'Input' parameter. ","ActionProvider":"Scripts","ActionName":"Tools_Update Alert Score","Type":0,"Integration":"Tools","Parameters":[{"ParentStepIdentifier":"3ee449bc-0cd5-4983-a884-8d2e045c708c","ParentWorkflowIdentifier":"8d010fc9-c98e-453f-b19c-031862b89bb1","Name":"AssignedUsers","Value":null},{"ParentStepIdentifier":"3ee449bc-0cd5-4983-a884-8d2e045c708c","ParentWorkflowIdentifier":"8d010fc9-c98e-453f-b19c-031862b89bb1","Name":"AsyncActionTimeout","Value":"86400"},{"ParentStepIdentifier":"3ee449bc-0cd5-4983-a884-8d2e045c708c","ParentWorkflowIdentifier":"8d010fc9-c98e-453f-b19c-031862b89bb1","Name":"AsyncPollingInterval","Value":"3600"},{"ParentStepIdentifier":"3ee449bc-0cd5-4983-a884-8d2e045c708c","ParentWorkflowIdentifier":"8d010fc9-c98e-453f-b19c-031862b89bb1","Name":"FallbackIntegrationInstance","Value":null},{"ParentStepIdentifier":"3ee449bc-0cd5-4983-a884-8d2e045c708c","ParentWorkflowIdentifier":"8d010fc9-c98e-453f-b19c-031862b89bb1","Name":"IntegrationInstance","Value":"AutomaticEnvironment"},{"ParentStepIdentifier":"3ee449bc-0cd5-4983-a884-8d2e045c708c","ParentWorkflowIdentifier":"8d010fc9-c98e-453f-b19c-031862b89bb1","Name":"MessageToAssignee","Value":null},{"ParentStepIdentifier":"3ee449bc-0cd5-4983-a884-8d2e045c708c","ParentWorkflowIdentifier":"8d010fc9-c98e-453f-b19c-031862b89bb1","Name":"PendingActionTimeout","Value":null},{"ParentStepIdentifier":"3ee449bc-0cd5-4983-a884-8d2e045c708c","ParentWorkflowIdentifier":"8d010fc9-c98e-453f-b19c-031862b89bb1","Name":"ScriptName","Value":"Tools_Update Alert Score"},{"ParentStepIdentifier":"3ee449bc-0cd5-4983-a884-8d2e045c708c","ParentWorkflowIdentifier":"8d010fc9-c98e-453f-b19c-031862b89bb1","Name":"ScriptParametersEntityFields","Value":"{\"Input\":\"+15\"}"},{"ParentStepIdentifier":"3ee449bc-0cd5-4983-a884-8d2e045c708c","ParentWorkflowIdentifier":"8d010fc9-c98e-453f-b19c-031862b89bb1","Name":"SelectedScopeName","Value":"All entities"}],"AutoSkipOnFailure":false,"IsDebugMockData":false,"StepDebugData":null},{"Identifier":"53bdd058-ee50-4a31-8f41-cd90e8df9a75","OriginalStepIdentifier":"94088f78-3612-4f1b-87f6-98b1d9c85559","ParentWorkflowIdentifier":"8d010fc9-c98e-453f-b19c-031862b89bb1","ParentStepIdentifiers":["783b641b-ab7a-47ad-adaf-66b98623a141"],"ParentStepIdentifier":"783b641b-ab7a-47ad-adaf-66b98623a141","PreviousResultCondition":"{\"783b641b-ab7a-47ad-adaf-66b98623a141\":\"3\"}","InstanceName":"Set Initial Priority +10","IsAutomatic":true,"Name":"Tools_Update Alert Score","IsSkippable":false,"Description":"This will update the alert score by the amount supplied in the 'Input' parameter. ","ActionProvider":"Scripts","ActionName":"Tools_Update Alert Score","Type":0,"Integration":"Tools","Parameters":[{"ParentStepIdentifier":"53bdd058-ee50-4a31-8f41-cd90e8df9a75","ParentWorkflowIdentifier":"8d010fc9-c98e-453f-b19c-031862b89bb1","Name":"AssignedUsers","Value":null},{"ParentStepIdentifier":"53bdd058-ee50-4a31-8f41-cd90e8df9a75","ParentWorkflowIdentifier":"8d010fc9-c98e-453f-b19c-031862b89bb1","Name":"AsyncActionTimeout","Value":"86400"},{"ParentStepIdentifier":"53bdd058-ee50-4a31-8f41-cd90e8df9a75","ParentWorkflowIdentifier":"8d010fc9-c98e-453f-b19c-031862b89bb1","Name":"AsyncPollingInterval","Value":"3600"},{"ParentStepIdentifier":"53bdd058-ee50-4a31-8f41-cd90e8df9a75","ParentWorkflowIdentifier":"8d010fc9-c98e-453f-b19c-031862b89bb1","Name":"FallbackIntegrationInstance","Value":null},{"ParentStepIdentifier":"53bdd058-ee50-4a31-8f41-cd90e8df9a75","ParentWorkflowIdentifier":"8d010fc9-c98e-453f-b19c-031862b89bb1","Name":"IntegrationInstance","Value":"AutomaticEnvironment"},{"ParentStepIdentifier":"53bdd058-ee50-4a31-8f41-cd90e8df9a75","ParentWorkflowIdentifier":"8d010fc9-c98e-453f-b19c-031862b89bb1","Name":"MessageToAssignee","Value":null},{"ParentStepIdentifier":"53bdd058-ee50-4a31-8f41-cd90e8df9a75","ParentWorkflowIdentifier":"8d010fc9-c98e-453f-b19c-031862b89bb1","Name":"PendingActionTimeout","Value":null},{"ParentStepIdentifier":"53bdd058-ee50-4a31-8f41-cd90e8df9a75","ParentWorkflowIdentifier":"8d010fc9-c98e-453f-b19c-031862b89bb1","Name":"ScriptName","Value":"Tools_Update Alert Score"},{"ParentStepIdentifier":"53bdd058-ee50-4a31-8f41-cd90e8df9a75","ParentWorkflowIdentifier":"8d010fc9-c98e-453f-b19c-031862b89bb1","Name":"ScriptParametersEntityFields","Value":"{\"Input\":\"+10\"}"},{"ParentStepIdentifier":"53bdd058-ee50-4a31-8f41-cd90e8df9a75","ParentWorkflowIdentifier":"8d010fc9-c98e-453f-b19c-031862b89bb1","Name":"SelectedScopeName","Value":"All entities"}],"AutoSkipOnFailure":false,"IsDebugMockData":false,"StepDebugData":null},{"Identifier":"5ddb7173-6c84-4eaa-8283-b85a6dce2885","OriginalStepIdentifier":"65614b03-4bd2-490b-a4ba-47b9a0bacf92","ParentWorkflowIdentifier":"8d010fc9-c98e-453f-b19c-031862b89bb1","ParentStepIdentifiers":["28977c27-2c23-40f4-b9e3-7927ab13b98e"],"ParentStepIdentifier":"28977c27-2c23-40f4-b9e3-7927ab13b98e","PreviousResultCondition":"{}","InstanceName":"Output_5","IsAutomatic":true,"Name":"Output","IsSkippable":false,"Description":"","ActionProvider":"Flow","ActionName":"OutputAction","Type":6,"Integration":"Flow","Parameters":[{"ParentStepIdentifier":"5ddb7173-6c84-4eaa-8283-b85a6dce2885","ParentWorkflowIdentifier":"8d010fc9-c98e-453f-b19c-031862b89bb1","Name":"NestedWorkflowOutput","Value":null}],"AutoSkipOnFailure":false,"IsDebugMockData":false,"StepDebugData":null},{"Identifier":"783b641b-ab7a-47ad-adaf-66b98623a141","OriginalStepIdentifier":"eea42b5a-d46e-453f-a3dc-d7b89c2d841c","ParentWorkflowIdentifier":"8d010fc9-c98e-453f-b19c-031862b89bb1","ParentStepIdentifiers":[],"ParentStepIdentifier":"","PreviousResultCondition":"{}","InstanceName":"Set by alert severity ","IsAutomatic":true,"Name":"Condition","IsSkippable":false,"Description":"This condition determines the progress of the playbook. Conditions are built based on cases data (cases, alerts, vents, entities and environment properties) as-well as data that comes back from previous playbook steps.","ActionProvider":"Flow","ActionName":"IfFlowCondition","Type":4,"Integration":"Flow","Parameters":[{"ParentStepIdentifier":"783b641b-ab7a-47ad-adaf-66b98623a141","ParentWorkflowIdentifier":"8d010fc9-c98e-453f-b19c-031862b89bb1","Name":"AssignedUsers","Value":null},{"ParentStepIdentifier":"783b641b-ab7a-47ad-adaf-66b98623a141","ParentWorkflowIdentifier":"8d010fc9-c98e-453f-b19c-031862b89bb1","Name":"Branches","Value":"[{\"LogicalOperator\":1,\"Conditions\":[{\"Operator\":0,\"FieldName\":\"[Event.event_securityResult_1_severity]\",\"Type\":2,\"Value\":\"CRITICAL\"}],\"Order\":1,\"IsDefaultBranch\":false,\"Name\":\"Critical\"},{\"LogicalOperator\":0,\"Conditions\":[],\"Order\":5,\"IsDefaultBranch\":true,\"Name\":\"Branch\"},{\"LogicalOperator\":1,\"Conditions\":[{\"Operator\":0,\"FieldName\":\"[Event.event_securityResult_1_severity]\",\"Type\":2,\"Value\":\"HIGH\"}],\"Order\":2,\"IsDefaultBranch\":false,\"Name\":\"High\"},{\"LogicalOperator\":1,\"Conditions\":[{\"Operator\":0,\"FieldName\":\"[Event.event_securityResult_1_severity]\",\"Type\":2,\"Value\":\"MEDIUM\"}],\"Order\":3,\"IsDefaultBranch\":false,\"Name\":\"Branch\"},{\"LogicalOperator\":0,\"Conditions\":[{\"Operator\":0,\"FieldName\":\"[Event.event_securityResult_1_severity]\",\"Type\":2,\"Value\":\"LOW\"}],\"Order\":4,\"IsDefaultBranch\":false,\"Name\":\"Branch\"}]"},{"ParentStepIdentifier":"783b641b-ab7a-47ad-adaf-66b98623a141","ParentWorkflowIdentifier":"8d010fc9-c98e-453f-b19c-031862b89bb1","Name":"ErrorFallbackBranch","Value":null},{"ParentStepIdentifier":"783b641b-ab7a-47ad-adaf-66b98623a141","ParentWorkflowIdentifier":"8d010fc9-c98e-453f-b19c-031862b89bb1","Name":"MessageToAssignee","Value":null},{"ParentStepIdentifier":"783b641b-ab7a-47ad-adaf-66b98623a141","ParentWorkflowIdentifier":"8d010fc9-c98e-453f-b19c-031862b89bb1","Name":"PendingActionTimeout","Value":null},{"ParentStepIdentifier":"783b641b-ab7a-47ad-adaf-66b98623a141","ParentWorkflowIdentifier":"8d010fc9-c98e-453f-b19c-031862b89bb1","Name":"SelectedScopeName","Value":"All entities"}],"AutoSkipOnFailure":false,"IsDebugMockData":false,"StepDebugData":null},{"Identifier":"bc017087-1427-4967-b340-71dc855d53b4","OriginalStepIdentifier":"9b0f2663-0154-4cf7-8ab3-079c9b6b1bbf","ParentWorkflowIdentifier":"8d010fc9-c98e-453f-b19c-031862b89bb1","ParentStepIdentifiers":["3ee449bc-0cd5-4983-a884-8d2e045c708c"],"ParentStepIdentifier":"3ee449bc-0cd5-4983-a884-8d2e045c708c","PreviousResultCondition":"{}","InstanceName":"Output_3","IsAutomatic":true,"Name":"Output","IsSkippable":false,"Description":"","ActionProvider":"Flow","ActionName":"OutputAction","Type":6,"Integration":"Flow","Parameters":[{"ParentStepIdentifier":"bc017087-1427-4967-b340-71dc855d53b4","ParentWorkflowIdentifier":"8d010fc9-c98e-453f-b19c-031862b89bb1","Name":"NestedWorkflowOutput","Value":null}],"AutoSkipOnFailure":false,"IsDebugMockData":false,"StepDebugData":null},{"Identifier":"fbda5dd5-d13b-420d-9874-b408736e3836","OriginalStepIdentifier":"267025b8-69fc-499d-ae23-295bfef8103a","ParentWorkflowIdentifier":"8d010fc9-c98e-453f-b19c-031862b89bb1","ParentStepIdentifiers":["53bdd058-ee50-4a31-8f41-cd90e8df9a75"],"ParentStepIdentifier":"53bdd058-ee50-4a31-8f41-cd90e8df9a75","PreviousResultCondition":"{}","InstanceName":"Output_4","IsAutomatic":true,"Name":"Output","IsSkippable":false,"Description":"","ActionProvider":"Flow","ActionName":"OutputAction","Type":6,"Integration":"Flow","Parameters":[{"ParentStepIdentifier":"fbda5dd5-d13b-420d-9874-b408736e3836","ParentWorkflowIdentifier":"8d010fc9-c98e-453f-b19c-031862b89bb1","Name":"NestedWorkflowOutput","Value":null}],"AutoSkipOnFailure":false,"IsDebugMockData":false,"StepDebugData":null},{"Identifier":"fc330dcd-e7c8-47a4-99b0-e71940dbfa76","OriginalStepIdentifier":"8f0bda77-a048-4b5f-b46e-a3786397701f","ParentWorkflowIdentifier":"8d010fc9-c98e-453f-b19c-031862b89bb1","ParentStepIdentifiers":["783b641b-ab7a-47ad-adaf-66b98623a141"],"ParentStepIdentifier":"783b641b-ab7a-47ad-adaf-66b98623a141","PreviousResultCondition":"{\"783b641b-ab7a-47ad-adaf-66b98623a141\":\"5\"}","InstanceName":"Output_2","IsAutomatic":true,"Name":"Output","IsSkippable":false,"Description":"","ActionProvider":"Flow","ActionName":"OutputAction","Type":6,"Integration":"Flow","Parameters":[{"ParentStepIdentifier":"fc330dcd-e7c8-47a4-99b0-e71940dbfa76","ParentWorkflowIdentifier":"8d010fc9-c98e-453f-b19c-031862b89bb1","Name":"NestedWorkflowOutput","Value":null}],"AutoSkipOnFailure":false,"IsDebugMockData":false,"StepDebugData":null}],"Triggers":[{"Identifier":"ddc39a7d-5f46-4f9f-92f7-6e28b4341e35","IsEnabled":true,"DefinitionIdentifier":"8d010fc9-c98e-453f-b19c-031862b89bb1","Type":11,"WorkflowName":null,"LogicalOperator":0,"Conditions":[],"Environments":["*"]}],"Environments":["*"]}}