{"CategoryName":"Siemplify Use Cases","OverviewTemplatesDetails":[],"WidgetTemplates":null,"Definition":{"Identifier":"830a1046-93a7-48ef-b9a5-58b4535424e8","IsEnable":true,"Version":0.0,"IsArchived":false,"IsAutomatic":true,"Name":"Update Ticket","Category":2,"Description":"Updates a ticket in either Jira, Service Now, or ZenDesk,\naccording to input json in form {\"ts\":<ticketingSystem>,\"ticketid\":<ticketId>}","Priority":2,"Creator":"3b2f0bdd-a85e-4221-9d95-89477d2f048b","VersionCreator":null,"VersionComment":null,"OriginalWorkflowIdentifier":"830a1046-93a7-48ef-b9a5-58b4535424e8","TemplateName":null,"PlaybookType":1,"IsDebugMode":false,"DebugBaseAlertIdentifier":null,"DebugAlertIdentifier":null,"SimulationClone":false,"Steps":[{"Identifier":"004d1efa-bdb4-45a4-b8cc-38fefc09fb22","OriginalStepIdentifier":"0d2353bb-b7bb-4544-99d8-82189cdf955f","ParentWorkflowIdentifier":"830a1046-93a7-48ef-b9a5-58b4535424e8","ParentStepIdentifiers":["56bc696d-6af8-4cf8-86a2-86ffa92bdfa9"],"ParentStepIdentifier":"56bc696d-6af8-4cf8-86a2-86ffa92bdfa9","PreviousResultCondition":"{\n  \"56bc696d-6af8-4cf8-86a2-86ffa92bdfa9\": \"1\"\n}","InstanceName":"Jira_Update Issue_1","IsAutomatic":true,"Name":"Jira_Update Issue","IsSkippable":false,"Description":"Update an issue. For new Jira Api, action will try to find a match for the assignee to assign an issue based on User email or displayName field.","ActionProvider":"Scripts","ActionName":"Jira_Update Issue","Type":0,"Integration":"Jira","Parameters":[{"ParentStepIdentifier":"004d1efa-bdb4-45a4-b8cc-38fefc09fb22","ParentWorkflowIdentifier":"830a1046-93a7-48ef-b9a5-58b4535424e8","Name":"AssignedUsers","Value":null},{"ParentStepIdentifier":"004d1efa-bdb4-45a4-b8cc-38fefc09fb22","ParentWorkflowIdentifier":"830a1046-93a7-48ef-b9a5-58b4535424e8","Name":"AsyncActionTimeout","Value":"86400"},{"ParentStepIdentifier":"004d1efa-bdb4-45a4-b8cc-38fefc09fb22","ParentWorkflowIdentifier":"830a1046-93a7-48ef-b9a5-58b4535424e8","Name":"AsyncPollingInterval","Value":"3600"},{"ParentStepIdentifier":"004d1efa-bdb4-45a4-b8cc-38fefc09fb22","ParentWorkflowIdentifier":"830a1046-93a7-48ef-b9a5-58b4535424e8","Name":"FallbackIntegrationInstance","Value":null},{"ParentStepIdentifier":"004d1efa-bdb4-45a4-b8cc-38fefc09fb22","ParentWorkflowIdentifier":"830a1046-93a7-48ef-b9a5-58b4535424e8","Name":"IntegrationInstance","Value":"AutomaticEnvironment"},{"ParentStepIdentifier":"004d1efa-bdb4-45a4-b8cc-38fefc09fb22","ParentWorkflowIdentifier":"830a1046-93a7-48ef-b9a5-58b4535424e8","Name":"MessageToAssignee","Value":null},{"ParentStepIdentifier":"004d1efa-bdb4-45a4-b8cc-38fefc09fb22","ParentWorkflowIdentifier":"830a1046-93a7-48ef-b9a5-58b4535424e8","Name":"PendingActionTimeout","Value":null},{"ParentStepIdentifier":"004d1efa-bdb4-45a4-b8cc-38fefc09fb22","ParentWorkflowIdentifier":"830a1046-93a7-48ef-b9a5-58b4535424e8","Name":"ScriptName","Value":"Jira_Update Issue"},{"ParentStepIdentifier":"004d1efa-bdb4-45a4-b8cc-38fefc09fb22","ParentWorkflowIdentifier":"830a1046-93a7-48ef-b9a5-58b4535424e8","Name":"ScriptParametersEntityFields","Value":"{\"Issue Key\":\"[Tools_Buffer.JsonResult| \\\"ticketid\\\"]\",\"Status\":\"\",\"Summary\":\"Alert summary - [Alert.SUMMARY]\\n\",\"Description\":\"Updates - \\nAlert priority - [Alert.ZDticketPriority]\\nAlert summary - [Alert.SUMMARY]\\nAll entities - [Entity.OriginalIdentifier]\\n\\n[Alert.caseUrl]\",\"Issue Type\":\"Incident\",\"Jira Username\":\"\",\"Assignee\":\"\",\"Components\":\"\",\"Labels\":\"\",\"Custom Fields\":\"\"}"},{"ParentStepIdentifier":"004d1efa-bdb4-45a4-b8cc-38fefc09fb22","ParentWorkflowIdentifier":"830a1046-93a7-48ef-b9a5-58b4535424e8","Name":"SelectedScopeName","Value":"All entities"}],"AutoSkipOnFailure":true,"IsDebugMockData":false,"StepDebugData":null},{"Identifier":"0e60e9a9-9a8d-4e2c-b1b7-87095cb78fdf","OriginalStepIdentifier":"a11483c4-cf16-4e76-bd7b-3f18e8bc1bad","ParentWorkflowIdentifier":"830a1046-93a7-48ef-b9a5-58b4535424e8","ParentStepIdentifiers":["0f5078cd-0f87-499d-86ac-5449e62e4d0f"],"ParentStepIdentifier":"0f5078cd-0f87-499d-86ac-5449e62e4d0f","PreviousResultCondition":"{}","InstanceName":"Set ServiceNow ticket priority2","IsAutomatic":true,"Name":"Tools_Set Context Value","IsSkippable":false,"Description":"The action sets a key and value in a specific context (alert or case)","ActionProvider":"Scripts","ActionName":"Tools_Set Context Value","Type":0,"Integration":"Tools","Parameters":[{"ParentStepIdentifier":"0e60e9a9-9a8d-4e2c-b1b7-87095cb78fdf","ParentWorkflowIdentifier":"830a1046-93a7-48ef-b9a5-58b4535424e8","Name":"AssignedUsers","Value":null},{"ParentStepIdentifier":"0e60e9a9-9a8d-4e2c-b1b7-87095cb78fdf","ParentWorkflowIdentifier":"830a1046-93a7-48ef-b9a5-58b4535424e8","Name":"AsyncActionTimeout","Value":"86400"},{"ParentStepIdentifier":"0e60e9a9-9a8d-4e2c-b1b7-87095cb78fdf","ParentWorkflowIdentifier":"830a1046-93a7-48ef-b9a5-58b4535424e8","Name":"AsyncPollingInterval","Value":"3600"},{"ParentStepIdentifier":"0e60e9a9-9a8d-4e2c-b1b7-87095cb78fdf","ParentWorkflowIdentifier":"830a1046-93a7-48ef-b9a5-58b4535424e8","Name":"FallbackIntegrationInstance","Value":null},{"ParentStepIdentifier":"0e60e9a9-9a8d-4e2c-b1b7-87095cb78fdf","ParentWorkflowIdentifier":"830a1046-93a7-48ef-b9a5-58b4535424e8","Name":"IntegrationInstance","Value":"AutomaticEnvironment"},{"ParentStepIdentifier":"0e60e9a9-9a8d-4e2c-b1b7-87095cb78fdf","ParentWorkflowIdentifier":"830a1046-93a7-48ef-b9a5-58b4535424e8","Name":"MessageToAssignee","Value":null},{"ParentStepIdentifier":"0e60e9a9-9a8d-4e2c-b1b7-87095cb78fdf","ParentWorkflowIdentifier":"830a1046-93a7-48ef-b9a5-58b4535424e8","Name":"PendingActionTimeout","Value":null},{"ParentStepIdentifier":"0e60e9a9-9a8d-4e2c-b1b7-87095cb78fdf","ParentWorkflowIdentifier":"830a1046-93a7-48ef-b9a5-58b4535424e8","Name":"ScriptName","Value":"Tools_Set Context Value"},{"ParentStepIdentifier":"0e60e9a9-9a8d-4e2c-b1b7-87095cb78fdf","ParentWorkflowIdentifier":"830a1046-93a7-48ef-b9a5-58b4535424e8","Name":"ScriptParametersEntityFields","Value":"{\"Value\":\"3\",\"Key\":\"SNticketPriority\",\"Scope\":\"Alert\"}"},{"ParentStepIdentifier":"0e60e9a9-9a8d-4e2c-b1b7-87095cb78fdf","ParentWorkflowIdentifier":"830a1046-93a7-48ef-b9a5-58b4535424e8","Name":"SelectedScopeName","Value":"All entities"}],"AutoSkipOnFailure":true,"IsDebugMockData":false,"StepDebugData":null},{"Identifier":"0f5078cd-0f87-499d-86ac-5449e62e4d0f","OriginalStepIdentifier":"9d268bb0-6071-4c20-bfd8-5c8843d41256","ParentWorkflowIdentifier":"830a1046-93a7-48ef-b9a5-58b4535424e8","ParentStepIdentifiers":["e116896e-f66c-4238-b6c3-b02c70d7b722"],"ParentStepIdentifier":"e116896e-f66c-4238-b6c3-b02c70d7b722","PreviousResultCondition":"{\n  \"e116896e-f66c-4238-b6c3-b02c70d7b722\": \"4\"\n}","InstanceName":"Set ZenDesk ticket priority3","IsAutomatic":true,"Name":"Tools_Set Context Value","IsSkippable":false,"Description":"The action sets a key and value in a specific context (alert or case)","ActionProvider":"Scripts","ActionName":"Tools_Set Context Value","Type":0,"Integration":"Tools","Parameters":[{"ParentStepIdentifier":"0f5078cd-0f87-499d-86ac-5449e62e4d0f","ParentWorkflowIdentifier":"830a1046-93a7-48ef-b9a5-58b4535424e8","Name":"AssignedUsers","Value":null},{"ParentStepIdentifier":"0f5078cd-0f87-499d-86ac-5449e62e4d0f","ParentWorkflowIdentifier":"830a1046-93a7-48ef-b9a5-58b4535424e8","Name":"AsyncActionTimeout","Value":"86400"},{"ParentStepIdentifier":"0f5078cd-0f87-499d-86ac-5449e62e4d0f","ParentWorkflowIdentifier":"830a1046-93a7-48ef-b9a5-58b4535424e8","Name":"AsyncPollingInterval","Value":"3600"},{"ParentStepIdentifier":"0f5078cd-0f87-499d-86ac-5449e62e4d0f","ParentWorkflowIdentifier":"830a1046-93a7-48ef-b9a5-58b4535424e8","Name":"FallbackIntegrationInstance","Value":null},{"ParentStepIdentifier":"0f5078cd-0f87-499d-86ac-5449e62e4d0f","ParentWorkflowIdentifier":"830a1046-93a7-48ef-b9a5-58b4535424e8","Name":"IntegrationInstance","Value":"AutomaticEnvironment"},{"ParentStepIdentifier":"0f5078cd-0f87-499d-86ac-5449e62e4d0f","ParentWorkflowIdentifier":"830a1046-93a7-48ef-b9a5-58b4535424e8","Name":"MessageToAssignee","Value":null},{"ParentStepIdentifier":"0f5078cd-0f87-499d-86ac-5449e62e4d0f","ParentWorkflowIdentifier":"830a1046-93a7-48ef-b9a5-58b4535424e8","Name":"PendingActionTimeout","Value":null},{"ParentStepIdentifier":"0f5078cd-0f87-499d-86ac-5449e62e4d0f","ParentWorkflowIdentifier":"830a1046-93a7-48ef-b9a5-58b4535424e8","Name":"ScriptName","Value":"Tools_Set Context Value"},{"ParentStepIdentifier":"0f5078cd-0f87-499d-86ac-5449e62e4d0f","ParentWorkflowIdentifier":"830a1046-93a7-48ef-b9a5-58b4535424e8","Name":"ScriptParametersEntityFields","Value":"{\"Value\":\"low\",\"Key\":\"ZDticketPriority\",\"Scope\":\"Alert\"}"},{"ParentStepIdentifier":"0f5078cd-0f87-499d-86ac-5449e62e4d0f","ParentWorkflowIdentifier":"830a1046-93a7-48ef-b9a5-58b4535424e8","Name":"SelectedScopeName","Value":"All entities"}],"AutoSkipOnFailure":true,"IsDebugMockData":false,"StepDebugData":null},{"Identifier":"3a984ea0-b0c6-4079-93ab-e9c315aae330","OriginalStepIdentifier":"ab504b5e-f0b0-452e-8c28-12b819e81279","ParentWorkflowIdentifier":"830a1046-93a7-48ef-b9a5-58b4535424e8","ParentStepIdentifiers":["e116896e-f66c-4238-b6c3-b02c70d7b722"],"ParentStepIdentifier":"e116896e-f66c-4238-b6c3-b02c70d7b722","PreviousResultCondition":"{\n  \"e116896e-f66c-4238-b6c3-b02c70d7b722\": \"2\"\n}","InstanceName":"Set ZenDesk ticket priority1","IsAutomatic":true,"Name":"Tools_Set Context Value","IsSkippable":false,"Description":"The action sets a key and value in a specific context (alert or case)","ActionProvider":"Scripts","ActionName":"Tools_Set Context Value","Type":0,"Integration":"Tools","Parameters":[{"ParentStepIdentifier":"3a984ea0-b0c6-4079-93ab-e9c315aae330","ParentWorkflowIdentifier":"830a1046-93a7-48ef-b9a5-58b4535424e8","Name":"AssignedUsers","Value":null},{"ParentStepIdentifier":"3a984ea0-b0c6-4079-93ab-e9c315aae330","ParentWorkflowIdentifier":"830a1046-93a7-48ef-b9a5-58b4535424e8","Name":"AsyncActionTimeout","Value":"86400"},{"ParentStepIdentifier":"3a984ea0-b0c6-4079-93ab-e9c315aae330","ParentWorkflowIdentifier":"830a1046-93a7-48ef-b9a5-58b4535424e8","Name":"AsyncPollingInterval","Value":"3600"},{"ParentStepIdentifier":"3a984ea0-b0c6-4079-93ab-e9c315aae330","ParentWorkflowIdentifier":"830a1046-93a7-48ef-b9a5-58b4535424e8","Name":"FallbackIntegrationInstance","Value":null},{"ParentStepIdentifier":"3a984ea0-b0c6-4079-93ab-e9c315aae330","ParentWorkflowIdentifier":"830a1046-93a7-48ef-b9a5-58b4535424e8","Name":"IntegrationInstance","Value":"AutomaticEnvironment"},{"ParentStepIdentifier":"3a984ea0-b0c6-4079-93ab-e9c315aae330","ParentWorkflowIdentifier":"830a1046-93a7-48ef-b9a5-58b4535424e8","Name":"MessageToAssignee","Value":null},{"ParentStepIdentifier":"3a984ea0-b0c6-4079-93ab-e9c315aae330","ParentWorkflowIdentifier":"830a1046-93a7-48ef-b9a5-58b4535424e8","Name":"PendingActionTimeout","Value":null},{"ParentStepIdentifier":"3a984ea0-b0c6-4079-93ab-e9c315aae330","ParentWorkflowIdentifier":"830a1046-93a7-48ef-b9a5-58b4535424e8","Name":"ScriptName","Value":"Tools_Set Context Value"},{"ParentStepIdentifier":"3a984ea0-b0c6-4079-93ab-e9c315aae330","ParentWorkflowIdentifier":"830a1046-93a7-48ef-b9a5-58b4535424e8","Name":"ScriptParametersEntityFields","Value":"{\"Value\":\"high\",\"Key\":\"ZDticketPriority\",\"Scope\":\"Alert\"}"},{"ParentStepIdentifier":"3a984ea0-b0c6-4079-93ab-e9c315aae330","ParentWorkflowIdentifier":"830a1046-93a7-48ef-b9a5-58b4535424e8","Name":"SelectedScopeName","Value":"All entities"}],"AutoSkipOnFailure":true,"IsDebugMockData":false,"StepDebugData":null},{"Identifier":"3c17d4fb-9749-4f33-b29a-13cfeef5ecd8","OriginalStepIdentifier":"43b51103-a83c-4ce9-980c-82e1f69793df","ParentWorkflowIdentifier":"830a1046-93a7-48ef-b9a5-58b4535424e8","ParentStepIdentifiers":["e116896e-f66c-4238-b6c3-b02c70d7b722"],"ParentStepIdentifier":"e116896e-f66c-4238-b6c3-b02c70d7b722","PreviousResultCondition":"{\n  \"e116896e-f66c-4238-b6c3-b02c70d7b722\": \"1\"\n}","InstanceName":"Set ZenDesk ticket priority","IsAutomatic":true,"Name":"Tools_Set Context Value","IsSkippable":false,"Description":"The action sets a key and value in a specific context (alert or case)","ActionProvider":"Scripts","ActionName":"Tools_Set Context Value","Type":0,"Integration":"Tools","Parameters":[{"ParentStepIdentifier":"3c17d4fb-9749-4f33-b29a-13cfeef5ecd8","ParentWorkflowIdentifier":"830a1046-93a7-48ef-b9a5-58b4535424e8","Name":"AssignedUsers","Value":null},{"ParentStepIdentifier":"3c17d4fb-9749-4f33-b29a-13cfeef5ecd8","ParentWorkflowIdentifier":"830a1046-93a7-48ef-b9a5-58b4535424e8","Name":"AsyncActionTimeout","Value":"86400"},{"ParentStepIdentifier":"3c17d4fb-9749-4f33-b29a-13cfeef5ecd8","ParentWorkflowIdentifier":"830a1046-93a7-48ef-b9a5-58b4535424e8","Name":"AsyncPollingInterval","Value":"3600"},{"ParentStepIdentifier":"3c17d4fb-9749-4f33-b29a-13cfeef5ecd8","ParentWorkflowIdentifier":"830a1046-93a7-48ef-b9a5-58b4535424e8","Name":"FallbackIntegrationInstance","Value":null},{"ParentStepIdentifier":"3c17d4fb-9749-4f33-b29a-13cfeef5ecd8","ParentWorkflowIdentifier":"830a1046-93a7-48ef-b9a5-58b4535424e8","Name":"IntegrationInstance","Value":"AutomaticEnvironment"},{"ParentStepIdentifier":"3c17d4fb-9749-4f33-b29a-13cfeef5ecd8","ParentWorkflowIdentifier":"830a1046-93a7-48ef-b9a5-58b4535424e8","Name":"MessageToAssignee","Value":null},{"ParentStepIdentifier":"3c17d4fb-9749-4f33-b29a-13cfeef5ecd8","ParentWorkflowIdentifier":"830a1046-93a7-48ef-b9a5-58b4535424e8","Name":"PendingActionTimeout","Value":null},{"ParentStepIdentifier":"3c17d4fb-9749-4f33-b29a-13cfeef5ecd8","ParentWorkflowIdentifier":"830a1046-93a7-48ef-b9a5-58b4535424e8","Name":"ScriptName","Value":"Tools_Set Context Value"},{"ParentStepIdentifier":"3c17d4fb-9749-4f33-b29a-13cfeef5ecd8","ParentWorkflowIdentifier":"830a1046-93a7-48ef-b9a5-58b4535424e8","Name":"ScriptParametersEntityFields","Value":"{\"Value\":\"urgent\",\"Key\":\"ZDticketPriority\",\"Scope\":\"Alert\"}"},{"ParentStepIdentifier":"3c17d4fb-9749-4f33-b29a-13cfeef5ecd8","ParentWorkflowIdentifier":"830a1046-93a7-48ef-b9a5-58b4535424e8","Name":"SelectedScopeName","Value":"All entities"}],"AutoSkipOnFailure":true,"IsDebugMockData":false,"StepDebugData":null},{"Identifier":"43f0e293-9c0f-4b88-8757-2cd857d67f50","OriginalStepIdentifier":"d0191093-8fb1-4f47-a622-5a4b8ec39be0","ParentWorkflowIdentifier":"830a1046-93a7-48ef-b9a5-58b4535424e8","ParentStepIdentifiers":["e72f338e-f597-4e2e-aedd-628270ac077f","004d1efa-bdb4-45a4-b8cc-38fefc09fb22","ceca48cd-c812-4dc0-a34e-1b1dfb14c916"],"ParentStepIdentifier":"e72f338e-f597-4e2e-aedd-628270ac077f;004d1efa-bdb4-45a4-b8cc-38fefc09fb22;ceca48cd-c812-4dc0-a34e-1b1dfb14c916","PreviousResultCondition":"{}","InstanceName":"Success updating ticket?","IsAutomatic":true,"Name":"Previous Actions Conditions","IsSkippable":false,"Description":"This step conditions the progress of the playbook according to data fetched by previous actions performed in the playbook, for example: report data, action's success or enrichment data","ActionProvider":"Flow","ActionName":"IfElse","Type":2,"Integration":"Flow","Parameters":[{"ParentStepIdentifier":"43f0e293-9c0f-4b88-8757-2cd857d67f50","ParentWorkflowIdentifier":"830a1046-93a7-48ef-b9a5-58b4535424e8","Name":"AssignedUsers","Value":null},{"ParentStepIdentifier":"43f0e293-9c0f-4b88-8757-2cd857d67f50","ParentWorkflowIdentifier":"830a1046-93a7-48ef-b9a5-58b4535424e8","Name":"Branches","Value":"[{\"LogicalOperator\":1,\"Conditions\":[{\"Operator\":5,\"FieldName\":\"ServiceNow_Update Incident_1.JsonResult\",\"Type\":2,\"Value\":\"{}\"},{\"Operator\":0,\"FieldName\":\"Jira_Update Issue_1.success\",\"Type\":2,\"Value\":\"true\"},{\"Operator\":5,\"FieldName\":\"Zendesk_Update Ticket_1.is_updated\",\"Type\":2,\"Value\":\"true\"}],\"Order\":1,\"IsDefaultBranch\":false,\"Name\":\"Ticket Created successfully \"},{\"LogicalOperator\":0,\"Conditions\":[],\"Order\":2,\"IsDefaultBranch\":true,\"Name\":\"Branch\"}]"},{"ParentStepIdentifier":"43f0e293-9c0f-4b88-8757-2cd857d67f50","ParentWorkflowIdentifier":"830a1046-93a7-48ef-b9a5-58b4535424e8","Name":"ErrorFallbackBranch","Value":"2"},{"ParentStepIdentifier":"43f0e293-9c0f-4b88-8757-2cd857d67f50","ParentWorkflowIdentifier":"830a1046-93a7-48ef-b9a5-58b4535424e8","Name":"MessageToAssignee","Value":null},{"ParentStepIdentifier":"43f0e293-9c0f-4b88-8757-2cd857d67f50","ParentWorkflowIdentifier":"830a1046-93a7-48ef-b9a5-58b4535424e8","Name":"PendingActionTimeout","Value":null},{"ParentStepIdentifier":"43f0e293-9c0f-4b88-8757-2cd857d67f50","ParentWorkflowIdentifier":"830a1046-93a7-48ef-b9a5-58b4535424e8","Name":"SelectedScopeName","Value":"All entities"}],"AutoSkipOnFailure":false,"IsDebugMockData":false,"StepDebugData":null},{"Identifier":"53b12c7a-6f95-4d5d-ac88-363976b2ac2a","OriginalStepIdentifier":"b67a0613-77b4-44e6-a384-7dbdaae1f8be","ParentWorkflowIdentifier":"830a1046-93a7-48ef-b9a5-58b4535424e8","ParentStepIdentifiers":["e116896e-f66c-4238-b6c3-b02c70d7b722"],"ParentStepIdentifier":"e116896e-f66c-4238-b6c3-b02c70d7b722","PreviousResultCondition":"{\n  \"e116896e-f66c-4238-b6c3-b02c70d7b722\": \"3\"\n}","InstanceName":"Set ZenDesk ticket priority2","IsAutomatic":true,"Name":"Tools_Set Context Value","IsSkippable":false,"Description":"The action sets a key and value in a specific context (alert or case)","ActionProvider":"Scripts","ActionName":"Tools_Set Context Value","Type":0,"Integration":"Tools","Parameters":[{"ParentStepIdentifier":"53b12c7a-6f95-4d5d-ac88-363976b2ac2a","ParentWorkflowIdentifier":"830a1046-93a7-48ef-b9a5-58b4535424e8","Name":"AssignedUsers","Value":null},{"ParentStepIdentifier":"53b12c7a-6f95-4d5d-ac88-363976b2ac2a","ParentWorkflowIdentifier":"830a1046-93a7-48ef-b9a5-58b4535424e8","Name":"AsyncActionTimeout","Value":"86400"},{"ParentStepIdentifier":"53b12c7a-6f95-4d5d-ac88-363976b2ac2a","ParentWorkflowIdentifier":"830a1046-93a7-48ef-b9a5-58b4535424e8","Name":"AsyncPollingInterval","Value":"3600"},{"ParentStepIdentifier":"53b12c7a-6f95-4d5d-ac88-363976b2ac2a","ParentWorkflowIdentifier":"830a1046-93a7-48ef-b9a5-58b4535424e8","Name":"FallbackIntegrationInstance","Value":null},{"ParentStepIdentifier":"53b12c7a-6f95-4d5d-ac88-363976b2ac2a","ParentWorkflowIdentifier":"830a1046-93a7-48ef-b9a5-58b4535424e8","Name":"IntegrationInstance","Value":"AutomaticEnvironment"},{"ParentStepIdentifier":"53b12c7a-6f95-4d5d-ac88-363976b2ac2a","ParentWorkflowIdentifier":"830a1046-93a7-48ef-b9a5-58b4535424e8","Name":"MessageToAssignee","Value":null},{"ParentStepIdentifier":"53b12c7a-6f95-4d5d-ac88-363976b2ac2a","ParentWorkflowIdentifier":"830a1046-93a7-48ef-b9a5-58b4535424e8","Name":"PendingActionTimeout","Value":null},{"ParentStepIdentifier":"53b12c7a-6f95-4d5d-ac88-363976b2ac2a","ParentWorkflowIdentifier":"830a1046-93a7-48ef-b9a5-58b4535424e8","Name":"ScriptName","Value":"Tools_Set Context Value"},{"ParentStepIdentifier":"53b12c7a-6f95-4d5d-ac88-363976b2ac2a","ParentWorkflowIdentifier":"830a1046-93a7-48ef-b9a5-58b4535424e8","Name":"ScriptParametersEntityFields","Value":"{\"Value\":\"medium\",\"Key\":\"ZDticketPriority\",\"Scope\":\"Alert\"}"},{"ParentStepIdentifier":"53b12c7a-6f95-4d5d-ac88-363976b2ac2a","ParentWorkflowIdentifier":"830a1046-93a7-48ef-b9a5-58b4535424e8","Name":"SelectedScopeName","Value":"All entities"}],"AutoSkipOnFailure":true,"IsDebugMockData":false,"StepDebugData":null},{"Identifier":"56bc696d-6af8-4cf8-86a2-86ffa92bdfa9","OriginalStepIdentifier":"4f1b552a-6fa4-4092-a5fd-6d428591a354","ParentWorkflowIdentifier":"830a1046-93a7-48ef-b9a5-58b4535424e8","ParentStepIdentifiers":["77c53bd7-5de3-4013-9db7-b5bc46d74c1e"],"ParentStepIdentifier":"77c53bd7-5de3-4013-9db7-b5bc46d74c1e","PreviousResultCondition":"{}","InstanceName":"Ticketing system & Is found ticket","IsAutomatic":true,"Name":"Condition","IsSkippable":false,"Description":"This condition determines the progress of the playbook. Conditions are built based on cases data (cases, alerts, vents, entities and environment properties) as-well as data that comes back from previous playbook steps.","ActionProvider":"Flow","ActionName":"IfFlowCondition","Type":4,"Integration":"Flow","Parameters":[{"ParentStepIdentifier":"56bc696d-6af8-4cf8-86a2-86ffa92bdfa9","ParentWorkflowIdentifier":"830a1046-93a7-48ef-b9a5-58b4535424e8","Name":"AssignedUsers","Value":null},{"ParentStepIdentifier":"56bc696d-6af8-4cf8-86a2-86ffa92bdfa9","ParentWorkflowIdentifier":"830a1046-93a7-48ef-b9a5-58b4535424e8","Name":"Branches","Value":"[{\"LogicalOperator\":0,\"Conditions\":[{\"Operator\":0,\"FieldName\":\"[Tools_Buffer.JsonResult| \\\"ts\\\"]\",\"Type\":2,\"Value\":\"Jira\"},{\"Operator\":5,\"FieldName\":\"[Tools_Buffer.JsonResult| \\\"ticketid\\\"]\",\"Type\":2,\"Value\":\"None\"}],\"Order\":1,\"IsDefaultBranch\":false,\"Name\":\"Jira\"},{\"LogicalOperator\":0,\"Conditions\":[],\"Order\":4,\"IsDefaultBranch\":true,\"Name\":\"Branch\"},{\"LogicalOperator\":0,\"Conditions\":[{\"Operator\":0,\"FieldName\":\"[Tools_Buffer.JsonResult| \\\"ts\\\"]\",\"Type\":2,\"Value\":\"Service Now\"},{\"Operator\":5,\"FieldName\":\"[Tools_Buffer.JsonResult| \\\"ticketid\\\"]\",\"Type\":2,\"Value\":\"None\"}],\"Order\":2,\"IsDefaultBranch\":false,\"Name\":\"Service Now\"},{\"LogicalOperator\":0,\"Conditions\":[{\"Operator\":0,\"FieldName\":\"[Tools_Buffer.JsonResult| \\\"ts\\\"]\",\"Type\":2,\"Value\":\"ZenDesk\"},{\"Operator\":5,\"FieldName\":\"[Tools_Buffer.JsonResult| \\\"ticketid\\\"]\",\"Type\":2,\"Value\":\"None\"}],\"Order\":3,\"IsDefaultBranch\":false,\"Name\":\"ZenDesk\"}]"},{"ParentStepIdentifier":"56bc696d-6af8-4cf8-86a2-86ffa92bdfa9","ParentWorkflowIdentifier":"830a1046-93a7-48ef-b9a5-58b4535424e8","Name":"ErrorFallbackBranch","Value":"4"},{"ParentStepIdentifier":"56bc696d-6af8-4cf8-86a2-86ffa92bdfa9","ParentWorkflowIdentifier":"830a1046-93a7-48ef-b9a5-58b4535424e8","Name":"MessageToAssignee","Value":null},{"ParentStepIdentifier":"56bc696d-6af8-4cf8-86a2-86ffa92bdfa9","ParentWorkflowIdentifier":"830a1046-93a7-48ef-b9a5-58b4535424e8","Name":"PendingActionTimeout","Value":null},{"ParentStepIdentifier":"56bc696d-6af8-4cf8-86a2-86ffa92bdfa9","ParentWorkflowIdentifier":"830a1046-93a7-48ef-b9a5-58b4535424e8","Name":"SelectedScopeName","Value":"All entities"}],"AutoSkipOnFailure":false,"IsDebugMockData":false,"StepDebugData":null},{"Identifier":"69683540-1f8c-4bf5-8600-17baa9dea5eb","OriginalStepIdentifier":"da62132e-8b07-4669-b492-c69e8c7cd814","ParentWorkflowIdentifier":"830a1046-93a7-48ef-b9a5-58b4535424e8","ParentStepIdentifiers":["ec4211cb-be80-46f5-b911-9f63db2974d7"],"ParentStepIdentifier":"ec4211cb-be80-46f5-b911-9f63db2974d7","PreviousResultCondition":"{}","InstanceName":"Output_3","IsAutomatic":true,"Name":"Output","IsSkippable":false,"Description":"","ActionProvider":"Flow","ActionName":"OutputAction","Type":6,"Integration":"Flow","Parameters":[{"ParentStepIdentifier":"69683540-1f8c-4bf5-8600-17baa9dea5eb","ParentWorkflowIdentifier":"830a1046-93a7-48ef-b9a5-58b4535424e8","Name":"NestedWorkflowOutput","Value":"Updated successfully"}],"AutoSkipOnFailure":false,"IsDebugMockData":false,"StepDebugData":null},{"Identifier":"73feb9b2-233a-4777-b099-048a776599ca","OriginalStepIdentifier":"5de020cc-b511-4251-b94b-25ac81441be9","ParentWorkflowIdentifier":"830a1046-93a7-48ef-b9a5-58b4535424e8","ParentStepIdentifiers":["53b12c7a-6f95-4d5d-ac88-363976b2ac2a"],"ParentStepIdentifier":"53b12c7a-6f95-4d5d-ac88-363976b2ac2a","PreviousResultCondition":"{}","InstanceName":"Set ServiceNow ticket priority1","IsAutomatic":true,"Name":"Tools_Set Context Value","IsSkippable":false,"Description":"The action sets a key and value in a specific context (alert or case)","ActionProvider":"Scripts","ActionName":"Tools_Set Context Value","Type":0,"Integration":"Tools","Parameters":[{"ParentStepIdentifier":"73feb9b2-233a-4777-b099-048a776599ca","ParentWorkflowIdentifier":"830a1046-93a7-48ef-b9a5-58b4535424e8","Name":"AssignedUsers","Value":null},{"ParentStepIdentifier":"73feb9b2-233a-4777-b099-048a776599ca","ParentWorkflowIdentifier":"830a1046-93a7-48ef-b9a5-58b4535424e8","Name":"AsyncActionTimeout","Value":"86400"},{"ParentStepIdentifier":"73feb9b2-233a-4777-b099-048a776599ca","ParentWorkflowIdentifier":"830a1046-93a7-48ef-b9a5-58b4535424e8","Name":"AsyncPollingInterval","Value":"3600"},{"ParentStepIdentifier":"73feb9b2-233a-4777-b099-048a776599ca","ParentWorkflowIdentifier":"830a1046-93a7-48ef-b9a5-58b4535424e8","Name":"FallbackIntegrationInstance","Value":null},{"ParentStepIdentifier":"73feb9b2-233a-4777-b099-048a776599ca","ParentWorkflowIdentifier":"830a1046-93a7-48ef-b9a5-58b4535424e8","Name":"IntegrationInstance","Value":"AutomaticEnvironment"},{"ParentStepIdentifier":"73feb9b2-233a-4777-b099-048a776599ca","ParentWorkflowIdentifier":"830a1046-93a7-48ef-b9a5-58b4535424e8","Name":"MessageToAssignee","Value":null},{"ParentStepIdentifier":"73feb9b2-233a-4777-b099-048a776599ca","ParentWorkflowIdentifier":"830a1046-93a7-48ef-b9a5-58b4535424e8","Name":"PendingActionTimeout","Value":null},{"ParentStepIdentifier":"73feb9b2-233a-4777-b099-048a776599ca","ParentWorkflowIdentifier":"830a1046-93a7-48ef-b9a5-58b4535424e8","Name":"ScriptName","Value":"Tools_Set Context Value"},{"ParentStepIdentifier":"73feb9b2-233a-4777-b099-048a776599ca","ParentWorkflowIdentifier":"830a1046-93a7-48ef-b9a5-58b4535424e8","Name":"ScriptParametersEntityFields","Value":"{\"Value\":\"2\",\"Key\":\"SNticketPriority\",\"Scope\":\"Alert\"}"},{"ParentStepIdentifier":"73feb9b2-233a-4777-b099-048a776599ca","ParentWorkflowIdentifier":"830a1046-93a7-48ef-b9a5-58b4535424e8","Name":"SelectedScopeName","Value":"All entities"}],"AutoSkipOnFailure":true,"IsDebugMockData":false,"StepDebugData":null},{"Identifier":"77c53bd7-5de3-4013-9db7-b5bc46d74c1e","OriginalStepIdentifier":"082c6e1c-0758-401d-99a2-96924a400a08","ParentWorkflowIdentifier":"830a1046-93a7-48ef-b9a5-58b4535424e8","ParentStepIdentifiers":["ead7ca9c-9d27-4ce0-9d27-3cefaa681de2"],"ParentStepIdentifier":"ead7ca9c-9d27-4ce0-9d27-3cefaa681de2","PreviousResultCondition":"{\n  \"ead7ca9c-9d27-4ce0-9d27-3cefaa681de2\": \"1\"\n}","InstanceName":"Tools_Buffer","IsAutomatic":true,"Name":"Tools_Buffer","IsSkippable":false,"Description":"The action receives a json and returns it as a json result","ActionProvider":"Scripts","ActionName":"Tools_Buffer","Type":0,"Integration":"Tools","Parameters":[{"ParentStepIdentifier":"77c53bd7-5de3-4013-9db7-b5bc46d74c1e","ParentWorkflowIdentifier":"830a1046-93a7-48ef-b9a5-58b4535424e8","Name":"AssignedUsers","Value":null},{"ParentStepIdentifier":"77c53bd7-5de3-4013-9db7-b5bc46d74c1e","ParentWorkflowIdentifier":"830a1046-93a7-48ef-b9a5-58b4535424e8","Name":"AsyncActionTimeout","Value":"86400"},{"ParentStepIdentifier":"77c53bd7-5de3-4013-9db7-b5bc46d74c1e","ParentWorkflowIdentifier":"830a1046-93a7-48ef-b9a5-58b4535424e8","Name":"AsyncPollingInterval","Value":"3600"},{"ParentStepIdentifier":"77c53bd7-5de3-4013-9db7-b5bc46d74c1e","ParentWorkflowIdentifier":"830a1046-93a7-48ef-b9a5-58b4535424e8","Name":"FallbackIntegrationInstance","Value":null},{"ParentStepIdentifier":"77c53bd7-5de3-4013-9db7-b5bc46d74c1e","ParentWorkflowIdentifier":"830a1046-93a7-48ef-b9a5-58b4535424e8","Name":"IntegrationInstance","Value":"AutomaticEnvironment"},{"ParentStepIdentifier":"77c53bd7-5de3-4013-9db7-b5bc46d74c1e","ParentWorkflowIdentifier":"830a1046-93a7-48ef-b9a5-58b4535424e8","Name":"MessageToAssignee","Value":null},{"ParentStepIdentifier":"77c53bd7-5de3-4013-9db7-b5bc46d74c1e","ParentWorkflowIdentifier":"830a1046-93a7-48ef-b9a5-58b4535424e8","Name":"PendingActionTimeout","Value":null},{"ParentStepIdentifier":"77c53bd7-5de3-4013-9db7-b5bc46d74c1e","ParentWorkflowIdentifier":"830a1046-93a7-48ef-b9a5-58b4535424e8","Name":"ScriptName","Value":"Tools_Buffer"},{"ParentStepIdentifier":"77c53bd7-5de3-4013-9db7-b5bc46d74c1e","ParentWorkflowIdentifier":"830a1046-93a7-48ef-b9a5-58b4535424e8","Name":"ScriptParametersEntityFields","Value":"{\"ResultValue\":\"\",\"JSON\":\"[Input.Open ticket output]\"}"},{"ParentStepIdentifier":"77c53bd7-5de3-4013-9db7-b5bc46d74c1e","ParentWorkflowIdentifier":"830a1046-93a7-48ef-b9a5-58b4535424e8","Name":"SelectedScopeName","Value":"All entities"}],"AutoSkipOnFailure":true,"IsDebugMockData":false,"StepDebugData":null},{"Identifier":"7b189331-b448-4821-b4c0-becae5f3d30e","OriginalStepIdentifier":"02ac1221-60ab-46e6-904b-d17c649ec8f5","ParentWorkflowIdentifier":"830a1046-93a7-48ef-b9a5-58b4535424e8","ParentStepIdentifiers":["3c17d4fb-9749-4f33-b29a-13cfeef5ecd8","3a984ea0-b0c6-4079-93ab-e9c315aae330"],"ParentStepIdentifier":"3c17d4fb-9749-4f33-b29a-13cfeef5ecd8;3a984ea0-b0c6-4079-93ab-e9c315aae330","PreviousResultCondition":"{}","InstanceName":"Set ServiceNow ticket priority","IsAutomatic":true,"Name":"Tools_Set Context Value","IsSkippable":false,"Description":"The action sets a key and value in a specific context (alert or case)","ActionProvider":"Scripts","ActionName":"Tools_Set Context Value","Type":0,"Integration":"Tools","Parameters":[{"ParentStepIdentifier":"7b189331-b448-4821-b4c0-becae5f3d30e","ParentWorkflowIdentifier":"830a1046-93a7-48ef-b9a5-58b4535424e8","Name":"AssignedUsers","Value":null},{"ParentStepIdentifier":"7b189331-b448-4821-b4c0-becae5f3d30e","ParentWorkflowIdentifier":"830a1046-93a7-48ef-b9a5-58b4535424e8","Name":"AsyncActionTimeout","Value":"86400"},{"ParentStepIdentifier":"7b189331-b448-4821-b4c0-becae5f3d30e","ParentWorkflowIdentifier":"830a1046-93a7-48ef-b9a5-58b4535424e8","Name":"AsyncPollingInterval","Value":"3600"},{"ParentStepIdentifier":"7b189331-b448-4821-b4c0-becae5f3d30e","ParentWorkflowIdentifier":"830a1046-93a7-48ef-b9a5-58b4535424e8","Name":"FallbackIntegrationInstance","Value":null},{"ParentStepIdentifier":"7b189331-b448-4821-b4c0-becae5f3d30e","ParentWorkflowIdentifier":"830a1046-93a7-48ef-b9a5-58b4535424e8","Name":"IntegrationInstance","Value":"AutomaticEnvironment"},{"ParentStepIdentifier":"7b189331-b448-4821-b4c0-becae5f3d30e","ParentWorkflowIdentifier":"830a1046-93a7-48ef-b9a5-58b4535424e8","Name":"MessageToAssignee","Value":null},{"ParentStepIdentifier":"7b189331-b448-4821-b4c0-becae5f3d30e","ParentWorkflowIdentifier":"830a1046-93a7-48ef-b9a5-58b4535424e8","Name":"PendingActionTimeout","Value":null},{"ParentStepIdentifier":"7b189331-b448-4821-b4c0-becae5f3d30e","ParentWorkflowIdentifier":"830a1046-93a7-48ef-b9a5-58b4535424e8","Name":"ScriptName","Value":"Tools_Set Context Value"},{"ParentStepIdentifier":"7b189331-b448-4821-b4c0-becae5f3d30e","ParentWorkflowIdentifier":"830a1046-93a7-48ef-b9a5-58b4535424e8","Name":"ScriptParametersEntityFields","Value":"{\"Value\":\"1\",\"Key\":\"SNticketPriority\",\"Scope\":\"Alert\"}"},{"ParentStepIdentifier":"7b189331-b448-4821-b4c0-becae5f3d30e","ParentWorkflowIdentifier":"830a1046-93a7-48ef-b9a5-58b4535424e8","Name":"SelectedScopeName","Value":"All entities"}],"AutoSkipOnFailure":true,"IsDebugMockData":false,"StepDebugData":null},{"Identifier":"8d4ef8a8-71d6-407d-a665-2a4032991731","OriginalStepIdentifier":"818cf929-c567-4206-a700-bc1bd4f84d4a","ParentWorkflowIdentifier":"830a1046-93a7-48ef-b9a5-58b4535424e8","ParentStepIdentifiers":["fa5dd596-c43c-46a9-8df8-1be772370afe"],"ParentStepIdentifier":"fa5dd596-c43c-46a9-8df8-1be772370afe","PreviousResultCondition":"{}","InstanceName":"Zendesk_Get Updated Ticket","IsAutomatic":true,"Name":"Zendesk_Get Ticket Details","IsSkippable":false,"Description":"Get ticket details, comments, and attachments by ticket id","ActionProvider":"Scripts","ActionName":"Zendesk_Get Ticket Details","Type":0,"Integration":"Zendesk","Parameters":[{"ParentStepIdentifier":"8d4ef8a8-71d6-407d-a665-2a4032991731","ParentWorkflowIdentifier":"830a1046-93a7-48ef-b9a5-58b4535424e8","Name":"AssignedUsers","Value":null},{"ParentStepIdentifier":"8d4ef8a8-71d6-407d-a665-2a4032991731","ParentWorkflowIdentifier":"830a1046-93a7-48ef-b9a5-58b4535424e8","Name":"AsyncActionTimeout","Value":"86400"},{"ParentStepIdentifier":"8d4ef8a8-71d6-407d-a665-2a4032991731","ParentWorkflowIdentifier":"830a1046-93a7-48ef-b9a5-58b4535424e8","Name":"AsyncPollingInterval","Value":"3600"},{"ParentStepIdentifier":"8d4ef8a8-71d6-407d-a665-2a4032991731","ParentWorkflowIdentifier":"830a1046-93a7-48ef-b9a5-58b4535424e8","Name":"FallbackIntegrationInstance","Value":null},{"ParentStepIdentifier":"8d4ef8a8-71d6-407d-a665-2a4032991731","ParentWorkflowIdentifier":"830a1046-93a7-48ef-b9a5-58b4535424e8","Name":"IntegrationInstance","Value":"AutomaticEnvironment"},{"ParentStepIdentifier":"8d4ef8a8-71d6-407d-a665-2a4032991731","ParentWorkflowIdentifier":"830a1046-93a7-48ef-b9a5-58b4535424e8","Name":"MessageToAssignee","Value":null},{"ParentStepIdentifier":"8d4ef8a8-71d6-407d-a665-2a4032991731","ParentWorkflowIdentifier":"830a1046-93a7-48ef-b9a5-58b4535424e8","Name":"PendingActionTimeout","Value":null},{"ParentStepIdentifier":"8d4ef8a8-71d6-407d-a665-2a4032991731","ParentWorkflowIdentifier":"830a1046-93a7-48ef-b9a5-58b4535424e8","Name":"ScriptName","Value":"Zendesk_Get Ticket Details"},{"ParentStepIdentifier":"8d4ef8a8-71d6-407d-a665-2a4032991731","ParentWorkflowIdentifier":"830a1046-93a7-48ef-b9a5-58b4535424e8","Name":"ScriptParametersEntityFields","Value":"{\"Ticket ID\":\"[Tools_Buffer.JsonResult| \\\"ticketid\\\"]\"}"},{"ParentStepIdentifier":"8d4ef8a8-71d6-407d-a665-2a4032991731","ParentWorkflowIdentifier":"830a1046-93a7-48ef-b9a5-58b4535424e8","Name":"SelectedScopeName","Value":"All entities"}],"AutoSkipOnFailure":true,"IsDebugMockData":false,"StepDebugData":null},{"Identifier":"b04ae80b-ff1e-47d4-8d60-adfeb0522813","OriginalStepIdentifier":"069d633e-fd84-427c-bfed-30d9954b7536","ParentWorkflowIdentifier":"830a1046-93a7-48ef-b9a5-58b4535424e8","ParentStepIdentifiers":["ead7ca9c-9d27-4ce0-9d27-3cefaa681de2"],"ParentStepIdentifier":"ead7ca9c-9d27-4ce0-9d27-3cefaa681de2","PreviousResultCondition":"{\n  \"ead7ca9c-9d27-4ce0-9d27-3cefaa681de2\": \"2\"\n}","InstanceName":"Output_1","IsAutomatic":true,"Name":"Output","IsSkippable":false,"Description":"","ActionProvider":"Flow","ActionName":"OutputAction","Type":6,"Integration":"Flow","Parameters":[{"ParentStepIdentifier":"b04ae80b-ff1e-47d4-8d60-adfeb0522813","ParentWorkflowIdentifier":"830a1046-93a7-48ef-b9a5-58b4535424e8","Name":"NestedWorkflowOutput","Value":"No Ticket"}],"AutoSkipOnFailure":false,"IsDebugMockData":false,"StepDebugData":null},{"Identifier":"ceca48cd-c812-4dc0-a34e-1b1dfb14c916","OriginalStepIdentifier":"9dfbd649-96ce-41e7-bb79-d484753aaa8a","ParentWorkflowIdentifier":"830a1046-93a7-48ef-b9a5-58b4535424e8","ParentStepIdentifiers":["8d4ef8a8-71d6-407d-a665-2a4032991731"],"ParentStepIdentifier":"8d4ef8a8-71d6-407d-a665-2a4032991731","PreviousResultCondition":"{}","InstanceName":"ZenDesk Ticket Details","IsAutomatic":true,"Name":"Tools_Buffer","IsSkippable":false,"Description":"The action receives a json and returns it as a json result","ActionProvider":"Scripts","ActionName":"Tools_Buffer","Type":0,"Integration":"Tools","Parameters":[{"ParentStepIdentifier":"ceca48cd-c812-4dc0-a34e-1b1dfb14c916","ParentWorkflowIdentifier":"830a1046-93a7-48ef-b9a5-58b4535424e8","Name":"AssignedUsers","Value":null},{"ParentStepIdentifier":"ceca48cd-c812-4dc0-a34e-1b1dfb14c916","ParentWorkflowIdentifier":"830a1046-93a7-48ef-b9a5-58b4535424e8","Name":"AsyncActionTimeout","Value":"86400"},{"ParentStepIdentifier":"ceca48cd-c812-4dc0-a34e-1b1dfb14c916","ParentWorkflowIdentifier":"830a1046-93a7-48ef-b9a5-58b4535424e8","Name":"AsyncPollingInterval","Value":"3600"},{"ParentStepIdentifier":"ceca48cd-c812-4dc0-a34e-1b1dfb14c916","ParentWorkflowIdentifier":"830a1046-93a7-48ef-b9a5-58b4535424e8","Name":"FallbackIntegrationInstance","Value":null},{"ParentStepIdentifier":"ceca48cd-c812-4dc0-a34e-1b1dfb14c916","ParentWorkflowIdentifier":"830a1046-93a7-48ef-b9a5-58b4535424e8","Name":"IntegrationInstance","Value":"AutomaticEnvironment"},{"ParentStepIdentifier":"ceca48cd-c812-4dc0-a34e-1b1dfb14c916","ParentWorkflowIdentifier":"830a1046-93a7-48ef-b9a5-58b4535424e8","Name":"MessageToAssignee","Value":null},{"ParentStepIdentifier":"ceca48cd-c812-4dc0-a34e-1b1dfb14c916","ParentWorkflowIdentifier":"830a1046-93a7-48ef-b9a5-58b4535424e8","Name":"PendingActionTimeout","Value":null},{"ParentStepIdentifier":"ceca48cd-c812-4dc0-a34e-1b1dfb14c916","ParentWorkflowIdentifier":"830a1046-93a7-48ef-b9a5-58b4535424e8","Name":"ScriptName","Value":"Tools_Buffer"},{"ParentStepIdentifier":"ceca48cd-c812-4dc0-a34e-1b1dfb14c916","ParentWorkflowIdentifier":"830a1046-93a7-48ef-b9a5-58b4535424e8","Name":"ScriptParametersEntityFields","Value":"{\"ResultValue\":\"\",\"JSON\":\"[Zendesk_Get Updated Ticket.ticket_details]\"}"},{"ParentStepIdentifier":"ceca48cd-c812-4dc0-a34e-1b1dfb14c916","ParentWorkflowIdentifier":"830a1046-93a7-48ef-b9a5-58b4535424e8","Name":"SelectedScopeName","Value":"All entities"}],"AutoSkipOnFailure":true,"IsDebugMockData":false,"StepDebugData":null},{"Identifier":"d4e8e1b7-b5d1-4395-a880-66b4b7fd9ef4","OriginalStepIdentifier":"6a2a23e4-c42a-45a9-90fb-d74f93670b87","ParentWorkflowIdentifier":"830a1046-93a7-48ef-b9a5-58b4535424e8","ParentStepIdentifiers":["56bc696d-6af8-4cf8-86a2-86ffa92bdfa9"],"ParentStepIdentifier":"56bc696d-6af8-4cf8-86a2-86ffa92bdfa9","PreviousResultCondition":"{\n  \"56bc696d-6af8-4cf8-86a2-86ffa92bdfa9\": \"4\"\n}","InstanceName":"Output_2","IsAutomatic":true,"Name":"Output","IsSkippable":false,"Description":"","ActionProvider":"Flow","ActionName":"OutputAction","Type":6,"Integration":"Flow","Parameters":[{"ParentStepIdentifier":"d4e8e1b7-b5d1-4395-a880-66b4b7fd9ef4","ParentWorkflowIdentifier":"830a1046-93a7-48ef-b9a5-58b4535424e8","Name":"NestedWorkflowOutput","Value":"No ticket"}],"AutoSkipOnFailure":false,"IsDebugMockData":false,"StepDebugData":null},{"Identifier":"d85b58d4-d2d4-4363-8d32-7ac09f6d227a","OriginalStepIdentifier":"bdb7abe7-f24d-4be0-9f1f-b03918e889be","ParentWorkflowIdentifier":"830a1046-93a7-48ef-b9a5-58b4535424e8","ParentStepIdentifiers":["43f0e293-9c0f-4b88-8757-2cd857d67f50"],"ParentStepIdentifier":"43f0e293-9c0f-4b88-8757-2cd857d67f50","PreviousResultCondition":"{\n  \"43f0e293-9c0f-4b88-8757-2cd857d67f50\": \"2\"\n}","InstanceName":"Output_4","IsAutomatic":true,"Name":"Output","IsSkippable":false,"Description":"","ActionProvider":"Flow","ActionName":"OutputAction","Type":6,"Integration":"Flow","Parameters":[{"ParentStepIdentifier":"d85b58d4-d2d4-4363-8d32-7ac09f6d227a","ParentWorkflowIdentifier":"830a1046-93a7-48ef-b9a5-58b4535424e8","Name":"NestedWorkflowOutput","Value":"Could not update ticket"}],"AutoSkipOnFailure":false,"IsDebugMockData":false,"StepDebugData":null},{"Identifier":"e116896e-f66c-4238-b6c3-b02c70d7b722","OriginalStepIdentifier":"2fa06929-f7b8-4163-bbe7-9985629e07d4","ParentWorkflowIdentifier":"830a1046-93a7-48ef-b9a5-58b4535424e8","ParentStepIdentifiers":[],"ParentStepIdentifier":"","PreviousResultCondition":null,"InstanceName":"Get normalized alert priority","IsAutomatic":true,"Name":"Condition","IsSkippable":false,"Description":"This condition determines the progress of the playbook. Conditions are built based on cases data (cases, alerts, vents, entities and environment properties) as-well as data that comes back from previous playbook steps.","ActionProvider":"Flow","ActionName":"IfFlowCondition","Type":4,"Integration":"Flow","Parameters":[{"ParentStepIdentifier":"e116896e-f66c-4238-b6c3-b02c70d7b722","ParentWorkflowIdentifier":"830a1046-93a7-48ef-b9a5-58b4535424e8","Name":"AssignedUsers","Value":null},{"ParentStepIdentifier":"e116896e-f66c-4238-b6c3-b02c70d7b722","ParentWorkflowIdentifier":"830a1046-93a7-48ef-b9a5-58b4535424e8","Name":"Branches","Value":"[{\"LogicalOperator\":0,\"Conditions\":[{\"Operator\":3,\"FieldName\":\"[Alert.ALERT_SCORE]\",\"Type\":2,\"Value\":\"15\"}],\"Order\":1,\"IsDefaultBranch\":false,\"Name\":\"Critical\"},{\"LogicalOperator\":0,\"Conditions\":[],\"Order\":4,\"IsDefaultBranch\":true,\"Name\":\"Branch\"},{\"LogicalOperator\":0,\"Conditions\":[{\"Operator\":3,\"FieldName\":\"[Alert.ALERT_SCORE]\",\"Type\":2,\"Value\":\"10\"}],\"Order\":2,\"IsDefaultBranch\":false,\"Name\":\"High\"},{\"LogicalOperator\":0,\"Conditions\":[{\"Operator\":3,\"FieldName\":\"[Alert.ALERT_SCORE]\",\"Type\":2,\"Value\":\"0\"}],\"Order\":3,\"IsDefaultBranch\":false,\"Name\":\"Medium\"}]"},{"ParentStepIdentifier":"e116896e-f66c-4238-b6c3-b02c70d7b722","ParentWorkflowIdentifier":"830a1046-93a7-48ef-b9a5-58b4535424e8","Name":"ErrorFallbackBranch","Value":"4"},{"ParentStepIdentifier":"e116896e-f66c-4238-b6c3-b02c70d7b722","ParentWorkflowIdentifier":"830a1046-93a7-48ef-b9a5-58b4535424e8","Name":"MessageToAssignee","Value":null},{"ParentStepIdentifier":"e116896e-f66c-4238-b6c3-b02c70d7b722","ParentWorkflowIdentifier":"830a1046-93a7-48ef-b9a5-58b4535424e8","Name":"PendingActionTimeout","Value":null},{"ParentStepIdentifier":"e116896e-f66c-4238-b6c3-b02c70d7b722","ParentWorkflowIdentifier":"830a1046-93a7-48ef-b9a5-58b4535424e8","Name":"SelectedScopeName","Value":"All entities"}],"AutoSkipOnFailure":false,"IsDebugMockData":false,"StepDebugData":null},{"Identifier":"e72f338e-f597-4e2e-aedd-628270ac077f","OriginalStepIdentifier":"de896365-9758-4451-8ac2-e3bbb63614fa","ParentWorkflowIdentifier":"830a1046-93a7-48ef-b9a5-58b4535424e8","ParentStepIdentifiers":["56bc696d-6af8-4cf8-86a2-86ffa92bdfa9"],"ParentStepIdentifier":"56bc696d-6af8-4cf8-86a2-86ffa92bdfa9","PreviousResultCondition":"{\n  \"56bc696d-6af8-4cf8-86a2-86ffa92bdfa9\": \"2\"\n}","InstanceName":"ServiceNow_Update Incident_1","IsAutomatic":true,"Name":"ServiceNow_Update Incident","IsSkippable":false,"Description":"Update incident information","ActionProvider":"Scripts","ActionName":"ServiceNow_Update Incident","Type":0,"Integration":"ServiceNow","Parameters":[{"ParentStepIdentifier":"e72f338e-f597-4e2e-aedd-628270ac077f","ParentWorkflowIdentifier":"830a1046-93a7-48ef-b9a5-58b4535424e8","Name":"AssignedUsers","Value":null},{"ParentStepIdentifier":"e72f338e-f597-4e2e-aedd-628270ac077f","ParentWorkflowIdentifier":"830a1046-93a7-48ef-b9a5-58b4535424e8","Name":"AsyncActionTimeout","Value":"86400"},{"ParentStepIdentifier":"e72f338e-f597-4e2e-aedd-628270ac077f","ParentWorkflowIdentifier":"830a1046-93a7-48ef-b9a5-58b4535424e8","Name":"AsyncPollingInterval","Value":"3600"},{"ParentStepIdentifier":"e72f338e-f597-4e2e-aedd-628270ac077f","ParentWorkflowIdentifier":"830a1046-93a7-48ef-b9a5-58b4535424e8","Name":"FallbackIntegrationInstance","Value":null},{"ParentStepIdentifier":"e72f338e-f597-4e2e-aedd-628270ac077f","ParentWorkflowIdentifier":"830a1046-93a7-48ef-b9a5-58b4535424e8","Name":"IntegrationInstance","Value":"AutomaticEnvironment"},{"ParentStepIdentifier":"e72f338e-f597-4e2e-aedd-628270ac077f","ParentWorkflowIdentifier":"830a1046-93a7-48ef-b9a5-58b4535424e8","Name":"MessageToAssignee","Value":null},{"ParentStepIdentifier":"e72f338e-f597-4e2e-aedd-628270ac077f","ParentWorkflowIdentifier":"830a1046-93a7-48ef-b9a5-58b4535424e8","Name":"PendingActionTimeout","Value":null},{"ParentStepIdentifier":"e72f338e-f597-4e2e-aedd-628270ac077f","ParentWorkflowIdentifier":"830a1046-93a7-48ef-b9a5-58b4535424e8","Name":"ScriptName","Value":"ServiceNow_Update Incident"},{"ParentStepIdentifier":"e72f338e-f597-4e2e-aedd-628270ac077f","ParentWorkflowIdentifier":"830a1046-93a7-48ef-b9a5-58b4535424e8","Name":"ScriptParametersEntityFields","Value":"{\"Incident Number\":\"[Tools_Buffer.JsonResult| \\\"ticketid\\\"]\",\"Short Description\":\"\",\"Impact\":\"[Alert.SNticketPriority]\",\"Urgency\":\"[Alert.SNticketPriority]\",\"Category\":\"\",\"Assignment group ID\":\"\",\"Assigned User ID\":\"\",\"Description\":\"Updates - \\nAlert summary - [Alert.SUMMARY]\\nAll entities - [Entity.OriginalIdentifier]\\n\\n[Alert.caseUrl]\",\"Incident State\":\"\",\"Custom Fields\":\"\"}"},{"ParentStepIdentifier":"e72f338e-f597-4e2e-aedd-628270ac077f","ParentWorkflowIdentifier":"830a1046-93a7-48ef-b9a5-58b4535424e8","Name":"SelectedScopeName","Value":"All entities"}],"AutoSkipOnFailure":true,"IsDebugMockData":false,"StepDebugData":null},{"Identifier":"ead7ca9c-9d27-4ce0-9d27-3cefaa681de2","OriginalStepIdentifier":"8799ff0e-2e41-4502-bc1e-93d6d1aca683","ParentWorkflowIdentifier":"830a1046-93a7-48ef-b9a5-58b4535424e8","ParentStepIdentifiers":["7b189331-b448-4821-b4c0-becae5f3d30e","73feb9b2-233a-4777-b099-048a776599ca","0e60e9a9-9a8d-4e2c-b1b7-87095cb78fdf"],"ParentStepIdentifier":"7b189331-b448-4821-b4c0-becae5f3d30e;73feb9b2-233a-4777-b099-048a776599ca;0e60e9a9-9a8d-4e2c-b1b7-87095cb78fdf","PreviousResultCondition":"{}","InstanceName":"Ticket Exists","IsAutomatic":true,"Name":"Condition","IsSkippable":false,"Description":"This condition determines the progress of the playbook. Conditions are built based on cases data (cases, alerts, vents, entities and environment properties) as-well as data that comes back from previous playbook steps.","ActionProvider":"Flow","ActionName":"IfFlowCondition","Type":4,"Integration":"Flow","Parameters":[{"ParentStepIdentifier":"ead7ca9c-9d27-4ce0-9d27-3cefaa681de2","ParentWorkflowIdentifier":"830a1046-93a7-48ef-b9a5-58b4535424e8","Name":"AssignedUsers","Value":null},{"ParentStepIdentifier":"ead7ca9c-9d27-4ce0-9d27-3cefaa681de2","ParentWorkflowIdentifier":"830a1046-93a7-48ef-b9a5-58b4535424e8","Name":"Branches","Value":"[{\"LogicalOperator\":0,\"Conditions\":[{\"Operator\":5,\"FieldName\":\"[Input.Open ticket output]\",\"Type\":2,\"Value\":\"No Ticket\"}],\"Order\":1,\"IsDefaultBranch\":false,\"Name\":\"Ticket Exists \"},{\"LogicalOperator\":0,\"Conditions\":[],\"Order\":2,\"IsDefaultBranch\":true,\"Name\":\"Branch\"}]"},{"ParentStepIdentifier":"ead7ca9c-9d27-4ce0-9d27-3cefaa681de2","ParentWorkflowIdentifier":"830a1046-93a7-48ef-b9a5-58b4535424e8","Name":"ErrorFallbackBranch","Value":"2"},{"ParentStepIdentifier":"ead7ca9c-9d27-4ce0-9d27-3cefaa681de2","ParentWorkflowIdentifier":"830a1046-93a7-48ef-b9a5-58b4535424e8","Name":"MessageToAssignee","Value":null},{"ParentStepIdentifier":"ead7ca9c-9d27-4ce0-9d27-3cefaa681de2","ParentWorkflowIdentifier":"830a1046-93a7-48ef-b9a5-58b4535424e8","Name":"PendingActionTimeout","Value":null},{"ParentStepIdentifier":"ead7ca9c-9d27-4ce0-9d27-3cefaa681de2","ParentWorkflowIdentifier":"830a1046-93a7-48ef-b9a5-58b4535424e8","Name":"SelectedScopeName","Value":"All entities"}],"AutoSkipOnFailure":false,"IsDebugMockData":false,"StepDebugData":null},{"Identifier":"ec4211cb-be80-46f5-b911-9f63db2974d7","OriginalStepIdentifier":"d307b677-55ba-4870-bb83-65c4520c3fa4","ParentWorkflowIdentifier":"830a1046-93a7-48ef-b9a5-58b4535424e8","ParentStepIdentifiers":["43f0e293-9c0f-4b88-8757-2cd857d67f50"],"ParentStepIdentifier":"43f0e293-9c0f-4b88-8757-2cd857d67f50","PreviousResultCondition":"{\n  \"43f0e293-9c0f-4b88-8757-2cd857d67f50\": \"1\"\n}","InstanceName":"Siemplify_Update Ticket Tag_2","IsAutomatic":true,"Name":"Siemplify_Case Tag","IsSkippable":false,"Description":"Add given tag to the case the current alert is grouped to","ActionProvider":"Scripts","ActionName":"Siemplify_Case Tag","Type":0,"Integration":"Siemplify","Parameters":[{"ParentStepIdentifier":"ec4211cb-be80-46f5-b911-9f63db2974d7","ParentWorkflowIdentifier":"830a1046-93a7-48ef-b9a5-58b4535424e8","Name":"AssignedUsers","Value":null},{"ParentStepIdentifier":"ec4211cb-be80-46f5-b911-9f63db2974d7","ParentWorkflowIdentifier":"830a1046-93a7-48ef-b9a5-58b4535424e8","Name":"AsyncActionTimeout","Value":"86400"},{"ParentStepIdentifier":"ec4211cb-be80-46f5-b911-9f63db2974d7","ParentWorkflowIdentifier":"830a1046-93a7-48ef-b9a5-58b4535424e8","Name":"AsyncPollingInterval","Value":"3600"},{"ParentStepIdentifier":"ec4211cb-be80-46f5-b911-9f63db2974d7","ParentWorkflowIdentifier":"830a1046-93a7-48ef-b9a5-58b4535424e8","Name":"FallbackIntegrationInstance","Value":"f92c5e0e-7086-4b31-b118-b3239eb5bc1d"},{"ParentStepIdentifier":"ec4211cb-be80-46f5-b911-9f63db2974d7","ParentWorkflowIdentifier":"830a1046-93a7-48ef-b9a5-58b4535424e8","Name":"IntegrationInstance","Value":"AutomaticEnvironment"},{"ParentStepIdentifier":"ec4211cb-be80-46f5-b911-9f63db2974d7","ParentWorkflowIdentifier":"830a1046-93a7-48ef-b9a5-58b4535424e8","Name":"MessageToAssignee","Value":null},{"ParentStepIdentifier":"ec4211cb-be80-46f5-b911-9f63db2974d7","ParentWorkflowIdentifier":"830a1046-93a7-48ef-b9a5-58b4535424e8","Name":"PendingActionTimeout","Value":null},{"ParentStepIdentifier":"ec4211cb-be80-46f5-b911-9f63db2974d7","ParentWorkflowIdentifier":"830a1046-93a7-48ef-b9a5-58b4535424e8","Name":"ScriptName","Value":"Siemplify_Case Tag"},{"ParentStepIdentifier":"ec4211cb-be80-46f5-b911-9f63db2974d7","ParentWorkflowIdentifier":"830a1046-93a7-48ef-b9a5-58b4535424e8","Name":"ScriptParametersEntityFields","Value":"{\"Tag\":\"Updated Ticket\"}"},{"ParentStepIdentifier":"ec4211cb-be80-46f5-b911-9f63db2974d7","ParentWorkflowIdentifier":"830a1046-93a7-48ef-b9a5-58b4535424e8","Name":"SelectedScopeName","Value":"All entities"}],"AutoSkipOnFailure":true,"IsDebugMockData":false,"StepDebugData":null},{"Identifier":"fa5dd596-c43c-46a9-8df8-1be772370afe","OriginalStepIdentifier":"370a9b72-157e-4ba7-a329-b6ea01ce17da","ParentWorkflowIdentifier":"830a1046-93a7-48ef-b9a5-58b4535424e8","ParentStepIdentifiers":["56bc696d-6af8-4cf8-86a2-86ffa92bdfa9"],"ParentStepIdentifier":"56bc696d-6af8-4cf8-86a2-86ffa92bdfa9","PreviousResultCondition":"{\n  \"56bc696d-6af8-4cf8-86a2-86ffa92bdfa9\": \"3\"\n}","InstanceName":"Zendesk_Update Ticket_1","IsAutomatic":true,"Name":"Zendesk_Update Ticket","IsSkippable":false,"Description":"Update existing ticket details","ActionProvider":"Scripts","ActionName":"Zendesk_Update Ticket","Type":0,"Integration":"Zendesk","Parameters":[{"ParentStepIdentifier":"fa5dd596-c43c-46a9-8df8-1be772370afe","ParentWorkflowIdentifier":"830a1046-93a7-48ef-b9a5-58b4535424e8","Name":"AssignedUsers","Value":null},{"ParentStepIdentifier":"fa5dd596-c43c-46a9-8df8-1be772370afe","ParentWorkflowIdentifier":"830a1046-93a7-48ef-b9a5-58b4535424e8","Name":"AsyncActionTimeout","Value":"86400"},{"ParentStepIdentifier":"fa5dd596-c43c-46a9-8df8-1be772370afe","ParentWorkflowIdentifier":"830a1046-93a7-48ef-b9a5-58b4535424e8","Name":"AsyncPollingInterval","Value":"3600"},{"ParentStepIdentifier":"fa5dd596-c43c-46a9-8df8-1be772370afe","ParentWorkflowIdentifier":"830a1046-93a7-48ef-b9a5-58b4535424e8","Name":"FallbackIntegrationInstance","Value":null},{"ParentStepIdentifier":"fa5dd596-c43c-46a9-8df8-1be772370afe","ParentWorkflowIdentifier":"830a1046-93a7-48ef-b9a5-58b4535424e8","Name":"IntegrationInstance","Value":"AutomaticEnvironment"},{"ParentStepIdentifier":"fa5dd596-c43c-46a9-8df8-1be772370afe","ParentWorkflowIdentifier":"830a1046-93a7-48ef-b9a5-58b4535424e8","Name":"MessageToAssignee","Value":null},{"ParentStepIdentifier":"fa5dd596-c43c-46a9-8df8-1be772370afe","ParentWorkflowIdentifier":"830a1046-93a7-48ef-b9a5-58b4535424e8","Name":"PendingActionTimeout","Value":null},{"ParentStepIdentifier":"fa5dd596-c43c-46a9-8df8-1be772370afe","ParentWorkflowIdentifier":"830a1046-93a7-48ef-b9a5-58b4535424e8","Name":"ScriptName","Value":"Zendesk_Update Ticket"},{"ParentStepIdentifier":"fa5dd596-c43c-46a9-8df8-1be772370afe","ParentWorkflowIdentifier":"830a1046-93a7-48ef-b9a5-58b4535424e8","Name":"ScriptParametersEntityFields","Value":"{\"Ticket Type\":\"\",\"Tag\":\"\",\"Status\":\"\",\"Ticket ID\":\"[Tools_Buffer.JsonResult| \\\"ticketid\\\"]\",\"Subject\":\"[Alert.Name]\",\"Assigned User\":\"\",\"Assignment Group\":\"\",\"Priority\":\"[Alert.ZDticketPriority]\",\"Internal Note\":false,\"Additional Comment\":\"Updates- \\nAlert summary - [Alert.SUMMARY]\\nAll entities - [Entity.OriginalIdentifier]\\n\\n[Alert.caseUrl]\"}"},{"ParentStepIdentifier":"fa5dd596-c43c-46a9-8df8-1be772370afe","ParentWorkflowIdentifier":"830a1046-93a7-48ef-b9a5-58b4535424e8","Name":"SelectedScopeName","Value":"All entities"}],"AutoSkipOnFailure":true,"IsDebugMockData":false,"StepDebugData":null}],"Triggers":[{"Identifier":"d497c2f1-1dfe-471a-8373-9532a0ed124f","IsEnabled":true,"DefinitionIdentifier":"830a1046-93a7-48ef-b9a5-58b4535424e8","Type":11,"WorkflowName":null,"LogicalOperator":0,"Conditions":[{"FieldName":"Open ticket output","Value":"{\"ticketid\":\"\",\"ts\":\"\"}","MatchType":0}],"Environments":["*"]}],"Environments":["*"]}}