{"CategoryName":"Imported Playbooks","OverviewTemplatesDetails":[],"WidgetTemplates":null,"Definition":{"Identifier":"d3bb4526-3c7b-4d4c-8cb6-780a18952216","IsEnable":true,"Version":0.0,"IsArchived":false,"IsAutomatic":true,"Name":"Ask User - Slack","Category":2,"Description":"An embedded workflow that can receive inputs and return an output.","Priority":2,"Creator":"dec3622d-33b8-458e-9bcd-372744fc68d4","VersionCreator":null,"VersionComment":null,"OriginalWorkflowIdentifier":"7d9af599-4f2d-4842-ad23-94f6a1989e06","TemplateName":null,"PlaybookType":1,"IsDebugMode":false,"DebugBaseAlertIdentifier":null,"DebugAlertIdentifier":null,"SimulationClone":false,"Steps":[{"Identifier":"35aa5f61-cbbd-4e3a-8d49-b874d6e4cbd5","OriginalStepIdentifier":"19f21957-4a2f-44ea-8640-48d7918838c1","ParentWorkflowIdentifier":"d3bb4526-3c7b-4d4c-8cb6-780a18952216","ParentStepIdentifiers":["8425f75c-fc5c-4bc8-983a-758057e3f4c3"],"ParentStepIdentifier":"8425f75c-fc5c-4bc8-983a-758057e3f4c3","PreviousResultCondition":"{}","InstanceName":"Output_1","IsAutomatic":true,"Name":"Output","IsSkippable":false,"Description":"","ActionProvider":"Flow","ActionName":"OutputAction","Type":6,"Integration":"Flow","Parameters":[{"ParentStepIdentifier":"35aa5f61-cbbd-4e3a-8d49-b874d6e4cbd5","ParentWorkflowIdentifier":"d3bb4526-3c7b-4d4c-8cb6-780a18952216","Name":"NestedWorkflowOutput","Value":""}],"AutoSkipOnFailure":false,"IsDebugMockData":false,"StepDebugData":null},{"Identifier":"4011a9c6-870b-49e4-a93e-d75a373b8d72","OriginalStepIdentifier":"ec48e856-3465-479d-96f5-9d69d41dac36","ParentWorkflowIdentifier":"d3bb4526-3c7b-4d4c-8cb6-780a18952216","ParentStepIdentifiers":[],"ParentStepIdentifier":"","PreviousResultCondition":null,"InstanceName":"Is Target Provided?","IsAutomatic":true,"Name":"Condition","IsSkippable":false,"Description":"This condition determines the progress of the playbook. Conditions are built based on cases data (cases, alerts, vents, entities and environment properties) as-well as data that comes back from previous playbook steps.","ActionProvider":"Flow","ActionName":"IfFlowCondition","Type":4,"Integration":"Flow","Parameters":[{"ParentStepIdentifier":"4011a9c6-870b-49e4-a93e-d75a373b8d72","ParentWorkflowIdentifier":"d3bb4526-3c7b-4d4c-8cb6-780a18952216","Name":"AssignedUsers","Value":null},{"ParentStepIdentifier":"4011a9c6-870b-49e4-a93e-d75a373b8d72","ParentWorkflowIdentifier":"d3bb4526-3c7b-4d4c-8cb6-780a18952216","Name":"Branches","Value":"[{\"LogicalOperator\":0,\"Conditions\":[{\"Operator\":8,\"FieldName\":\"[Input.Target User (Full Name, Email, Id)]\",\"Type\":2,\"Value\":\"\"},{\"Operator\":5,\"FieldName\":\"[Input.Target User (Full Name, Email, Id)]\",\"Type\":2,\"Value\":\"None\"},{\"Operator\":5,\"FieldName\":\"[Input.Target User (Full Name, Email, Id)]\",\"Type\":2,\"Value\":\"none\"}],\"Order\":1,\"IsDefaultBranch\":false,\"Name\":\"Yes\"},{\"LogicalOperator\":0,\"Conditions\":[],\"Order\":2,\"IsDefaultBranch\":true,\"Name\":\"Branch\"}]"},{"ParentStepIdentifier":"4011a9c6-870b-49e4-a93e-d75a373b8d72","ParentWorkflowIdentifier":"d3bb4526-3c7b-4d4c-8cb6-780a18952216","Name":"ErrorFallbackBranch","Value":null},{"ParentStepIdentifier":"4011a9c6-870b-49e4-a93e-d75a373b8d72","ParentWorkflowIdentifier":"d3bb4526-3c7b-4d4c-8cb6-780a18952216","Name":"MessageToAssignee","Value":null},{"ParentStepIdentifier":"4011a9c6-870b-49e4-a93e-d75a373b8d72","ParentWorkflowIdentifier":"d3bb4526-3c7b-4d4c-8cb6-780a18952216","Name":"PendingActionTimeout","Value":null},{"ParentStepIdentifier":"4011a9c6-870b-49e4-a93e-d75a373b8d72","ParentWorkflowIdentifier":"d3bb4526-3c7b-4d4c-8cb6-780a18952216","Name":"SelectedScopeName","Value":"All entities"}],"AutoSkipOnFailure":false,"IsDebugMockData":false,"StepDebugData":null},{"Identifier":"46d01d6b-c9f5-45a9-9b3e-bac93205c4a1","OriginalStepIdentifier":"fdd00b3a-0cc4-4aba-9074-023ff872816e","ParentWorkflowIdentifier":"d3bb4526-3c7b-4d4c-8cb6-780a18952216","ParentStepIdentifiers":["ab972348-8e4a-4201-bc18-41557b647cf1"],"ParentStepIdentifier":"ab972348-8e4a-4201-bc18-41557b647cf1","PreviousResultCondition":"{}","InstanceName":"Build Slack Block","IsAutomatic":true,"Name":"Slack Custom_Build Block","IsSkippable":false,"Description":"Builds a slack message block/s according to the given parameters' values","ActionProvider":"Scripts","ActionName":"Slack Custom_Build Block","Type":0,"Integration":"Slack Custom","Parameters":[{"ParentStepIdentifier":"46d01d6b-c9f5-45a9-9b3e-bac93205c4a1","ParentWorkflowIdentifier":"d3bb4526-3c7b-4d4c-8cb6-780a18952216","Name":"AssignedUsers","Value":null},{"ParentStepIdentifier":"46d01d6b-c9f5-45a9-9b3e-bac93205c4a1","ParentWorkflowIdentifier":"d3bb4526-3c7b-4d4c-8cb6-780a18952216","Name":"FallbackIntegrationInstance","Value":null},{"ParentStepIdentifier":"46d01d6b-c9f5-45a9-9b3e-bac93205c4a1","ParentWorkflowIdentifier":"d3bb4526-3c7b-4d4c-8cb6-780a18952216","Name":"IntegrationInstance","Value":"AutomaticEnvironment"},{"ParentStepIdentifier":"46d01d6b-c9f5-45a9-9b3e-bac93205c4a1","ParentWorkflowIdentifier":"d3bb4526-3c7b-4d4c-8cb6-780a18952216","Name":"MessageToAssignee","Value":null},{"ParentStepIdentifier":"46d01d6b-c9f5-45a9-9b3e-bac93205c4a1","ParentWorkflowIdentifier":"d3bb4526-3c7b-4d4c-8cb6-780a18952216","Name":"PendingActionTimeout","Value":null},{"ParentStepIdentifier":"46d01d6b-c9f5-45a9-9b3e-bac93205c4a1","ParentWorkflowIdentifier":"d3bb4526-3c7b-4d4c-8cb6-780a18952216","Name":"ScriptName","Value":"Slack Custom_Build Block"},{"ParentStepIdentifier":"46d01d6b-c9f5-45a9-9b3e-bac93205c4a1","ParentWorkflowIdentifier":"d3bb4526-3c7b-4d4c-8cb6-780a18952216","Name":"ScriptParametersEntityFields","Value":"{\"Question\":\"[Input.Question]\",\"Answers Buttons\":\"[Input.Answers List]\",\"WebHook Url\":\"[Create Webhook.JsonResult| \\\"webhookURL\\\"]\",\"View Case In Siemplify URL\":\"[Input.Siemplify URL (optional)]\",\"Case Id\":\"[Case.Id]\"}"},{"ParentStepIdentifier":"46d01d6b-c9f5-45a9-9b3e-bac93205c4a1","ParentWorkflowIdentifier":"d3bb4526-3c7b-4d4c-8cb6-780a18952216","Name":"SelectedScopeName","Value":"All entities"}],"AutoSkipOnFailure":false,"IsDebugMockData":false,"StepDebugData":null},{"Identifier":"5d22b946-6413-46fc-847a-f96c07c67439","OriginalStepIdentifier":"78666313-af3a-4760-8b30-b63dd7c7a02c","ParentWorkflowIdentifier":"d3bb4526-3c7b-4d4c-8cb6-780a18952216","ParentStepIdentifiers":["46d01d6b-c9f5-45a9-9b3e-bac93205c4a1"],"ParentStepIdentifier":"46d01d6b-c9f5-45a9-9b3e-bac93205c4a1","PreviousResultCondition":"{}","InstanceName":"Siemplify_Instruction_1","IsAutomatic":true,"Name":"Siemplify_Instruction","IsSkippable":false,"Description":"Set an instruction for the analyst","ActionProvider":"Scripts","ActionName":"Siemplify_Instruction","Type":0,"Integration":"Siemplify","Parameters":[{"ParentStepIdentifier":"5d22b946-6413-46fc-847a-f96c07c67439","ParentWorkflowIdentifier":"d3bb4526-3c7b-4d4c-8cb6-780a18952216","Name":"AssignedUsers","Value":null},{"ParentStepIdentifier":"5d22b946-6413-46fc-847a-f96c07c67439","ParentWorkflowIdentifier":"d3bb4526-3c7b-4d4c-8cb6-780a18952216","Name":"FallbackIntegrationInstance","Value":"c77e22e7-650e-4743-8cb1-9e863795da47"},{"ParentStepIdentifier":"5d22b946-6413-46fc-847a-f96c07c67439","ParentWorkflowIdentifier":"d3bb4526-3c7b-4d4c-8cb6-780a18952216","Name":"IntegrationInstance","Value":"AutomaticEnvironment"},{"ParentStepIdentifier":"5d22b946-6413-46fc-847a-f96c07c67439","ParentWorkflowIdentifier":"d3bb4526-3c7b-4d4c-8cb6-780a18952216","Name":"MessageToAssignee","Value":null},{"ParentStepIdentifier":"5d22b946-6413-46fc-847a-f96c07c67439","ParentWorkflowIdentifier":"d3bb4526-3c7b-4d4c-8cb6-780a18952216","Name":"PendingActionTimeout","Value":null},{"ParentStepIdentifier":"5d22b946-6413-46fc-847a-f96c07c67439","ParentWorkflowIdentifier":"d3bb4526-3c7b-4d4c-8cb6-780a18952216","Name":"ScriptName","Value":"Siemplify_Instruction"},{"ParentStepIdentifier":"5d22b946-6413-46fc-847a-f96c07c67439","ParentWorkflowIdentifier":"d3bb4526-3c7b-4d4c-8cb6-780a18952216","Name":"ScriptParametersEntityFields","Value":"{\"Instruction\":\"[Input.Target User (Full Name, Email, Id)] | [Input.Question] | [Input.Answers List]\"}"},{"ParentStepIdentifier":"5d22b946-6413-46fc-847a-f96c07c67439","ParentWorkflowIdentifier":"d3bb4526-3c7b-4d4c-8cb6-780a18952216","Name":"SelectedScopeName","Value":"All entities"}],"AutoSkipOnFailure":false,"IsDebugMockData":false,"StepDebugData":{"CreationTimeUnixTimeInMs":0,"ModificationTimeUnixTimeInMs":0,"OriginalWorkflowIdentifier":"7d9af599-4f2d-4842-ad23-94f6a1989e06","OriginalStepIdentifier":"78666313-af3a-4760-8b30-b63dd7c7a02c","ResultValue":"","ResultJson":"","ScopeEntitiesEnrichmentData":[],"ScopeEntitiesEnrichmentDataJson":"[]"}},{"Identifier":"8425f75c-fc5c-4bc8-983a-758057e3f4c3","OriginalStepIdentifier":"e6379ade-2eb0-4da3-aa3c-c18beb7fb64f","ParentWorkflowIdentifier":"d3bb4526-3c7b-4d4c-8cb6-780a18952216","ParentStepIdentifiers":["8acb5913-8e5a-468a-bb6b-dfe323d65989"],"ParentStepIdentifier":"8acb5913-8e5a-468a-bb6b-dfe323d65989","PreviousResultCondition":"{}","InstanceName":"Webhook_Delete Token","IsAutomatic":true,"Name":"Webhook_Delete Token","IsSkippable":false,"Description":"Delete Webhook token by token ID.","ActionProvider":"Scripts","ActionName":"Webhook_Delete Token","Type":0,"Integration":"Webhook","Parameters":[{"ParentStepIdentifier":"8425f75c-fc5c-4bc8-983a-758057e3f4c3","ParentWorkflowIdentifier":"d3bb4526-3c7b-4d4c-8cb6-780a18952216","Name":"AssignedUsers","Value":null},{"ParentStepIdentifier":"8425f75c-fc5c-4bc8-983a-758057e3f4c3","ParentWorkflowIdentifier":"d3bb4526-3c7b-4d4c-8cb6-780a18952216","Name":"FallbackIntegrationInstance","Value":null},{"ParentStepIdentifier":"8425f75c-fc5c-4bc8-983a-758057e3f4c3","ParentWorkflowIdentifier":"d3bb4526-3c7b-4d4c-8cb6-780a18952216","Name":"IntegrationInstance","Value":"AutomaticEnvironment"},{"ParentStepIdentifier":"8425f75c-fc5c-4bc8-983a-758057e3f4c3","ParentWorkflowIdentifier":"d3bb4526-3c7b-4d4c-8cb6-780a18952216","Name":"MessageToAssignee","Value":null},{"ParentStepIdentifier":"8425f75c-fc5c-4bc8-983a-758057e3f4c3","ParentWorkflowIdentifier":"d3bb4526-3c7b-4d4c-8cb6-780a18952216","Name":"PendingActionTimeout","Value":null},{"ParentStepIdentifier":"8425f75c-fc5c-4bc8-983a-758057e3f4c3","ParentWorkflowIdentifier":"d3bb4526-3c7b-4d4c-8cb6-780a18952216","Name":"ScriptName","Value":"Webhook_Delete Token"},{"ParentStepIdentifier":"8425f75c-fc5c-4bc8-983a-758057e3f4c3","ParentWorkflowIdentifier":"d3bb4526-3c7b-4d4c-8cb6-780a18952216","Name":"ScriptParametersEntityFields","Value":"{\"Token ID\":\"[Create Webhook.JsonResult| \\\"uuid\\\"]\"}"},{"ParentStepIdentifier":"8425f75c-fc5c-4bc8-983a-758057e3f4c3","ParentWorkflowIdentifier":"d3bb4526-3c7b-4d4c-8cb6-780a18952216","Name":"SelectedScopeName","Value":"All entities"}],"AutoSkipOnFailure":false,"IsDebugMockData":false,"StepDebugData":null},{"Identifier":"8acb5913-8e5a-468a-bb6b-dfe323d65989","OriginalStepIdentifier":"60db5bab-d83c-4a8a-849e-a6c1c8ad7e64","ParentWorkflowIdentifier":"d3bb4526-3c7b-4d4c-8cb6-780a18952216","ParentStepIdentifiers":["feee6e93-d3cf-4b54-bc61-9043e55f5f02","b2e3fba6-47fd-4b23-937b-eff6f0674925","e0328930-fb2b-4e2f-9f8f-2f74403fc8e3","d33e62de-042a-40dd-a921-3c5c01c656ce"],"ParentStepIdentifier":"feee6e93-d3cf-4b54-bc61-9043e55f5f02;b2e3fba6-47fd-4b23-937b-eff6f0674925;e0328930-fb2b-4e2f-9f8f-2f74403fc8e3;d33e62de-042a-40dd-a921-3c5c01c656ce","PreviousResultCondition":"{}","InstanceName":"Get Webhook Response","IsAutomatic":true,"Name":"Webhook_Get Webhook Response","IsSkippable":false,"Description":"Fetch data of requests for the URL: {Base URL}/{Token ID}","ActionProvider":"Scripts","ActionName":"Webhook_Get Webhook Response","Type":0,"Integration":"Webhook","Parameters":[{"ParentStepIdentifier":"8acb5913-8e5a-468a-bb6b-dfe323d65989","ParentWorkflowIdentifier":"d3bb4526-3c7b-4d4c-8cb6-780a18952216","Name":"AssignedUsers","Value":null},{"ParentStepIdentifier":"8acb5913-8e5a-468a-bb6b-dfe323d65989","ParentWorkflowIdentifier":"d3bb4526-3c7b-4d4c-8cb6-780a18952216","Name":"FallbackIntegrationInstance","Value":null},{"ParentStepIdentifier":"8acb5913-8e5a-468a-bb6b-dfe323d65989","ParentWorkflowIdentifier":"d3bb4526-3c7b-4d4c-8cb6-780a18952216","Name":"IntegrationInstance","Value":"AutomaticEnvironment"},{"ParentStepIdentifier":"8acb5913-8e5a-468a-bb6b-dfe323d65989","ParentWorkflowIdentifier":"d3bb4526-3c7b-4d4c-8cb6-780a18952216","Name":"MessageToAssignee","Value":null},{"ParentStepIdentifier":"8acb5913-8e5a-468a-bb6b-dfe323d65989","ParentWorkflowIdentifier":"d3bb4526-3c7b-4d4c-8cb6-780a18952216","Name":"PendingActionTimeout","Value":null},{"ParentStepIdentifier":"8acb5913-8e5a-468a-bb6b-dfe323d65989","ParentWorkflowIdentifier":"d3bb4526-3c7b-4d4c-8cb6-780a18952216","Name":"ScriptName","Value":"Webhook_Get Webhook Response"},{"ParentStepIdentifier":"8acb5913-8e5a-468a-bb6b-dfe323d65989","ParentWorkflowIdentifier":"d3bb4526-3c7b-4d4c-8cb6-780a18952216","Name":"ScriptParametersEntityFields","Value":"{\"Pending Condition\":\"AwaitClick\",\"TimeFrame\":\"5\",\"Responses To Retrieve\":\"All\",\"Token ID\":\"[Create Webhook.JsonResult| \\\"uuid\\\"]\"}"},{"ParentStepIdentifier":"8acb5913-8e5a-468a-bb6b-dfe323d65989","ParentWorkflowIdentifier":"d3bb4526-3c7b-4d4c-8cb6-780a18952216","Name":"SelectedScopeName","Value":"All entities"}],"AutoSkipOnFailure":false,"IsDebugMockData":true,"StepDebugData":{"CreationTimeUnixTimeInMs":0,"ModificationTimeUnixTimeInMs":0,"OriginalWorkflowIdentifier":"7d9af599-4f2d-4842-ad23-94f6a1989e06","OriginalStepIdentifier":"60db5bab-d83c-4a8a-849e-a6c1c8ad7e64","ResultValue":"true","ResultJson":"{\n  \"data\": [\n    {\n      \"uuid\": \"320014c5-2b01-4ebb-ba25-83c6b873dd73\",\n      \"type\": \"web\",\n      \"token_id\": \"b67bc17d-dae7-4feb-a696-9c2fc6593199\",\n      \"ip\": \"77.137.66.233\",\n      \"hostname\": \"webhook.site\",\n      \"method\": \"GET\",\n      \"user_agent\": \"Mozilla/5.0 (Macintosh; Intel Mac OS X 10_15_7) AppleWebKit/537.36 (KHTML, like Gecko) Chrome/99.0.4844.84 Safari/537.36\",\n      \"content\": \"\",\n      \"query\": {\n        \"Answer\": \"shakedt@siemplify.co\"\n      },\n      \"headers\": {\n        \"connection\": [\n          \"close\"\n        ],\n        \"accept-language\": [\n          \"en-US,en;q=0.9\"\n        ],\n        \"accept-encoding\": [\n          \"gzip, deflate, br\"\n        ],\n        \"sec-fetch-dest\": [\n          \"document\"\n        ],\n        \"sec-fetch-user\": [\n          \"?1\"\n        ],\n        \"sec-fetch-mode\": [\n          \"navigate\"\n        ],\n        \"sec-fetch-site\": [\n          \"cross-site\"\n        ],\n        \"accept\": [\n          \"text/html,application/xhtml+xml,application/xml;q=0.9,image/avif,image/webp,image/apng,*/*;q=0.8,application/signed-exchange;v=b3;q=0.9\"\n        ],\n        \"user-agent\": [\n          \"Mozilla/5.0 (Macintosh; Intel Mac OS X 10_15_7) AppleWebKit/537.36 (KHTML, like Gecko) Chrome/99.0.4844.84 Safari/537.36\"\n        ],\n        \"upgrade-insecure-requests\": [\n          \"1\"\n        ],\n        \"sec-ch-ua-platform\": [\n          \"\\\"macOS\\\"\"\n        ],\n        \"sec-ch-ua-mobile\": [\n          \"?0\"\n        ],\n        \"sec-ch-ua\": [\n          \"\\\" Not A;Brand\\\";v=\\\"99\\\", \\\"Chromium\\\";v=\\\"99\\\", \\\"Google Chrome\\\";v=\\\"99\\\"\"\n        ],\n        \"host\": [\n          \"webhook.site\"\n        ],\n        \"content-length\": [\n          \"\"\n        ],\n        \"content-type\": [\n          \"\"\n        ]\n      },\n      \"url\": \"https://webhook.site/b67bc17d-dae7-4feb-a696-9c2fc6593199?Answer=jenya%40siemplify.co\",\n      \"size\": 0,\n      \"files\": [],\n      \"created_at\": \"2022-03-28 11:24:18\",\n      \"updated_at\": \"2022-03-28 11:24:18\",\n      \"sorting\": 1648466658268126,\n      \"custom_action_output\": []\n    }\n  ],\n  \"total\": 1,\n  \"per_page\": 50,\n  \"current_page\": 1,\n  \"is_last_page\": true,\n  \"from\": 1,\n  \"to\": 1,\n  \"requests_type\": \"all\"\n}","ScopeEntitiesEnrichmentData":[],"ScopeEntitiesEnrichmentDataJson":"[]"}},{"Identifier":"976ce9e1-c4a3-484e-bdb1-2388be5fd6f4","OriginalStepIdentifier":"f598d6ba-ca99-4053-91dd-fbcb94e2fdf7","ParentWorkflowIdentifier":"d3bb4526-3c7b-4d4c-8cb6-780a18952216","ParentStepIdentifiers":["4011a9c6-870b-49e4-a93e-d75a373b8d72"],"ParentStepIdentifier":"4011a9c6-870b-49e4-a93e-d75a373b8d72","PreviousResultCondition":"{\n  \"4011a9c6-870b-49e4-a93e-d75a373b8d72\": \"1\"\n}","InstanceName":"Send With Answers List?","IsAutomatic":true,"Name":"Condition","IsSkippable":false,"Description":"This condition determines the progress of the playbook. Conditions are built based on cases data (cases, alerts, vents, entities and environment properties) as-well as data that comes back from previous playbook steps.","ActionProvider":"Flow","ActionName":"IfFlowCondition","Type":4,"Integration":"Flow","Parameters":[{"ParentStepIdentifier":"976ce9e1-c4a3-484e-bdb1-2388be5fd6f4","ParentWorkflowIdentifier":"d3bb4526-3c7b-4d4c-8cb6-780a18952216","Name":"AssignedUsers","Value":null},{"ParentStepIdentifier":"976ce9e1-c4a3-484e-bdb1-2388be5fd6f4","ParentWorkflowIdentifier":"d3bb4526-3c7b-4d4c-8cb6-780a18952216","Name":"Branches","Value":"[{\"LogicalOperator\":0,\"Conditions\":[{\"Operator\":8,\"FieldName\":\"[Input.Answers List]\",\"Type\":2,\"Value\":\"\"}],\"Order\":1,\"IsDefaultBranch\":false,\"Name\":\"Yes\"},{\"LogicalOperator\":0,\"Conditions\":[],\"Order\":2,\"IsDefaultBranch\":true,\"Name\":\"Branch\"}]"},{"ParentStepIdentifier":"976ce9e1-c4a3-484e-bdb1-2388be5fd6f4","ParentWorkflowIdentifier":"d3bb4526-3c7b-4d4c-8cb6-780a18952216","Name":"ErrorFallbackBranch","Value":null},{"ParentStepIdentifier":"976ce9e1-c4a3-484e-bdb1-2388be5fd6f4","ParentWorkflowIdentifier":"d3bb4526-3c7b-4d4c-8cb6-780a18952216","Name":"MessageToAssignee","Value":null},{"ParentStepIdentifier":"976ce9e1-c4a3-484e-bdb1-2388be5fd6f4","ParentWorkflowIdentifier":"d3bb4526-3c7b-4d4c-8cb6-780a18952216","Name":"PendingActionTimeout","Value":null},{"ParentStepIdentifier":"976ce9e1-c4a3-484e-bdb1-2388be5fd6f4","ParentWorkflowIdentifier":"d3bb4526-3c7b-4d4c-8cb6-780a18952216","Name":"SelectedScopeName","Value":"All entities"}],"AutoSkipOnFailure":false,"IsDebugMockData":false,"StepDebugData":null},{"Identifier":"9b06f3fe-3359-44f4-91b0-d4215289e6e1","OriginalStepIdentifier":"11a0e03c-8a07-4934-ba7e-16f2dacc45a6","ParentWorkflowIdentifier":"d3bb4526-3c7b-4d4c-8cb6-780a18952216","ParentStepIdentifiers":["976ce9e1-c4a3-484e-bdb1-2388be5fd6f4"],"ParentStepIdentifier":"976ce9e1-c4a3-484e-bdb1-2388be5fd6f4","PreviousResultCondition":"{\n  \"976ce9e1-c4a3-484e-bdb1-2388be5fd6f4\": \"2\"\n}","InstanceName":"Output_2","IsAutomatic":true,"Name":"Output","IsSkippable":false,"Description":"","ActionProvider":"Flow","ActionName":"OutputAction","Type":6,"Integration":"Flow","Parameters":[{"ParentStepIdentifier":"9b06f3fe-3359-44f4-91b0-d4215289e6e1","ParentWorkflowIdentifier":"d3bb4526-3c7b-4d4c-8cb6-780a18952216","Name":"NestedWorkflowOutput","Value":null}],"AutoSkipOnFailure":false,"IsDebugMockData":false,"StepDebugData":null},{"Identifier":"ab972348-8e4a-4201-bc18-41557b647cf1","OriginalStepIdentifier":"2354545a-4529-4537-8439-8f408082b93a","ParentWorkflowIdentifier":"d3bb4526-3c7b-4d4c-8cb6-780a18952216","ParentStepIdentifiers":["976ce9e1-c4a3-484e-bdb1-2388be5fd6f4"],"ParentStepIdentifier":"976ce9e1-c4a3-484e-bdb1-2388be5fd6f4","PreviousResultCondition":"{\n  \"976ce9e1-c4a3-484e-bdb1-2388be5fd6f4\": \"1\"\n}","InstanceName":"Create Webhook","IsAutomatic":true,"Name":"Webhook_Create Token","IsSkippable":false,"Description":"Creates token for a new webhook.","ActionProvider":"Scripts","ActionName":"Webhook_Create Token","Type":0,"Integration":"Webhook","Parameters":[{"ParentStepIdentifier":"ab972348-8e4a-4201-bc18-41557b647cf1","ParentWorkflowIdentifier":"d3bb4526-3c7b-4d4c-8cb6-780a18952216","Name":"AssignedUsers","Value":null},{"ParentStepIdentifier":"ab972348-8e4a-4201-bc18-41557b647cf1","ParentWorkflowIdentifier":"d3bb4526-3c7b-4d4c-8cb6-780a18952216","Name":"FallbackIntegrationInstance","Value":null},{"ParentStepIdentifier":"ab972348-8e4a-4201-bc18-41557b647cf1","ParentWorkflowIdentifier":"d3bb4526-3c7b-4d4c-8cb6-780a18952216","Name":"IntegrationInstance","Value":"AutomaticEnvironment"},{"ParentStepIdentifier":"ab972348-8e4a-4201-bc18-41557b647cf1","ParentWorkflowIdentifier":"d3bb4526-3c7b-4d4c-8cb6-780a18952216","Name":"MessageToAssignee","Value":null},{"ParentStepIdentifier":"ab972348-8e4a-4201-bc18-41557b647cf1","ParentWorkflowIdentifier":"d3bb4526-3c7b-4d4c-8cb6-780a18952216","Name":"PendingActionTimeout","Value":null},{"ParentStepIdentifier":"ab972348-8e4a-4201-bc18-41557b647cf1","ParentWorkflowIdentifier":"d3bb4526-3c7b-4d4c-8cb6-780a18952216","Name":"ScriptName","Value":"Webhook_Create Token"},{"ParentStepIdentifier":"ab972348-8e4a-4201-bc18-41557b647cf1","ParentWorkflowIdentifier":"d3bb4526-3c7b-4d4c-8cb6-780a18952216","Name":"ScriptParametersEntityFields","Value":"{\"Default Content\":\"Thank you for replying!\",\"Default Content Type\":\"text\",\"Timeout\":\"0\"}"},{"ParentStepIdentifier":"ab972348-8e4a-4201-bc18-41557b647cf1","ParentWorkflowIdentifier":"d3bb4526-3c7b-4d4c-8cb6-780a18952216","Name":"SelectedScopeName","Value":"All entities"}],"AutoSkipOnFailure":false,"IsDebugMockData":true,"StepDebugData":{"CreationTimeUnixTimeInMs":0,"ModificationTimeUnixTimeInMs":0,"OriginalWorkflowIdentifier":"7d9af599-4f2d-4842-ad23-94f6a1989e06","OriginalStepIdentifier":"2354545a-4529-4537-8439-8f408082b93a","ResultValue":"false","ResultJson":"","ScopeEntitiesEnrichmentData":[],"ScopeEntitiesEnrichmentDataJson":"[]"}},{"Identifier":"b087dda0-7deb-4bac-9b06-a5317bd81c5b","OriginalStepIdentifier":"77ff2d4f-1578-4df9-b058-edd3dbd98182","ParentWorkflowIdentifier":"d3bb4526-3c7b-4d4c-8cb6-780a18952216","ParentStepIdentifiers":["5d22b946-6413-46fc-847a-f96c07c67439"],"ParentStepIdentifier":"5d22b946-6413-46fc-847a-f96c07c67439","PreviousResultCondition":"{}","InstanceName":"Send Block by Email \\ Full User | Id","IsAutomatic":true,"Name":"Condition","IsSkippable":false,"Description":"This condition determines the progress of the playbook. Conditions are built based on cases data (cases, alerts, vents, entities and environment properties) as-well as data that comes back from previous playbook steps.","ActionProvider":"Flow","ActionName":"IfFlowCondition","Type":4,"Integration":"Flow","Parameters":[{"ParentStepIdentifier":"b087dda0-7deb-4bac-9b06-a5317bd81c5b","ParentWorkflowIdentifier":"d3bb4526-3c7b-4d4c-8cb6-780a18952216","Name":"AssignedUsers","Value":null},{"ParentStepIdentifier":"b087dda0-7deb-4bac-9b06-a5317bd81c5b","ParentWorkflowIdentifier":"d3bb4526-3c7b-4d4c-8cb6-780a18952216","Name":"Branches","Value":"[{\"LogicalOperator\":1,\"Conditions\":[{\"Operator\":1,\"FieldName\":\"[Input.Target User (Full Name, Email, Id)]\",\"Type\":2,\"Value\":\"@\"}],\"Order\":1,\"IsDefaultBranch\":false,\"Name\":\"Email\"},{\"LogicalOperator\":0,\"Conditions\":[],\"Order\":4,\"IsDefaultBranch\":true,\"Name\":\"Branch\"},{\"LogicalOperator\":1,\"Conditions\":[{\"Operator\":1,\"FieldName\":\"[Input.Target User (Full Name, Email, Id)]\",\"Type\":2,\"Value\":\"0\"},{\"Operator\":1,\"FieldName\":\"[Input.Target User (Full Name, Email, Id)]\",\"Type\":2,\"Value\":\"1\"},{\"Operator\":1,\"FieldName\":\"[Input.Target User (Full Name, Email, Id)]\",\"Type\":2,\"Value\":\"2\"},{\"Operator\":1,\"FieldName\":\"[Input.Target User (Full Name, Email, Id)]\",\"Type\":2,\"Value\":\"3\"},{\"Operator\":1,\"FieldName\":\"[Input.Target User (Full Name, Email, Id)]\",\"Type\":2,\"Value\":\"4\"},{\"Operator\":1,\"FieldName\":\"[Input.Target User (Full Name, Email, Id)]\",\"Type\":2,\"Value\":\"5\"}],\"Order\":2,\"IsDefaultBranch\":false,\"Name\":\"Id\"},{\"LogicalOperator\":0,\"Conditions\":[{\"Operator\":1,\"FieldName\":\"[Input.Target User (Full Name, Email, Id)]\",\"Type\":2,\"Value\":\"6\"},{\"Operator\":1,\"FieldName\":\"[Input.Target User (Full Name, Email, Id)]\",\"Type\":2,\"Value\":\"7\"},{\"Operator\":1,\"FieldName\":\"[Input.Target User (Full Name, Email, Id)]\",\"Type\":2,\"Value\":\"8\"},{\"Operator\":1,\"FieldName\":\"[Input.Target User (Full Name, Email, Id)]\",\"Type\":2,\"Value\":\"9\"}],\"Order\":3,\"IsDefaultBranch\":false,\"Name\":\"Id\"}]"},{"ParentStepIdentifier":"b087dda0-7deb-4bac-9b06-a5317bd81c5b","ParentWorkflowIdentifier":"d3bb4526-3c7b-4d4c-8cb6-780a18952216","Name":"ErrorFallbackBranch","Value":"4"},{"ParentStepIdentifier":"b087dda0-7deb-4bac-9b06-a5317bd81c5b","ParentWorkflowIdentifier":"d3bb4526-3c7b-4d4c-8cb6-780a18952216","Name":"MessageToAssignee","Value":null},{"ParentStepIdentifier":"b087dda0-7deb-4bac-9b06-a5317bd81c5b","ParentWorkflowIdentifier":"d3bb4526-3c7b-4d4c-8cb6-780a18952216","Name":"PendingActionTimeout","Value":null},{"ParentStepIdentifier":"b087dda0-7deb-4bac-9b06-a5317bd81c5b","ParentWorkflowIdentifier":"d3bb4526-3c7b-4d4c-8cb6-780a18952216","Name":"SelectedScopeName","Value":"All entities"}],"AutoSkipOnFailure":false,"IsDebugMockData":false,"StepDebugData":null},{"Identifier":"b2e3fba6-47fd-4b23-937b-eff6f0674925","OriginalStepIdentifier":"977ce638-7565-44a0-94f6-ea0557742958","ParentWorkflowIdentifier":"d3bb4526-3c7b-4d4c-8cb6-780a18952216","ParentStepIdentifiers":["b087dda0-7deb-4bac-9b06-a5317bd81c5b"],"ParentStepIdentifier":"b087dda0-7deb-4bac-9b06-a5317bd81c5b","PreviousResultCondition":"{\n  \"b087dda0-7deb-4bac-9b06-a5317bd81c5b\": \"3\"\n}","InstanceName":"Slack - Send Block by Id (6-9)","IsAutomatic":true,"Name":"Slack Custom_Send Message by Name or Email","IsSkippable":false,"Description":"Sends a message to a slack user by their email/name, containing the given text or slack blocks.","ActionProvider":"Scripts","ActionName":"Slack Custom_Send Message by Name or Email","Type":0,"Integration":"Slack Custom","Parameters":[{"ParentStepIdentifier":"b2e3fba6-47fd-4b23-937b-eff6f0674925","ParentWorkflowIdentifier":"d3bb4526-3c7b-4d4c-8cb6-780a18952216","Name":"AssignedUsers","Value":null},{"ParentStepIdentifier":"b2e3fba6-47fd-4b23-937b-eff6f0674925","ParentWorkflowIdentifier":"d3bb4526-3c7b-4d4c-8cb6-780a18952216","Name":"FallbackIntegrationInstance","Value":null},{"ParentStepIdentifier":"b2e3fba6-47fd-4b23-937b-eff6f0674925","ParentWorkflowIdentifier":"d3bb4526-3c7b-4d4c-8cb6-780a18952216","Name":"IntegrationInstance","Value":"AutomaticEnvironment"},{"ParentStepIdentifier":"b2e3fba6-47fd-4b23-937b-eff6f0674925","ParentWorkflowIdentifier":"d3bb4526-3c7b-4d4c-8cb6-780a18952216","Name":"MessageToAssignee","Value":null},{"ParentStepIdentifier":"b2e3fba6-47fd-4b23-937b-eff6f0674925","ParentWorkflowIdentifier":"d3bb4526-3c7b-4d4c-8cb6-780a18952216","Name":"PendingActionTimeout","Value":null},{"ParentStepIdentifier":"b2e3fba6-47fd-4b23-937b-eff6f0674925","ParentWorkflowIdentifier":"d3bb4526-3c7b-4d4c-8cb6-780a18952216","Name":"ScriptName","Value":"Slack Custom_Send Message by Name or Email"},{"ParentStepIdentifier":"b2e3fba6-47fd-4b23-937b-eff6f0674925","ParentWorkflowIdentifier":"d3bb4526-3c7b-4d4c-8cb6-780a18952216","Name":"ScriptParametersEntityFields","Value":"{\"Message Type\":\"Block\",\"Recipient Type\":\"Id\",\"Message\":\"[Build Slack Block.JsonResult| \\\"result\\\"]\",\"Recipient\":\"[Input.Target User (Full Name, Email, Id)]\"}"},{"ParentStepIdentifier":"b2e3fba6-47fd-4b23-937b-eff6f0674925","ParentWorkflowIdentifier":"d3bb4526-3c7b-4d4c-8cb6-780a18952216","Name":"SelectedScopeName","Value":"All entities"}],"AutoSkipOnFailure":false,"IsDebugMockData":false,"StepDebugData":null},{"Identifier":"d33e62de-042a-40dd-a921-3c5c01c656ce","OriginalStepIdentifier":"10ec11dd-16b1-45e2-bc62-a7d2ea5470eb","ParentWorkflowIdentifier":"d3bb4526-3c7b-4d4c-8cb6-780a18952216","ParentStepIdentifiers":["b087dda0-7deb-4bac-9b06-a5317bd81c5b"],"ParentStepIdentifier":"b087dda0-7deb-4bac-9b06-a5317bd81c5b","PreviousResultCondition":"{\n  \"b087dda0-7deb-4bac-9b06-a5317bd81c5b\": \"2\"\n}","InstanceName":"Slack - Send Block by Id (0-5)","IsAutomatic":true,"Name":"Slack Custom_Send Message by Name or Email","IsSkippable":false,"Description":"Sends a message to a slack user by their email/name, containing the given text or slack blocks.","ActionProvider":"Scripts","ActionName":"Slack Custom_Send Message by Name or Email","Type":0,"Integration":"Slack Custom","Parameters":[{"ParentStepIdentifier":"d33e62de-042a-40dd-a921-3c5c01c656ce","ParentWorkflowIdentifier":"d3bb4526-3c7b-4d4c-8cb6-780a18952216","Name":"AssignedUsers","Value":null},{"ParentStepIdentifier":"d33e62de-042a-40dd-a921-3c5c01c656ce","ParentWorkflowIdentifier":"d3bb4526-3c7b-4d4c-8cb6-780a18952216","Name":"FallbackIntegrationInstance","Value":null},{"ParentStepIdentifier":"d33e62de-042a-40dd-a921-3c5c01c656ce","ParentWorkflowIdentifier":"d3bb4526-3c7b-4d4c-8cb6-780a18952216","Name":"IntegrationInstance","Value":"AutomaticEnvironment"},{"ParentStepIdentifier":"d33e62de-042a-40dd-a921-3c5c01c656ce","ParentWorkflowIdentifier":"d3bb4526-3c7b-4d4c-8cb6-780a18952216","Name":"MessageToAssignee","Value":null},{"ParentStepIdentifier":"d33e62de-042a-40dd-a921-3c5c01c656ce","ParentWorkflowIdentifier":"d3bb4526-3c7b-4d4c-8cb6-780a18952216","Name":"PendingActionTimeout","Value":null},{"ParentStepIdentifier":"d33e62de-042a-40dd-a921-3c5c01c656ce","ParentWorkflowIdentifier":"d3bb4526-3c7b-4d4c-8cb6-780a18952216","Name":"ScriptName","Value":"Slack Custom_Send Message by Name or Email"},{"ParentStepIdentifier":"d33e62de-042a-40dd-a921-3c5c01c656ce","ParentWorkflowIdentifier":"d3bb4526-3c7b-4d4c-8cb6-780a18952216","Name":"ScriptParametersEntityFields","Value":"{\"Message Type\":\"Block\",\"Recipient Type\":\"Id\",\"Message\":\"[Build Slack Block.JsonResult| \\\"result\\\"]\",\"Recipient\":\"[Input.Target User (Full Name, Email, Id)]\"}"},{"ParentStepIdentifier":"d33e62de-042a-40dd-a921-3c5c01c656ce","ParentWorkflowIdentifier":"d3bb4526-3c7b-4d4c-8cb6-780a18952216","Name":"SelectedScopeName","Value":"All entities"}],"AutoSkipOnFailure":false,"IsDebugMockData":false,"StepDebugData":null},{"Identifier":"d3441c70-62a5-4e00-9d98-da79668daf28","OriginalStepIdentifier":"abc05f95-5ee9-4508-91bb-2230f9a55d67","ParentWorkflowIdentifier":"d3bb4526-3c7b-4d4c-8cb6-780a18952216","ParentStepIdentifiers":["4011a9c6-870b-49e4-a93e-d75a373b8d72"],"ParentStepIdentifier":"4011a9c6-870b-49e4-a93e-d75a373b8d72","PreviousResultCondition":"{\n  \"4011a9c6-870b-49e4-a93e-d75a373b8d72\": \"2\"\n}","InstanceName":"Output_7","IsAutomatic":true,"Name":"Output","IsSkippable":false,"Description":"","ActionProvider":"Flow","ActionName":"OutputAction","Type":6,"Integration":"Flow","Parameters":[{"ParentStepIdentifier":"d3441c70-62a5-4e00-9d98-da79668daf28","ParentWorkflowIdentifier":"d3bb4526-3c7b-4d4c-8cb6-780a18952216","Name":"NestedWorkflowOutput","Value":""}],"AutoSkipOnFailure":false,"IsDebugMockData":false,"StepDebugData":null},{"Identifier":"e0328930-fb2b-4e2f-9f8f-2f74403fc8e3","OriginalStepIdentifier":"ba57b1a5-d711-4a3d-af78-ce64e71d93db","ParentWorkflowIdentifier":"d3bb4526-3c7b-4d4c-8cb6-780a18952216","ParentStepIdentifiers":["b087dda0-7deb-4bac-9b06-a5317bd81c5b"],"ParentStepIdentifier":"b087dda0-7deb-4bac-9b06-a5317bd81c5b","PreviousResultCondition":"{\n  \"b087dda0-7deb-4bac-9b06-a5317bd81c5b\": \"4\"\n}","InstanceName":"Slack - Send Block by Name","IsAutomatic":true,"Name":"Slack Custom_Send Message by Name or Email","IsSkippable":false,"Description":"Sends a message to a slack user by their email/name, containing the given text or slack blocks.","ActionProvider":"Scripts","ActionName":"Slack Custom_Send Message by Name or Email","Type":0,"Integration":"Slack Custom","Parameters":[{"ParentStepIdentifier":"e0328930-fb2b-4e2f-9f8f-2f74403fc8e3","ParentWorkflowIdentifier":"d3bb4526-3c7b-4d4c-8cb6-780a18952216","Name":"AssignedUsers","Value":null},{"ParentStepIdentifier":"e0328930-fb2b-4e2f-9f8f-2f74403fc8e3","ParentWorkflowIdentifier":"d3bb4526-3c7b-4d4c-8cb6-780a18952216","Name":"FallbackIntegrationInstance","Value":null},{"ParentStepIdentifier":"e0328930-fb2b-4e2f-9f8f-2f74403fc8e3","ParentWorkflowIdentifier":"d3bb4526-3c7b-4d4c-8cb6-780a18952216","Name":"IntegrationInstance","Value":"AutomaticEnvironment"},{"ParentStepIdentifier":"e0328930-fb2b-4e2f-9f8f-2f74403fc8e3","ParentWorkflowIdentifier":"d3bb4526-3c7b-4d4c-8cb6-780a18952216","Name":"MessageToAssignee","Value":null},{"ParentStepIdentifier":"e0328930-fb2b-4e2f-9f8f-2f74403fc8e3","ParentWorkflowIdentifier":"d3bb4526-3c7b-4d4c-8cb6-780a18952216","Name":"PendingActionTimeout","Value":null},{"ParentStepIdentifier":"e0328930-fb2b-4e2f-9f8f-2f74403fc8e3","ParentWorkflowIdentifier":"d3bb4526-3c7b-4d4c-8cb6-780a18952216","Name":"ScriptName","Value":"Slack Custom_Send Message by Name or Email"},{"ParentStepIdentifier":"e0328930-fb2b-4e2f-9f8f-2f74403fc8e3","ParentWorkflowIdentifier":"d3bb4526-3c7b-4d4c-8cb6-780a18952216","Name":"ScriptParametersEntityFields","Value":"{\"Message Type\":\"Block\",\"Recipient Type\":\"Full name\",\"Message\":\"[Build Slack Block.JsonResult| \\\"result\\\"]\",\"Recipient\":\"[Input.Target User (Full Name, Email, Id)]\"}"},{"ParentStepIdentifier":"e0328930-fb2b-4e2f-9f8f-2f74403fc8e3","ParentWorkflowIdentifier":"d3bb4526-3c7b-4d4c-8cb6-780a18952216","Name":"SelectedScopeName","Value":"All entities"}],"AutoSkipOnFailure":false,"IsDebugMockData":false,"StepDebugData":null},{"Identifier":"feee6e93-d3cf-4b54-bc61-9043e55f5f02","OriginalStepIdentifier":"6c4c9a18-416f-4b0c-8685-04b3453ed406","ParentWorkflowIdentifier":"d3bb4526-3c7b-4d4c-8cb6-780a18952216","ParentStepIdentifiers":["b087dda0-7deb-4bac-9b06-a5317bd81c5b"],"ParentStepIdentifier":"b087dda0-7deb-4bac-9b06-a5317bd81c5b","PreviousResultCondition":"{\n  \"b087dda0-7deb-4bac-9b06-a5317bd81c5b\": \"1\"\n}","InstanceName":"Slack - Send Block by Email","IsAutomatic":true,"Name":"Slack Custom_Send Message by Name or Email","IsSkippable":false,"Description":"Sends a message to a slack user by their email/name, containing the given text or slack blocks.","ActionProvider":"Scripts","ActionName":"Slack Custom_Send Message by Name or Email","Type":0,"Integration":"Slack Custom","Parameters":[{"ParentStepIdentifier":"feee6e93-d3cf-4b54-bc61-9043e55f5f02","ParentWorkflowIdentifier":"d3bb4526-3c7b-4d4c-8cb6-780a18952216","Name":"AssignedUsers","Value":null},{"ParentStepIdentifier":"feee6e93-d3cf-4b54-bc61-9043e55f5f02","ParentWorkflowIdentifier":"d3bb4526-3c7b-4d4c-8cb6-780a18952216","Name":"FallbackIntegrationInstance","Value":null},{"ParentStepIdentifier":"feee6e93-d3cf-4b54-bc61-9043e55f5f02","ParentWorkflowIdentifier":"d3bb4526-3c7b-4d4c-8cb6-780a18952216","Name":"IntegrationInstance","Value":"AutomaticEnvironment"},{"ParentStepIdentifier":"feee6e93-d3cf-4b54-bc61-9043e55f5f02","ParentWorkflowIdentifier":"d3bb4526-3c7b-4d4c-8cb6-780a18952216","Name":"MessageToAssignee","Value":null},{"ParentStepIdentifier":"feee6e93-d3cf-4b54-bc61-9043e55f5f02","ParentWorkflowIdentifier":"d3bb4526-3c7b-4d4c-8cb6-780a18952216","Name":"PendingActionTimeout","Value":null},{"ParentStepIdentifier":"feee6e93-d3cf-4b54-bc61-9043e55f5f02","ParentWorkflowIdentifier":"d3bb4526-3c7b-4d4c-8cb6-780a18952216","Name":"ScriptName","Value":"Slack Custom_Send Message by Name or Email"},{"ParentStepIdentifier":"feee6e93-d3cf-4b54-bc61-9043e55f5f02","ParentWorkflowIdentifier":"d3bb4526-3c7b-4d4c-8cb6-780a18952216","Name":"ScriptParametersEntityFields","Value":"{\"Message Type\":\"Block\",\"Recipient Type\":\"Email\",\"Message\":\"[Build Slack Block.JsonResult| \\\"result\\\"]\",\"Recipient\":\"[Input.Target User (Full Name, Email, Id)]\"}"},{"ParentStepIdentifier":"feee6e93-d3cf-4b54-bc61-9043e55f5f02","ParentWorkflowIdentifier":"d3bb4526-3c7b-4d4c-8cb6-780a18952216","Name":"SelectedScopeName","Value":"All entities"}],"AutoSkipOnFailure":false,"IsDebugMockData":false,"StepDebugData":null}],"Triggers":[{"Identifier":"b1703ffa-1058-41f6-9cb6-6cb5885a1bef","IsEnabled":true,"DefinitionIdentifier":"d3bb4526-3c7b-4d4c-8cb6-780a18952216","Type":11,"WorkflowName":null,"LogicalOperator":0,"Conditions":[{"FieldName":"Target User (Full Name, Email, Id)","Value":"admin@domain.com","MatchType":0},{"FieldName":"Question","Value":"Are you familiar with the alert?","MatchType":0},{"FieldName":"Answers List","Value":"Yes,No","MatchType":0},{"FieldName":"Siemplify URL (optional)","Value":"https://instance.siemplifycloud.com/","MatchType":0}],"Environments":["*"]}],"Environments":["*"]}}