{"CategoryName":"Imported Playbooks","OverviewTemplatesDetails":[],"WidgetTemplates":null,"Definition":{"Identifier":"fab70b6e-de24-427e-a91c-d1d0c2446703","IsEnable":true,"Version":0.0,"IsArchived":false,"IsAutomatic":true,"Name":"Chronicle and VT Enrichment","Category":2,"Description":"An embedded workflow that can receive inputs and return an output.","Priority":2,"Creator":"dec3622d-33b8-458e-9bcd-372744fc68d4","VersionCreator":null,"VersionComment":null,"OriginalWorkflowIdentifier":"fab70b6e-de24-427e-a91c-d1d0c2446703","TemplateName":null,"PlaybookType":1,"IsDebugMode":false,"DebugBaseAlertIdentifier":null,"DebugAlertIdentifier":null,"SimulationClone":false,"Steps":[{"Identifier":"05574c93-1f8a-4268-885f-5bdaf830d3f2","OriginalStepIdentifier":"b69fd9f5-fcfc-4887-9c97-a4d59a53aa06","ParentWorkflowIdentifier":"fab70b6e-de24-427e-a91c-d1d0c2446703","ParentStepIdentifiers":["c4774783-d562-47a0-8292-9b7fbbfdbe44"],"ParentStepIdentifier":"c4774783-d562-47a0-8292-9b7fbbfdbe44","PreviousResultCondition":"{\"c4774783-d562-47a0-8292-9b7fbbfdbe44\":\"3\"}","InstanceName":"Tools_Update Alert Score_3","IsAutomatic":true,"Name":"Tools_Update Alert Score","IsSkippable":false,"Description":"This will update the alert score by the amount supplied in the 'Input' parameter. ","ActionProvider":"Scripts","ActionName":"Tools_Update Alert Score","Type":0,"Integration":"Tools","Parameters":[{"ParentStepIdentifier":"05574c93-1f8a-4268-885f-5bdaf830d3f2","ParentWorkflowIdentifier":"fab70b6e-de24-427e-a91c-d1d0c2446703","Name":"AssignedUsers","Value":null},{"ParentStepIdentifier":"05574c93-1f8a-4268-885f-5bdaf830d3f2","ParentWorkflowIdentifier":"fab70b6e-de24-427e-a91c-d1d0c2446703","Name":"FallbackIntegrationInstance","Value":null},{"ParentStepIdentifier":"05574c93-1f8a-4268-885f-5bdaf830d3f2","ParentWorkflowIdentifier":"fab70b6e-de24-427e-a91c-d1d0c2446703","Name":"IntegrationInstance","Value":"AutomaticEnvironment"},{"ParentStepIdentifier":"05574c93-1f8a-4268-885f-5bdaf830d3f2","ParentWorkflowIdentifier":"fab70b6e-de24-427e-a91c-d1d0c2446703","Name":"MessageToAssignee","Value":null},{"ParentStepIdentifier":"05574c93-1f8a-4268-885f-5bdaf830d3f2","ParentWorkflowIdentifier":"fab70b6e-de24-427e-a91c-d1d0c2446703","Name":"PendingActionTimeout","Value":null},{"ParentStepIdentifier":"05574c93-1f8a-4268-885f-5bdaf830d3f2","ParentWorkflowIdentifier":"fab70b6e-de24-427e-a91c-d1d0c2446703","Name":"ScriptName","Value":"Tools_Update Alert Score"},{"ParentStepIdentifier":"05574c93-1f8a-4268-885f-5bdaf830d3f2","ParentWorkflowIdentifier":"fab70b6e-de24-427e-a91c-d1d0c2446703","Name":"ScriptParametersEntityFields","Value":"{\"Input\":\"-20\"}"},{"ParentStepIdentifier":"05574c93-1f8a-4268-885f-5bdaf830d3f2","ParentWorkflowIdentifier":"fab70b6e-de24-427e-a91c-d1d0c2446703","Name":"SelectedScopeName","Value":"All entities"}],"AutoSkipOnFailure":false,"IsDebugMockData":false,"StepDebugData":null},{"Identifier":"116d6c9b-f918-44e4-ac46-77d55485ecc8","OriginalStepIdentifier":"1d46a13c-4e01-43af-8dfb-3e050a0577f1","ParentWorkflowIdentifier":"fab70b6e-de24-427e-a91c-d1d0c2446703","ParentStepIdentifiers":["f1afef9f-62b3-4d44-b365-34c48f4653a1"],"ParentStepIdentifier":"f1afef9f-62b3-4d44-b365-34c48f4653a1","PreviousResultCondition":"{}","InstanceName":"Tools_Update Alert Score_4","IsAutomatic":true,"Name":"Tools_Update Alert Score","IsSkippable":false,"Description":"This will update the alert score by the amount supplied in the 'Input' parameter. ","ActionProvider":"Scripts","ActionName":"Tools_Update Alert Score","Type":0,"Integration":"Tools","Parameters":[{"ParentStepIdentifier":"116d6c9b-f918-44e4-ac46-77d55485ecc8","ParentWorkflowIdentifier":"fab70b6e-de24-427e-a91c-d1d0c2446703","Name":"AssignedUsers","Value":null},{"ParentStepIdentifier":"116d6c9b-f918-44e4-ac46-77d55485ecc8","ParentWorkflowIdentifier":"fab70b6e-de24-427e-a91c-d1d0c2446703","Name":"FallbackIntegrationInstance","Value":null},{"ParentStepIdentifier":"116d6c9b-f918-44e4-ac46-77d55485ecc8","ParentWorkflowIdentifier":"fab70b6e-de24-427e-a91c-d1d0c2446703","Name":"IntegrationInstance","Value":"AutomaticEnvironment"},{"ParentStepIdentifier":"116d6c9b-f918-44e4-ac46-77d55485ecc8","ParentWorkflowIdentifier":"fab70b6e-de24-427e-a91c-d1d0c2446703","Name":"MessageToAssignee","Value":null},{"ParentStepIdentifier":"116d6c9b-f918-44e4-ac46-77d55485ecc8","ParentWorkflowIdentifier":"fab70b6e-de24-427e-a91c-d1d0c2446703","Name":"PendingActionTimeout","Value":null},{"ParentStepIdentifier":"116d6c9b-f918-44e4-ac46-77d55485ecc8","ParentWorkflowIdentifier":"fab70b6e-de24-427e-a91c-d1d0c2446703","Name":"ScriptName","Value":"Tools_Update Alert Score"},{"ParentStepIdentifier":"116d6c9b-f918-44e4-ac46-77d55485ecc8","ParentWorkflowIdentifier":"fab70b6e-de24-427e-a91c-d1d0c2446703","Name":"ScriptParametersEntityFields","Value":"{\"Input\":\"+20\"}"},{"ParentStepIdentifier":"116d6c9b-f918-44e4-ac46-77d55485ecc8","ParentWorkflowIdentifier":"fab70b6e-de24-427e-a91c-d1d0c2446703","Name":"SelectedScopeName","Value":"All entities"}],"AutoSkipOnFailure":false,"IsDebugMockData":false,"StepDebugData":null},{"Identifier":"2968b14b-6e15-4bfc-87ef-bb6713ed7b44","OriginalStepIdentifier":"3b2ec152-2d7e-4e2a-8a98-a86dfd786829","ParentWorkflowIdentifier":"fab70b6e-de24-427e-a91c-d1d0c2446703","ParentStepIdentifiers":[],"ParentStepIdentifier":"","PreviousResultCondition":"{}","InstanceName":"GoogleChronicle_Enrich IP_1","IsAutomatic":true,"Name":"GoogleChronicle_Enrich IP","IsSkippable":false,"Description":"Enrich IP entities using information from IOCs in Google Chronicle. Supported entities: IP address.","ActionProvider":"Scripts","ActionName":"GoogleChronicle_Enrich IP","Type":0,"Integration":"GoogleChronicle","Parameters":[{"ParentStepIdentifier":"2968b14b-6e15-4bfc-87ef-bb6713ed7b44","ParentWorkflowIdentifier":"fab70b6e-de24-427e-a91c-d1d0c2446703","Name":"AssignedUsers","Value":null},{"ParentStepIdentifier":"2968b14b-6e15-4bfc-87ef-bb6713ed7b44","ParentWorkflowIdentifier":"fab70b6e-de24-427e-a91c-d1d0c2446703","Name":"FallbackIntegrationInstance","Value":null},{"ParentStepIdentifier":"2968b14b-6e15-4bfc-87ef-bb6713ed7b44","ParentWorkflowIdentifier":"fab70b6e-de24-427e-a91c-d1d0c2446703","Name":"IntegrationInstance","Value":"AutomaticEnvironment"},{"ParentStepIdentifier":"2968b14b-6e15-4bfc-87ef-bb6713ed7b44","ParentWorkflowIdentifier":"fab70b6e-de24-427e-a91c-d1d0c2446703","Name":"MessageToAssignee","Value":null},{"ParentStepIdentifier":"2968b14b-6e15-4bfc-87ef-bb6713ed7b44","ParentWorkflowIdentifier":"fab70b6e-de24-427e-a91c-d1d0c2446703","Name":"PendingActionTimeout","Value":null},{"ParentStepIdentifier":"2968b14b-6e15-4bfc-87ef-bb6713ed7b44","ParentWorkflowIdentifier":"fab70b6e-de24-427e-a91c-d1d0c2446703","Name":"ScriptName","Value":"GoogleChronicle_Enrich IP"},{"ParentStepIdentifier":"2968b14b-6e15-4bfc-87ef-bb6713ed7b44","ParentWorkflowIdentifier":"fab70b6e-de24-427e-a91c-d1d0c2446703","Name":"ScriptParametersEntityFields","Value":"{\"Create Insight\":true,\"Only Suspicious Insight\":false,\"Lowest Suspicious Severity\":\"Medium\",\"Mark Suspicious N/A Severity\":true}"},{"ParentStepIdentifier":"2968b14b-6e15-4bfc-87ef-bb6713ed7b44","ParentWorkflowIdentifier":"fab70b6e-de24-427e-a91c-d1d0c2446703","Name":"SelectedScopeName","Value":"All entities"}],"AutoSkipOnFailure":false,"IsDebugMockData":false,"StepDebugData":null},{"Identifier":"366e96c3-880e-4918-bb83-2997691ffe89","OriginalStepIdentifier":"d47b7d00-7e7a-44ac-92b1-54c71d160a06","ParentWorkflowIdentifier":"fab70b6e-de24-427e-a91c-d1d0c2446703","ParentStepIdentifiers":["e47fc8d3-8c82-45ab-ad97-4a14b6c0554a"],"ParentStepIdentifier":"e47fc8d3-8c82-45ab-ad97-4a14b6c0554a","PreviousResultCondition":"{}","InstanceName":"Output_2","IsAutomatic":true,"Name":"Output","IsSkippable":false,"Description":"","ActionProvider":"Flow","ActionName":"OutputAction","Type":6,"Integration":"Flow","Parameters":[{"ParentStepIdentifier":"366e96c3-880e-4918-bb83-2997691ffe89","ParentWorkflowIdentifier":"fab70b6e-de24-427e-a91c-d1d0c2446703","Name":"NestedWorkflowOutput","Value":null}],"AutoSkipOnFailure":false,"IsDebugMockData":false,"StepDebugData":null},{"Identifier":"3cc7788f-535c-4ada-a08a-5397ab7e0135","OriginalStepIdentifier":"0225f6ac-e560-45bb-ac22-3a68b0a01b18","ParentWorkflowIdentifier":"fab70b6e-de24-427e-a91c-d1d0c2446703","ParentStepIdentifiers":["41cd60d3-bf03-4ae6-9dc7-ca6089bccc46"],"ParentStepIdentifier":"41cd60d3-bf03-4ae6-9dc7-ca6089bccc46","PreviousResultCondition":"{}","InstanceName":"VirusTotalV3_Get Domain Details_1","IsAutomatic":true,"Name":"VirusTotalV3_Get Domain Details","IsSkippable":false,"Description":"Get detailed information about the domain using information from VirusTotal.","ActionProvider":"Scripts","ActionName":"VirusTotalV3_Get Domain Details","Type":0,"Integration":"VirusTotalV3","Parameters":[{"ParentStepIdentifier":"3cc7788f-535c-4ada-a08a-5397ab7e0135","ParentWorkflowIdentifier":"fab70b6e-de24-427e-a91c-d1d0c2446703","Name":"AssignedUsers","Value":null},{"ParentStepIdentifier":"3cc7788f-535c-4ada-a08a-5397ab7e0135","ParentWorkflowIdentifier":"fab70b6e-de24-427e-a91c-d1d0c2446703","Name":"FallbackIntegrationInstance","Value":null},{"ParentStepIdentifier":"3cc7788f-535c-4ada-a08a-5397ab7e0135","ParentWorkflowIdentifier":"fab70b6e-de24-427e-a91c-d1d0c2446703","Name":"IntegrationInstance","Value":"AutomaticEnvironment"},{"ParentStepIdentifier":"3cc7788f-535c-4ada-a08a-5397ab7e0135","ParentWorkflowIdentifier":"fab70b6e-de24-427e-a91c-d1d0c2446703","Name":"MessageToAssignee","Value":null},{"ParentStepIdentifier":"3cc7788f-535c-4ada-a08a-5397ab7e0135","ParentWorkflowIdentifier":"fab70b6e-de24-427e-a91c-d1d0c2446703","Name":"PendingActionTimeout","Value":null},{"ParentStepIdentifier":"3cc7788f-535c-4ada-a08a-5397ab7e0135","ParentWorkflowIdentifier":"fab70b6e-de24-427e-a91c-d1d0c2446703","Name":"ScriptName","Value":"VirusTotalV3_Get Domain Details"},{"ParentStepIdentifier":"3cc7788f-535c-4ada-a08a-5397ab7e0135","ParentWorkflowIdentifier":"fab70b6e-de24-427e-a91c-d1d0c2446703","Name":"ScriptParametersEntityFields","Value":"{\"Engine Threshold\":\"1\",\"Engine Percentage Threshold\":\"\",\"Engine Whitelist\":\"\",\"Retrieve Comments\":true,\"Max Comments To Return\":\"50\"}"},{"ParentStepIdentifier":"3cc7788f-535c-4ada-a08a-5397ab7e0135","ParentWorkflowIdentifier":"fab70b6e-de24-427e-a91c-d1d0c2446703","Name":"SelectedScopeName","Value":"All entities"}],"AutoSkipOnFailure":false,"IsDebugMockData":false,"StepDebugData":null},{"Identifier":"41cd60d3-bf03-4ae6-9dc7-ca6089bccc46","OriginalStepIdentifier":"e6fca12d-fa78-45db-9935-10cc24e1b9a0","ParentWorkflowIdentifier":"fab70b6e-de24-427e-a91c-d1d0c2446703","ParentStepIdentifiers":["6394380f-4fd6-43fd-b762-135ef71d01f6"],"ParentStepIdentifier":"6394380f-4fd6-43fd-b762-135ef71d01f6","PreviousResultCondition":"{}","InstanceName":"VirusTotalV3_Enrich URL_1","IsAutomatic":true,"Name":"VirusTotalV3_Enrich URL","IsSkippable":false,"Description":"Enrich URL using information from VirusTotal.","ActionProvider":"Scripts","ActionName":"VirusTotalV3_Enrich URL","Type":0,"Integration":"VirusTotalV3","Parameters":[{"ParentStepIdentifier":"41cd60d3-bf03-4ae6-9dc7-ca6089bccc46","ParentWorkflowIdentifier":"fab70b6e-de24-427e-a91c-d1d0c2446703","Name":"AssignedUsers","Value":null},{"ParentStepIdentifier":"41cd60d3-bf03-4ae6-9dc7-ca6089bccc46","ParentWorkflowIdentifier":"fab70b6e-de24-427e-a91c-d1d0c2446703","Name":"FallbackIntegrationInstance","Value":null},{"ParentStepIdentifier":"41cd60d3-bf03-4ae6-9dc7-ca6089bccc46","ParentWorkflowIdentifier":"fab70b6e-de24-427e-a91c-d1d0c2446703","Name":"IntegrationInstance","Value":"AutomaticEnvironment"},{"ParentStepIdentifier":"41cd60d3-bf03-4ae6-9dc7-ca6089bccc46","ParentWorkflowIdentifier":"fab70b6e-de24-427e-a91c-d1d0c2446703","Name":"MessageToAssignee","Value":null},{"ParentStepIdentifier":"41cd60d3-bf03-4ae6-9dc7-ca6089bccc46","ParentWorkflowIdentifier":"fab70b6e-de24-427e-a91c-d1d0c2446703","Name":"PendingActionTimeout","Value":null},{"ParentStepIdentifier":"41cd60d3-bf03-4ae6-9dc7-ca6089bccc46","ParentWorkflowIdentifier":"fab70b6e-de24-427e-a91c-d1d0c2446703","Name":"ScriptName","Value":"VirusTotalV3_Enrich URL"},{"ParentStepIdentifier":"41cd60d3-bf03-4ae6-9dc7-ca6089bccc46","ParentWorkflowIdentifier":"fab70b6e-de24-427e-a91c-d1d0c2446703","Name":"ScriptParametersEntityFields","Value":"{\"Engine Threshold\":\"1\",\"Engine Percentage Threshold\":\"\",\"Engine Whitelist\":\"\",\"Resubmit URL\":false,\"Retrieve Comments\":true,\"Only Suspicious Entity Insight\":false,\"Max Comments To Return\":\"50\",\"Resubmit After (Days)\":\"30\"}"},{"ParentStepIdentifier":"41cd60d3-bf03-4ae6-9dc7-ca6089bccc46","ParentWorkflowIdentifier":"fab70b6e-de24-427e-a91c-d1d0c2446703","Name":"SelectedScopeName","Value":"All entities"}],"AutoSkipOnFailure":false,"IsDebugMockData":false,"StepDebugData":null},{"Identifier":"6394380f-4fd6-43fd-b762-135ef71d01f6","OriginalStepIdentifier":"365fafa7-7e08-4c40-8516-f54137f50d84","ParentWorkflowIdentifier":"fab70b6e-de24-427e-a91c-d1d0c2446703","ParentStepIdentifiers":["9e2d1fca-9985-4381-ba0d-e9d981a37ed1"],"ParentStepIdentifier":"9e2d1fca-9985-4381-ba0d-e9d981a37ed1","PreviousResultCondition":"{}","InstanceName":"VirusTotalV3_Enrich IP_1","IsAutomatic":true,"Name":"VirusTotalV3_Enrich IP","IsSkippable":false,"Description":"Enrich IP using information from VirusTotal.","ActionProvider":"Scripts","ActionName":"VirusTotalV3_Enrich IP","Type":0,"Integration":"VirusTotalV3","Parameters":[{"ParentStepIdentifier":"6394380f-4fd6-43fd-b762-135ef71d01f6","ParentWorkflowIdentifier":"fab70b6e-de24-427e-a91c-d1d0c2446703","Name":"AssignedUsers","Value":null},{"ParentStepIdentifier":"6394380f-4fd6-43fd-b762-135ef71d01f6","ParentWorkflowIdentifier":"fab70b6e-de24-427e-a91c-d1d0c2446703","Name":"FallbackIntegrationInstance","Value":null},{"ParentStepIdentifier":"6394380f-4fd6-43fd-b762-135ef71d01f6","ParentWorkflowIdentifier":"fab70b6e-de24-427e-a91c-d1d0c2446703","Name":"IntegrationInstance","Value":"AutomaticEnvironment"},{"ParentStepIdentifier":"6394380f-4fd6-43fd-b762-135ef71d01f6","ParentWorkflowIdentifier":"fab70b6e-de24-427e-a91c-d1d0c2446703","Name":"MessageToAssignee","Value":null},{"ParentStepIdentifier":"6394380f-4fd6-43fd-b762-135ef71d01f6","ParentWorkflowIdentifier":"fab70b6e-de24-427e-a91c-d1d0c2446703","Name":"PendingActionTimeout","Value":null},{"ParentStepIdentifier":"6394380f-4fd6-43fd-b762-135ef71d01f6","ParentWorkflowIdentifier":"fab70b6e-de24-427e-a91c-d1d0c2446703","Name":"ScriptName","Value":"VirusTotalV3_Enrich IP"},{"ParentStepIdentifier":"6394380f-4fd6-43fd-b762-135ef71d01f6","ParentWorkflowIdentifier":"fab70b6e-de24-427e-a91c-d1d0c2446703","Name":"ScriptParametersEntityFields","Value":"{\"Engine Threshold\":\"1\",\"Engine Percentage Threshold\":\"\",\"Engine Whitelist\":\"\",\"Retrieve Comments\":true,\"Only Suspicious Entity Insight\":false,\"Max Comments To Return\":\"50\"}"},{"ParentStepIdentifier":"6394380f-4fd6-43fd-b762-135ef71d01f6","ParentWorkflowIdentifier":"fab70b6e-de24-427e-a91c-d1d0c2446703","Name":"SelectedScopeName","Value":"All entities"}],"AutoSkipOnFailure":false,"IsDebugMockData":false,"StepDebugData":null},{"Identifier":"669e3ebc-99f2-4102-a123-b12ef4b4e8b8","OriginalStepIdentifier":"85cabf66-a3a3-4555-8ca3-883ae29532e3","ParentWorkflowIdentifier":"fab70b6e-de24-427e-a91c-d1d0c2446703","ParentStepIdentifiers":["bcc38312-2ac9-43eb-b72d-57520069f700"],"ParentStepIdentifier":"bcc38312-2ac9-43eb-b72d-57520069f700","PreviousResultCondition":"{}","InstanceName":"Tools_Update Alert Score_2","IsAutomatic":true,"Name":"Tools_Update Alert Score","IsSkippable":false,"Description":"This will update the alert score by the amount supplied in the 'Input' parameter. ","ActionProvider":"Scripts","ActionName":"Tools_Update Alert Score","Type":0,"Integration":"Tools","Parameters":[{"ParentStepIdentifier":"669e3ebc-99f2-4102-a123-b12ef4b4e8b8","ParentWorkflowIdentifier":"fab70b6e-de24-427e-a91c-d1d0c2446703","Name":"AssignedUsers","Value":null},{"ParentStepIdentifier":"669e3ebc-99f2-4102-a123-b12ef4b4e8b8","ParentWorkflowIdentifier":"fab70b6e-de24-427e-a91c-d1d0c2446703","Name":"FallbackIntegrationInstance","Value":null},{"ParentStepIdentifier":"669e3ebc-99f2-4102-a123-b12ef4b4e8b8","ParentWorkflowIdentifier":"fab70b6e-de24-427e-a91c-d1d0c2446703","Name":"IntegrationInstance","Value":"AutomaticEnvironment"},{"ParentStepIdentifier":"669e3ebc-99f2-4102-a123-b12ef4b4e8b8","ParentWorkflowIdentifier":"fab70b6e-de24-427e-a91c-d1d0c2446703","Name":"MessageToAssignee","Value":null},{"ParentStepIdentifier":"669e3ebc-99f2-4102-a123-b12ef4b4e8b8","ParentWorkflowIdentifier":"fab70b6e-de24-427e-a91c-d1d0c2446703","Name":"PendingActionTimeout","Value":null},{"ParentStepIdentifier":"669e3ebc-99f2-4102-a123-b12ef4b4e8b8","ParentWorkflowIdentifier":"fab70b6e-de24-427e-a91c-d1d0c2446703","Name":"ScriptName","Value":"Tools_Update Alert Score"},{"ParentStepIdentifier":"669e3ebc-99f2-4102-a123-b12ef4b4e8b8","ParentWorkflowIdentifier":"fab70b6e-de24-427e-a91c-d1d0c2446703","Name":"ScriptParametersEntityFields","Value":"{\"Input\":\"+5\"}"},{"ParentStepIdentifier":"669e3ebc-99f2-4102-a123-b12ef4b4e8b8","ParentWorkflowIdentifier":"fab70b6e-de24-427e-a91c-d1d0c2446703","Name":"SelectedScopeName","Value":"All entities"}],"AutoSkipOnFailure":false,"IsDebugMockData":false,"StepDebugData":null},{"Identifier":"6f5fb5d5-8870-4cbe-ba2f-16adfb379603","OriginalStepIdentifier":"05e83136-0d1c-47a7-8b09-fcf4c5c62167","ParentWorkflowIdentifier":"fab70b6e-de24-427e-a91c-d1d0c2446703","ParentStepIdentifiers":["116d6c9b-f918-44e4-ac46-77d55485ecc8"],"ParentStepIdentifier":"116d6c9b-f918-44e4-ac46-77d55485ecc8","PreviousResultCondition":"{}","InstanceName":"Output_1","IsAutomatic":true,"Name":"Output","IsSkippable":false,"Description":"","ActionProvider":"Flow","ActionName":"OutputAction","Type":6,"Integration":"Flow","Parameters":[{"ParentStepIdentifier":"6f5fb5d5-8870-4cbe-ba2f-16adfb379603","ParentWorkflowIdentifier":"fab70b6e-de24-427e-a91c-d1d0c2446703","Name":"NestedWorkflowOutput","Value":null}],"AutoSkipOnFailure":false,"IsDebugMockData":false,"StepDebugData":null},{"Identifier":"7934189d-6cc7-4329-962f-b8226f7c3987","OriginalStepIdentifier":"5f66ff05-ec02-4117-aab5-d135ef047ae1","ParentWorkflowIdentifier":"fab70b6e-de24-427e-a91c-d1d0c2446703","ParentStepIdentifiers":["a54b85c5-48b8-4f9b-a35d-4cc9d3fa5601"],"ParentStepIdentifier":"a54b85c5-48b8-4f9b-a35d-4cc9d3fa5601","PreviousResultCondition":"{}","InstanceName":"Tools_Update Alert Score_1","IsAutomatic":true,"Name":"Tools_Update Alert Score","IsSkippable":false,"Description":"This will update the alert score by the amount supplied in the 'Input' parameter. ","ActionProvider":"Scripts","ActionName":"Tools_Update Alert Score","Type":0,"Integration":"Tools","Parameters":[{"ParentStepIdentifier":"7934189d-6cc7-4329-962f-b8226f7c3987","ParentWorkflowIdentifier":"fab70b6e-de24-427e-a91c-d1d0c2446703","Name":"AssignedUsers","Value":null},{"ParentStepIdentifier":"7934189d-6cc7-4329-962f-b8226f7c3987","ParentWorkflowIdentifier":"fab70b6e-de24-427e-a91c-d1d0c2446703","Name":"FallbackIntegrationInstance","Value":null},{"ParentStepIdentifier":"7934189d-6cc7-4329-962f-b8226f7c3987","ParentWorkflowIdentifier":"fab70b6e-de24-427e-a91c-d1d0c2446703","Name":"IntegrationInstance","Value":"AutomaticEnvironment"},{"ParentStepIdentifier":"7934189d-6cc7-4329-962f-b8226f7c3987","ParentWorkflowIdentifier":"fab70b6e-de24-427e-a91c-d1d0c2446703","Name":"MessageToAssignee","Value":null},{"ParentStepIdentifier":"7934189d-6cc7-4329-962f-b8226f7c3987","ParentWorkflowIdentifier":"fab70b6e-de24-427e-a91c-d1d0c2446703","Name":"PendingActionTimeout","Value":null},{"ParentStepIdentifier":"7934189d-6cc7-4329-962f-b8226f7c3987","ParentWorkflowIdentifier":"fab70b6e-de24-427e-a91c-d1d0c2446703","Name":"ScriptName","Value":"Tools_Update Alert Score"},{"ParentStepIdentifier":"7934189d-6cc7-4329-962f-b8226f7c3987","ParentWorkflowIdentifier":"fab70b6e-de24-427e-a91c-d1d0c2446703","Name":"ScriptParametersEntityFields","Value":"{\"Input\":\"+10\"}"},{"ParentStepIdentifier":"7934189d-6cc7-4329-962f-b8226f7c3987","ParentWorkflowIdentifier":"fab70b6e-de24-427e-a91c-d1d0c2446703","Name":"SelectedScopeName","Value":"All entities"}],"AutoSkipOnFailure":false,"IsDebugMockData":false,"StepDebugData":null},{"Identifier":"9e2d1fca-9985-4381-ba0d-e9d981a37ed1","OriginalStepIdentifier":"b96c73aa-bdb7-40e4-b8c1-2fd0d9df0b2a","ParentWorkflowIdentifier":"fab70b6e-de24-427e-a91c-d1d0c2446703","ParentStepIdentifiers":["669e3ebc-99f2-4102-a123-b12ef4b4e8b8","7934189d-6cc7-4329-962f-b8226f7c3987","05574c93-1f8a-4268-885f-5bdaf830d3f2"],"ParentStepIdentifier":"669e3ebc-99f2-4102-a123-b12ef4b4e8b8;7934189d-6cc7-4329-962f-b8226f7c3987;05574c93-1f8a-4268-885f-5bdaf830d3f2","PreviousResultCondition":"{}","InstanceName":"VirusTotalV3_Enrich Hash_1","IsAutomatic":true,"Name":"VirusTotalV3_Enrich Hash","IsSkippable":false,"Description":"Enrich Hash using information from VirusTotal. Only MD5, SHA-1 and SHA-256 are supported.","ActionProvider":"Scripts","ActionName":"VirusTotalV3_Enrich Hash","Type":0,"Integration":"VirusTotalV3","Parameters":[{"ParentStepIdentifier":"9e2d1fca-9985-4381-ba0d-e9d981a37ed1","ParentWorkflowIdentifier":"fab70b6e-de24-427e-a91c-d1d0c2446703","Name":"AssignedUsers","Value":null},{"ParentStepIdentifier":"9e2d1fca-9985-4381-ba0d-e9d981a37ed1","ParentWorkflowIdentifier":"fab70b6e-de24-427e-a91c-d1d0c2446703","Name":"FallbackIntegrationInstance","Value":null},{"ParentStepIdentifier":"9e2d1fca-9985-4381-ba0d-e9d981a37ed1","ParentWorkflowIdentifier":"fab70b6e-de24-427e-a91c-d1d0c2446703","Name":"IntegrationInstance","Value":"AutomaticEnvironment"},{"ParentStepIdentifier":"9e2d1fca-9985-4381-ba0d-e9d981a37ed1","ParentWorkflowIdentifier":"fab70b6e-de24-427e-a91c-d1d0c2446703","Name":"MessageToAssignee","Value":null},{"ParentStepIdentifier":"9e2d1fca-9985-4381-ba0d-e9d981a37ed1","ParentWorkflowIdentifier":"fab70b6e-de24-427e-a91c-d1d0c2446703","Name":"PendingActionTimeout","Value":null},{"ParentStepIdentifier":"9e2d1fca-9985-4381-ba0d-e9d981a37ed1","ParentWorkflowIdentifier":"fab70b6e-de24-427e-a91c-d1d0c2446703","Name":"ScriptName","Value":"VirusTotalV3_Enrich Hash"},{"ParentStepIdentifier":"9e2d1fca-9985-4381-ba0d-e9d981a37ed1","ParentWorkflowIdentifier":"fab70b6e-de24-427e-a91c-d1d0c2446703","Name":"ScriptParametersEntityFields","Value":"{\"Engine Threshold\":\"1\",\"Engine Percentage Threshold\":\"\",\"Engine Whitelist\":\"\",\"Retrieve Comments\":true,\"Retrieve Sigma Analysis\":true,\"Only Suspicious Entity Insight\":false,\"Max Comments To Return\":\"50\"}"},{"ParentStepIdentifier":"9e2d1fca-9985-4381-ba0d-e9d981a37ed1","ParentWorkflowIdentifier":"fab70b6e-de24-427e-a91c-d1d0c2446703","Name":"SelectedScopeName","Value":"All entities"}],"AutoSkipOnFailure":false,"IsDebugMockData":false,"StepDebugData":null},{"Identifier":"a54b85c5-48b8-4f9b-a35d-4cc9d3fa5601","OriginalStepIdentifier":"23b44c4e-5b58-4aca-afe3-d0addd137742","ParentWorkflowIdentifier":"fab70b6e-de24-427e-a91c-d1d0c2446703","ParentStepIdentifiers":["c4774783-d562-47a0-8292-9b7fbbfdbe44"],"ParentStepIdentifier":"c4774783-d562-47a0-8292-9b7fbbfdbe44","PreviousResultCondition":"{\"c4774783-d562-47a0-8292-9b7fbbfdbe44\":\"1\"}","InstanceName":"Tools_Set Context Value_1","IsAutomatic":true,"Name":"Tools_Set Context Value","IsSkippable":false,"Description":"The action sets a key and value in a specific context (alert or case)","ActionProvider":"Scripts","ActionName":"Tools_Set Context Value","Type":0,"Integration":"Tools","Parameters":[{"ParentStepIdentifier":"a54b85c5-48b8-4f9b-a35d-4cc9d3fa5601","ParentWorkflowIdentifier":"fab70b6e-de24-427e-a91c-d1d0c2446703","Name":"AssignedUsers","Value":null},{"ParentStepIdentifier":"a54b85c5-48b8-4f9b-a35d-4cc9d3fa5601","ParentWorkflowIdentifier":"fab70b6e-de24-427e-a91c-d1d0c2446703","Name":"FallbackIntegrationInstance","Value":null},{"ParentStepIdentifier":"a54b85c5-48b8-4f9b-a35d-4cc9d3fa5601","ParentWorkflowIdentifier":"fab70b6e-de24-427e-a91c-d1d0c2446703","Name":"IntegrationInstance","Value":"AutomaticEnvironment"},{"ParentStepIdentifier":"a54b85c5-48b8-4f9b-a35d-4cc9d3fa5601","ParentWorkflowIdentifier":"fab70b6e-de24-427e-a91c-d1d0c2446703","Name":"MessageToAssignee","Value":null},{"ParentStepIdentifier":"a54b85c5-48b8-4f9b-a35d-4cc9d3fa5601","ParentWorkflowIdentifier":"fab70b6e-de24-427e-a91c-d1d0c2446703","Name":"PendingActionTimeout","Value":null},{"ParentStepIdentifier":"a54b85c5-48b8-4f9b-a35d-4cc9d3fa5601","ParentWorkflowIdentifier":"fab70b6e-de24-427e-a91c-d1d0c2446703","Name":"ScriptName","Value":"Tools_Set Context Value"},{"ParentStepIdentifier":"a54b85c5-48b8-4f9b-a35d-4cc9d3fa5601","ParentWorkflowIdentifier":"fab70b6e-de24-427e-a91c-d1d0c2446703","Name":"ScriptParametersEntityFields","Value":"{\"Value\":\"Chronicle have indicated High Severity entities in the alert\",\"Key\":\"Reason_3\",\"Scope\":\"Alert\"}"},{"ParentStepIdentifier":"a54b85c5-48b8-4f9b-a35d-4cc9d3fa5601","ParentWorkflowIdentifier":"fab70b6e-de24-427e-a91c-d1d0c2446703","Name":"SelectedScopeName","Value":"All entities"}],"AutoSkipOnFailure":false,"IsDebugMockData":false,"StepDebugData":null},{"Identifier":"bcc38312-2ac9-43eb-b72d-57520069f700","OriginalStepIdentifier":"c099bf72-f066-44a0-bf5f-e0d90165944f","ParentWorkflowIdentifier":"fab70b6e-de24-427e-a91c-d1d0c2446703","ParentStepIdentifiers":["c4774783-d562-47a0-8292-9b7fbbfdbe44"],"ParentStepIdentifier":"c4774783-d562-47a0-8292-9b7fbbfdbe44","PreviousResultCondition":"{\"c4774783-d562-47a0-8292-9b7fbbfdbe44\":\"2\"}","InstanceName":"Tools_Set Context Value_2","IsAutomatic":true,"Name":"Tools_Set Context Value","IsSkippable":false,"Description":"The action sets a key and value in a specific context (alert or case)","ActionProvider":"Scripts","ActionName":"Tools_Set Context Value","Type":0,"Integration":"Tools","Parameters":[{"ParentStepIdentifier":"bcc38312-2ac9-43eb-b72d-57520069f700","ParentWorkflowIdentifier":"fab70b6e-de24-427e-a91c-d1d0c2446703","Name":"AssignedUsers","Value":null},{"ParentStepIdentifier":"bcc38312-2ac9-43eb-b72d-57520069f700","ParentWorkflowIdentifier":"fab70b6e-de24-427e-a91c-d1d0c2446703","Name":"FallbackIntegrationInstance","Value":null},{"ParentStepIdentifier":"bcc38312-2ac9-43eb-b72d-57520069f700","ParentWorkflowIdentifier":"fab70b6e-de24-427e-a91c-d1d0c2446703","Name":"IntegrationInstance","Value":"AutomaticEnvironment"},{"ParentStepIdentifier":"bcc38312-2ac9-43eb-b72d-57520069f700","ParentWorkflowIdentifier":"fab70b6e-de24-427e-a91c-d1d0c2446703","Name":"MessageToAssignee","Value":null},{"ParentStepIdentifier":"bcc38312-2ac9-43eb-b72d-57520069f700","ParentWorkflowIdentifier":"fab70b6e-de24-427e-a91c-d1d0c2446703","Name":"PendingActionTimeout","Value":null},{"ParentStepIdentifier":"bcc38312-2ac9-43eb-b72d-57520069f700","ParentWorkflowIdentifier":"fab70b6e-de24-427e-a91c-d1d0c2446703","Name":"ScriptName","Value":"Tools_Set Context Value"},{"ParentStepIdentifier":"bcc38312-2ac9-43eb-b72d-57520069f700","ParentWorkflowIdentifier":"fab70b6e-de24-427e-a91c-d1d0c2446703","Name":"ScriptParametersEntityFields","Value":"{\"Value\":\"Chronicle have indicated Medium Severity entities in the alert\",\"Key\":\"Reason_3\",\"Scope\":\"Alert\"}"},{"ParentStepIdentifier":"bcc38312-2ac9-43eb-b72d-57520069f700","ParentWorkflowIdentifier":"fab70b6e-de24-427e-a91c-d1d0c2446703","Name":"SelectedScopeName","Value":"All entities"}],"AutoSkipOnFailure":false,"IsDebugMockData":false,"StepDebugData":null},{"Identifier":"c4774783-d562-47a0-8292-9b7fbbfdbe44","OriginalStepIdentifier":"3a533549-d5e3-4e39-a983-227afb5fd5c7","ParentWorkflowIdentifier":"fab70b6e-de24-427e-a91c-d1d0c2446703","ParentStepIdentifiers":["edbeb7ff-d7ef-4f18-8be3-c5fcd0b36432"],"ParentStepIdentifier":"edbeb7ff-d7ef-4f18-8be3-c5fcd0b36432","PreviousResultCondition":"{}","InstanceName":"Did Chronicle identify a risky entity? ","IsAutomatic":true,"Name":"Condition","IsSkippable":false,"Description":"This condition determines the progress of the playbook. Conditions are built based on cases data (cases, alerts, vents, entities and environment properties) as-well as data that comes back from previous playbook steps.","ActionProvider":"Flow","ActionName":"IfFlowCondition","Type":4,"Integration":"Flow","Parameters":[{"ParentStepIdentifier":"c4774783-d562-47a0-8292-9b7fbbfdbe44","ParentWorkflowIdentifier":"fab70b6e-de24-427e-a91c-d1d0c2446703","Name":"AssignedUsers","Value":null},{"ParentStepIdentifier":"c4774783-d562-47a0-8292-9b7fbbfdbe44","ParentWorkflowIdentifier":"fab70b6e-de24-427e-a91c-d1d0c2446703","Name":"Branches","Value":"[{\"LogicalOperator\":1,\"Conditions\":[{\"Operator\":0,\"FieldName\":\"[GoogleChronicle_Enrich Domain_1.JsonResult| \\\"EntityResult.sources.rawSeverity\\\"]\",\"Type\":2,\"Value\":\"High\"},{\"Operator\":0,\"FieldName\":\"[GoogleChronicle_Enrich IP_1.JsonResult| \\\"EntityResult.sources.rawSeverity\\\"]\",\"Type\":2,\"Value\":\"High\"}],\"Order\":1,\"IsDefaultBranch\":false,\"Name\":\"High Raw Severity Entities\"},{\"LogicalOperator\":0,\"Conditions\":[],\"Order\":3,\"IsDefaultBranch\":true,\"Name\":\"Branch\"},{\"LogicalOperator\":1,\"Conditions\":[{\"Operator\":0,\"FieldName\":\"[GoogleChronicle_Enrich Domain_1.JsonResult| \\\"EntityResult.sources.rawSeverity\\\"]\",\"Type\":2,\"Value\":\"Medium\"},{\"Operator\":0,\"FieldName\":\"[GoogleChronicle_Enrich IP_1.JsonResult| \\\"EntityResult.sources.rawSeverity\\\"]\",\"Type\":2,\"Value\":\"Medium\"}],\"Order\":2,\"IsDefaultBranch\":false,\"Name\":\"Medium Severity Entities\"}]"},{"ParentStepIdentifier":"c4774783-d562-47a0-8292-9b7fbbfdbe44","ParentWorkflowIdentifier":"fab70b6e-de24-427e-a91c-d1d0c2446703","Name":"ErrorFallbackBranch","Value":"3"},{"ParentStepIdentifier":"c4774783-d562-47a0-8292-9b7fbbfdbe44","ParentWorkflowIdentifier":"fab70b6e-de24-427e-a91c-d1d0c2446703","Name":"MessageToAssignee","Value":null},{"ParentStepIdentifier":"c4774783-d562-47a0-8292-9b7fbbfdbe44","ParentWorkflowIdentifier":"fab70b6e-de24-427e-a91c-d1d0c2446703","Name":"PendingActionTimeout","Value":null},{"ParentStepIdentifier":"c4774783-d562-47a0-8292-9b7fbbfdbe44","ParentWorkflowIdentifier":"fab70b6e-de24-427e-a91c-d1d0c2446703","Name":"SelectedScopeName","Value":"All entities"}],"AutoSkipOnFailure":false,"IsDebugMockData":false,"StepDebugData":null},{"Identifier":"e47fc8d3-8c82-45ab-ad97-4a14b6c0554a","OriginalStepIdentifier":"e37a6317-dcc8-4436-8dc0-e784fe58e3ec","ParentWorkflowIdentifier":"fab70b6e-de24-427e-a91c-d1d0c2446703","ParentStepIdentifiers":["f814ce66-62f1-4040-946a-03650b6852a3"],"ParentStepIdentifier":"f814ce66-62f1-4040-946a-03650b6852a3","PreviousResultCondition":"{\"f814ce66-62f1-4040-946a-03650b6852a3\":\"2\"}","InstanceName":"Tools_Update Alert Score_5","IsAutomatic":true,"Name":"Tools_Update Alert Score","IsSkippable":false,"Description":"This will update the alert score by the amount supplied in the 'Input' parameter. ","ActionProvider":"Scripts","ActionName":"Tools_Update Alert Score","Type":0,"Integration":"Tools","Parameters":[{"ParentStepIdentifier":"e47fc8d3-8c82-45ab-ad97-4a14b6c0554a","ParentWorkflowIdentifier":"fab70b6e-de24-427e-a91c-d1d0c2446703","Name":"AssignedUsers","Value":null},{"ParentStepIdentifier":"e47fc8d3-8c82-45ab-ad97-4a14b6c0554a","ParentWorkflowIdentifier":"fab70b6e-de24-427e-a91c-d1d0c2446703","Name":"FallbackIntegrationInstance","Value":null},{"ParentStepIdentifier":"e47fc8d3-8c82-45ab-ad97-4a14b6c0554a","ParentWorkflowIdentifier":"fab70b6e-de24-427e-a91c-d1d0c2446703","Name":"IntegrationInstance","Value":"AutomaticEnvironment"},{"ParentStepIdentifier":"e47fc8d3-8c82-45ab-ad97-4a14b6c0554a","ParentWorkflowIdentifier":"fab70b6e-de24-427e-a91c-d1d0c2446703","Name":"MessageToAssignee","Value":null},{"ParentStepIdentifier":"e47fc8d3-8c82-45ab-ad97-4a14b6c0554a","ParentWorkflowIdentifier":"fab70b6e-de24-427e-a91c-d1d0c2446703","Name":"PendingActionTimeout","Value":null},{"ParentStepIdentifier":"e47fc8d3-8c82-45ab-ad97-4a14b6c0554a","ParentWorkflowIdentifier":"fab70b6e-de24-427e-a91c-d1d0c2446703","Name":"ScriptName","Value":"Tools_Update Alert Score"},{"ParentStepIdentifier":"e47fc8d3-8c82-45ab-ad97-4a14b6c0554a","ParentWorkflowIdentifier":"fab70b6e-de24-427e-a91c-d1d0c2446703","Name":"ScriptParametersEntityFields","Value":"{\"Input\":\"-20\"}"},{"ParentStepIdentifier":"e47fc8d3-8c82-45ab-ad97-4a14b6c0554a","ParentWorkflowIdentifier":"fab70b6e-de24-427e-a91c-d1d0c2446703","Name":"SelectedScopeName","Value":"All entities"}],"AutoSkipOnFailure":false,"IsDebugMockData":false,"StepDebugData":null},{"Identifier":"edbeb7ff-d7ef-4f18-8be3-c5fcd0b36432","OriginalStepIdentifier":"2a2453fe-1c37-46fb-a178-0b396d7220af","ParentWorkflowIdentifier":"fab70b6e-de24-427e-a91c-d1d0c2446703","ParentStepIdentifiers":["2968b14b-6e15-4bfc-87ef-bb6713ed7b44"],"ParentStepIdentifier":"2968b14b-6e15-4bfc-87ef-bb6713ed7b44","PreviousResultCondition":"{}","InstanceName":"GoogleChronicle_Enrich Domain_1","IsAutomatic":true,"Name":"GoogleChronicle_Enrich Domain","IsSkippable":false,"Description":"Enrich domains using information from IOCs in Google Chronicle. Supported entities: Hostname, URL (action extracts domain part).","ActionProvider":"Scripts","ActionName":"GoogleChronicle_Enrich Domain","Type":0,"Integration":"GoogleChronicle","Parameters":[{"ParentStepIdentifier":"edbeb7ff-d7ef-4f18-8be3-c5fcd0b36432","ParentWorkflowIdentifier":"fab70b6e-de24-427e-a91c-d1d0c2446703","Name":"AssignedUsers","Value":null},{"ParentStepIdentifier":"edbeb7ff-d7ef-4f18-8be3-c5fcd0b36432","ParentWorkflowIdentifier":"fab70b6e-de24-427e-a91c-d1d0c2446703","Name":"FallbackIntegrationInstance","Value":null},{"ParentStepIdentifier":"edbeb7ff-d7ef-4f18-8be3-c5fcd0b36432","ParentWorkflowIdentifier":"fab70b6e-de24-427e-a91c-d1d0c2446703","Name":"IntegrationInstance","Value":"AutomaticEnvironment"},{"ParentStepIdentifier":"edbeb7ff-d7ef-4f18-8be3-c5fcd0b36432","ParentWorkflowIdentifier":"fab70b6e-de24-427e-a91c-d1d0c2446703","Name":"MessageToAssignee","Value":null},{"ParentStepIdentifier":"edbeb7ff-d7ef-4f18-8be3-c5fcd0b36432","ParentWorkflowIdentifier":"fab70b6e-de24-427e-a91c-d1d0c2446703","Name":"PendingActionTimeout","Value":null},{"ParentStepIdentifier":"edbeb7ff-d7ef-4f18-8be3-c5fcd0b36432","ParentWorkflowIdentifier":"fab70b6e-de24-427e-a91c-d1d0c2446703","Name":"ScriptName","Value":"GoogleChronicle_Enrich Domain"},{"ParentStepIdentifier":"edbeb7ff-d7ef-4f18-8be3-c5fcd0b36432","ParentWorkflowIdentifier":"fab70b6e-de24-427e-a91c-d1d0c2446703","Name":"ScriptParametersEntityFields","Value":"{\"Create Insight\":true,\"Only Suspicious Insight\":false,\"Lowest Suspicious Severity\":\"Medium\",\"Mark Suspicious N/A Severity\":true}"},{"ParentStepIdentifier":"edbeb7ff-d7ef-4f18-8be3-c5fcd0b36432","ParentWorkflowIdentifier":"fab70b6e-de24-427e-a91c-d1d0c2446703","Name":"SelectedScopeName","Value":"All entities"}],"AutoSkipOnFailure":false,"IsDebugMockData":true,"StepDebugData":{"CreationTimeUnixTimeInMs":0,"ModificationTimeUnixTimeInMs":0,"OriginalWorkflowIdentifier":"fab70b6e-de24-427e-a91c-d1d0c2446703","OriginalStepIdentifier":"2a2453fe-1c37-46fb-a178-0b396d7220af","ResultValue":"true","ResultJson":"[\n  {\n    \"Entity\": \"https://professionallogistics.in\",\n    \"EntityResult\": {\n      \"sources\": [\n        {\n          \"sourceUrl\": \"https://tools.emergingthreats.net/docs/ET%20Intelligence%20Rep%20List%20Tech%20Description.pdf\",\n          \"confidenceScore\": {\n            \"strRawConfidenceScore\": \"77\"\n          },\n          \"rawSeverity\": \"Medium\",\n          \"category\": \"Drop site for logs or stolen credentials\",\n          \"addresses\": [\n            {\n              \"port\": [\n                80\n              ],\n              \"domain\": \"professionallogistics.in\"\n            }\n          ],\n          \"firstActiveTime\": \"2020-03-20T00:00:00Z\",\n          \"lastActiveTime\": \"2020-03-21T00:00:00Z\"\n        }\n      ],\n      \"uri\": [\n        \"https://ironmountain.backstory.chronicle.security/domainResults?domain=professionallogistics.in&selectedList=DomainViewDistinctAssets&whoIsTimestamp=2020-10-04T07%3A39%3A29.770408493Z\"\n      ]\n    }\n  }\n]","ScopeEntitiesEnrichmentData":[],"ScopeEntitiesEnrichmentDataJson":"[]"}},{"Identifier":"f1afef9f-62b3-4d44-b365-34c48f4653a1","OriginalStepIdentifier":"ac1058e7-5431-44ec-a12d-3815c6ab0bad","ParentWorkflowIdentifier":"fab70b6e-de24-427e-a91c-d1d0c2446703","ParentStepIdentifiers":["f814ce66-62f1-4040-946a-03650b6852a3"],"ParentStepIdentifier":"f814ce66-62f1-4040-946a-03650b6852a3","PreviousResultCondition":"{\"f814ce66-62f1-4040-946a-03650b6852a3\":\"1\"}","InstanceName":"Tools_Set Context Value_4","IsAutomatic":true,"Name":"Tools_Set Context Value","IsSkippable":false,"Description":"The action sets a key and value in a specific context (alert or case)","ActionProvider":"Scripts","ActionName":"Tools_Set Context Value","Type":0,"Integration":"Tools","Parameters":[{"ParentStepIdentifier":"f1afef9f-62b3-4d44-b365-34c48f4653a1","ParentWorkflowIdentifier":"fab70b6e-de24-427e-a91c-d1d0c2446703","Name":"AssignedUsers","Value":null},{"ParentStepIdentifier":"f1afef9f-62b3-4d44-b365-34c48f4653a1","ParentWorkflowIdentifier":"fab70b6e-de24-427e-a91c-d1d0c2446703","Name":"FallbackIntegrationInstance","Value":null},{"ParentStepIdentifier":"f1afef9f-62b3-4d44-b365-34c48f4653a1","ParentWorkflowIdentifier":"fab70b6e-de24-427e-a91c-d1d0c2446703","Name":"IntegrationInstance","Value":"AutomaticEnvironment"},{"ParentStepIdentifier":"f1afef9f-62b3-4d44-b365-34c48f4653a1","ParentWorkflowIdentifier":"fab70b6e-de24-427e-a91c-d1d0c2446703","Name":"MessageToAssignee","Value":null},{"ParentStepIdentifier":"f1afef9f-62b3-4d44-b365-34c48f4653a1","ParentWorkflowIdentifier":"fab70b6e-de24-427e-a91c-d1d0c2446703","Name":"PendingActionTimeout","Value":null},{"ParentStepIdentifier":"f1afef9f-62b3-4d44-b365-34c48f4653a1","ParentWorkflowIdentifier":"fab70b6e-de24-427e-a91c-d1d0c2446703","Name":"ScriptName","Value":"Tools_Set Context Value"},{"ParentStepIdentifier":"f1afef9f-62b3-4d44-b365-34c48f4653a1","ParentWorkflowIdentifier":"fab70b6e-de24-427e-a91c-d1d0c2446703","Name":"ScriptParametersEntityFields","Value":"{\"Value\":\"VirusTotal identified risky entities in the case\",\"Key\":\"Reason_4\",\"Scope\":\"Alert\"}"},{"ParentStepIdentifier":"f1afef9f-62b3-4d44-b365-34c48f4653a1","ParentWorkflowIdentifier":"fab70b6e-de24-427e-a91c-d1d0c2446703","Name":"SelectedScopeName","Value":"All entities"}],"AutoSkipOnFailure":false,"IsDebugMockData":false,"StepDebugData":null},{"Identifier":"f814ce66-62f1-4040-946a-03650b6852a3","OriginalStepIdentifier":"a4a8bb0f-1402-4e15-95d1-68176101a613","ParentWorkflowIdentifier":"fab70b6e-de24-427e-a91c-d1d0c2446703","ParentStepIdentifiers":["3cc7788f-535c-4ada-a08a-5397ab7e0135"],"ParentStepIdentifier":"3cc7788f-535c-4ada-a08a-5397ab7e0135","PreviousResultCondition":"{}","InstanceName":"Did VirusTotal identify risky entities? ","IsAutomatic":true,"Name":"Condition","IsSkippable":false,"Description":"This condition determines the progress of the playbook. Conditions are built based on cases data (cases, alerts, vents, entities and environment properties) as-well as data that comes back from previous playbook steps.","ActionProvider":"Flow","ActionName":"IfFlowCondition","Type":4,"Integration":"Flow","Parameters":[{"ParentStepIdentifier":"f814ce66-62f1-4040-946a-03650b6852a3","ParentWorkflowIdentifier":"fab70b6e-de24-427e-a91c-d1d0c2446703","Name":"AssignedUsers","Value":null},{"ParentStepIdentifier":"f814ce66-62f1-4040-946a-03650b6852a3","ParentWorkflowIdentifier":"fab70b6e-de24-427e-a91c-d1d0c2446703","Name":"Branches","Value":"[{\"LogicalOperator\":1,\"Conditions\":[{\"Operator\":0,\"FieldName\":\"[VirusTotalV3_Enrich URL_1.JsonResult| \\\"is_risky\\\"]\",\"Type\":2,\"Value\":\"true\"},{\"Operator\":0,\"FieldName\":\"[VirusTotalV3_Enrich IP_1.JsonResult| \\\"is_risky\\\"]\",\"Type\":2,\"Value\":\"true\"},{\"Operator\":0,\"FieldName\":\"[VirusTotalV3_Enrich Hash_1.JsonResult| \\\"is_risky\\\"]\",\"Type\":2,\"Value\":\"true\"},{\"Operator\":0,\"FieldName\":\"[VirusTotalV3_Get Domain Details_1.JsonResult| \\\"is_risky\\\"]\",\"Type\":2,\"Value\":\"true\"}],\"Order\":1,\"IsDefaultBranch\":false,\"Name\":\"Risky Entities\"},{\"LogicalOperator\":0,\"Conditions\":[],\"Order\":2,\"IsDefaultBranch\":true,\"Name\":\"Branch\"}]"},{"ParentStepIdentifier":"f814ce66-62f1-4040-946a-03650b6852a3","ParentWorkflowIdentifier":"fab70b6e-de24-427e-a91c-d1d0c2446703","Name":"ErrorFallbackBranch","Value":"2"},{"ParentStepIdentifier":"f814ce66-62f1-4040-946a-03650b6852a3","ParentWorkflowIdentifier":"fab70b6e-de24-427e-a91c-d1d0c2446703","Name":"MessageToAssignee","Value":null},{"ParentStepIdentifier":"f814ce66-62f1-4040-946a-03650b6852a3","ParentWorkflowIdentifier":"fab70b6e-de24-427e-a91c-d1d0c2446703","Name":"PendingActionTimeout","Value":null},{"ParentStepIdentifier":"f814ce66-62f1-4040-946a-03650b6852a3","ParentWorkflowIdentifier":"fab70b6e-de24-427e-a91c-d1d0c2446703","Name":"SelectedScopeName","Value":"All entities"}],"AutoSkipOnFailure":false,"IsDebugMockData":false,"StepDebugData":null}],"Triggers":[{"Identifier":"a16c6603-4123-492a-8fca-4d8bf06c1d8a","IsEnabled":true,"DefinitionIdentifier":"fab70b6e-de24-427e-a91c-d1d0c2446703","Type":11,"WorkflowName":null,"LogicalOperator":0,"Conditions":[],"Environments":["*"]}],"Environments":["*"]}}