{"CategoryName":"Imported Playbooks","OverviewTemplatesDetails":[],"WidgetTemplates":null,"Definition":{"Identifier":"6147e013-b225-4037-b002-0c19c40a6323","IsEnable":true,"Version":0.0,"IsArchived":false,"IsAutomatic":true,"Name":"Entity Creation Block - Similar Alerts","Category":2,"Description":"An embedded workflow that can receive inputs and return an output.","Priority":2,"Creator":"dec3622d-33b8-458e-9bcd-372744fc68d4","VersionCreator":null,"VersionComment":null,"OriginalWorkflowIdentifier":"6147e013-b225-4037-b002-0c19c40a6323","TemplateName":null,"PlaybookType":1,"IsDebugMode":false,"DebugBaseAlertIdentifier":null,"DebugAlertIdentifier":null,"SimulationClone":false,"Steps":[{"Identifier":"179cfca4-5605-4b67-a9df-fcd672c2dffb","OriginalStepIdentifier":"b31d4e75-4a89-45bb-9a4d-3fe2c8446b68","ParentWorkflowIdentifier":"6147e013-b225-4037-b002-0c19c40a6323","ParentStepIdentifiers":["a596778c-c7e3-48a9-b146-47d56f474a19","19e91a45-f5eb-483a-a47e-f4a9090b4d5c"],"ParentStepIdentifier":"a596778c-c7e3-48a9-b146-47d56f474a19;19e91a45-f5eb-483a-a47e-f4a9090b4d5c","PreviousResultCondition":"{\"19e91a45-f5eb-483a-a47e-f4a9090b4d5c\":\"2\"}","InstanceName":"Are there any Hashes in the case? ","IsAutomatic":true,"Name":"Condition","IsSkippable":false,"Description":"This condition determines the progress of the playbook. Conditions are built based on cases data (cases, alerts, vents, entities and environment properties) as-well as data that comes back from previous playbook steps.","ActionProvider":"Flow","ActionName":"IfFlowCondition","Type":4,"Integration":"Flow","Parameters":[{"ParentStepIdentifier":"179cfca4-5605-4b67-a9df-fcd672c2dffb","ParentWorkflowIdentifier":"6147e013-b225-4037-b002-0c19c40a6323","Name":"AssignedUsers","Value":null},{"ParentStepIdentifier":"179cfca4-5605-4b67-a9df-fcd672c2dffb","ParentWorkflowIdentifier":"6147e013-b225-4037-b002-0c19c40a6323","Name":"Branches","Value":"[{\"LogicalOperator\":0,\"Conditions\":[{\"Operator\":6,\"FieldName\":\"[Input.hashes_list]\",\"Type\":2,\"Value\":\"GoogleChronicle_Lookup Similar Alerts\"},{\"Operator\":6,\"FieldName\":\"[Input.hashes_list]\",\"Type\":2,\"Value\":\"[\"},{\"Operator\":6,\"FieldName\":\"[Input.hashes_list]\",\"Type\":2,\"Value\":\"\\\"\"}],\"Order\":1,\"IsDefaultBranch\":false,\"Name\":\"Yes\"},{\"LogicalOperator\":0,\"Conditions\":[],\"Order\":2,\"IsDefaultBranch\":true,\"Name\":\"Branch\"}]"},{"ParentStepIdentifier":"179cfca4-5605-4b67-a9df-fcd672c2dffb","ParentWorkflowIdentifier":"6147e013-b225-4037-b002-0c19c40a6323","Name":"ErrorFallbackBranch","Value":null},{"ParentStepIdentifier":"179cfca4-5605-4b67-a9df-fcd672c2dffb","ParentWorkflowIdentifier":"6147e013-b225-4037-b002-0c19c40a6323","Name":"MessageToAssignee","Value":null},{"ParentStepIdentifier":"179cfca4-5605-4b67-a9df-fcd672c2dffb","ParentWorkflowIdentifier":"6147e013-b225-4037-b002-0c19c40a6323","Name":"PendingActionTimeout","Value":null},{"ParentStepIdentifier":"179cfca4-5605-4b67-a9df-fcd672c2dffb","ParentWorkflowIdentifier":"6147e013-b225-4037-b002-0c19c40a6323","Name":"SelectedScopeName","Value":"All entities"}],"AutoSkipOnFailure":false,"IsDebugMockData":false,"StepDebugData":null},{"Identifier":"19e91a45-f5eb-483a-a47e-f4a9090b4d5c","OriginalStepIdentifier":"46dbd4cb-6e3b-4214-b0bd-72c879ef093b","ParentWorkflowIdentifier":"6147e013-b225-4037-b002-0c19c40a6323","ParentStepIdentifiers":["217a93e0-a2c0-4ae6-9cf8-ba81ed8a2614","82281ed0-94b8-4463-b578-8415dcf1d068"],"ParentStepIdentifier":"217a93e0-a2c0-4ae6-9cf8-ba81ed8a2614;82281ed0-94b8-4463-b578-8415dcf1d068","PreviousResultCondition":"{\"82281ed0-94b8-4463-b578-8415dcf1d068\":\"2\"}","InstanceName":"Are there any URLs in the case? ","IsAutomatic":true,"Name":"Condition","IsSkippable":false,"Description":"This condition determines the progress of the playbook. Conditions are built based on cases data (cases, alerts, vents, entities and environment properties) as-well as data that comes back from previous playbook steps.","ActionProvider":"Flow","ActionName":"IfFlowCondition","Type":4,"Integration":"Flow","Parameters":[{"ParentStepIdentifier":"19e91a45-f5eb-483a-a47e-f4a9090b4d5c","ParentWorkflowIdentifier":"6147e013-b225-4037-b002-0c19c40a6323","Name":"AssignedUsers","Value":null},{"ParentStepIdentifier":"19e91a45-f5eb-483a-a47e-f4a9090b4d5c","ParentWorkflowIdentifier":"6147e013-b225-4037-b002-0c19c40a6323","Name":"Branches","Value":"[{\"LogicalOperator\":0,\"Conditions\":[{\"Operator\":6,\"FieldName\":\"[Input.urls_list]\",\"Type\":2,\"Value\":\"GoogleChronicle_Lookup Similar Alerts\"},{\"Operator\":6,\"FieldName\":\"[Input.urls_list]\",\"Type\":2,\"Value\":\"[\"},{\"Operator\":6,\"FieldName\":\"[Input.urls_list]\",\"Type\":2,\"Value\":\"\\\"\"}],\"Order\":1,\"IsDefaultBranch\":false,\"Name\":\"Yes\"},{\"LogicalOperator\":0,\"Conditions\":[],\"Order\":2,\"IsDefaultBranch\":true,\"Name\":\"Branch\"}]"},{"ParentStepIdentifier":"19e91a45-f5eb-483a-a47e-f4a9090b4d5c","ParentWorkflowIdentifier":"6147e013-b225-4037-b002-0c19c40a6323","Name":"ErrorFallbackBranch","Value":null},{"ParentStepIdentifier":"19e91a45-f5eb-483a-a47e-f4a9090b4d5c","ParentWorkflowIdentifier":"6147e013-b225-4037-b002-0c19c40a6323","Name":"MessageToAssignee","Value":null},{"ParentStepIdentifier":"19e91a45-f5eb-483a-a47e-f4a9090b4d5c","ParentWorkflowIdentifier":"6147e013-b225-4037-b002-0c19c40a6323","Name":"PendingActionTimeout","Value":null},{"ParentStepIdentifier":"19e91a45-f5eb-483a-a47e-f4a9090b4d5c","ParentWorkflowIdentifier":"6147e013-b225-4037-b002-0c19c40a6323","Name":"SelectedScopeName","Value":"All entities"}],"AutoSkipOnFailure":false,"IsDebugMockData":false,"StepDebugData":null},{"Identifier":"1aea15e2-57dd-414f-9f8b-8280881bcf49","OriginalStepIdentifier":"6fbc5c5e-e3dc-4542-972c-75e448d4f4d6","ParentWorkflowIdentifier":"6147e013-b225-4037-b002-0c19c40a6323","ParentStepIdentifiers":["1b1e7cb3-42a4-448b-8fce-9ede310e021f"],"ParentStepIdentifier":"1b1e7cb3-42a4-448b-8fce-9ede310e021f","PreviousResultCondition":"{\"1b1e7cb3-42a4-448b-8fce-9ede310e021f\":\"1\"}","InstanceName":"Create Processes","IsAutomatic":true,"Name":"Siemplify_Create Entity","IsSkippable":false,"Description":"Creates an entity and adds to requested alert. Note - Please make sure to read our documentation regarding the differences in the delimiter’s behavior, between different Siemplify’s platform versions 5.6.0 inclusive and 5.6.2 exclusive, here: https://integrations.siemplify.co/doc/siemplify#create-entity","ActionProvider":"Scripts","ActionName":"Siemplify_Create Entity","Type":0,"Integration":"Siemplify","Parameters":[{"ParentStepIdentifier":"1aea15e2-57dd-414f-9f8b-8280881bcf49","ParentWorkflowIdentifier":"6147e013-b225-4037-b002-0c19c40a6323","Name":"AssignedUsers","Value":null},{"ParentStepIdentifier":"1aea15e2-57dd-414f-9f8b-8280881bcf49","ParentWorkflowIdentifier":"6147e013-b225-4037-b002-0c19c40a6323","Name":"FallbackIntegrationInstance","Value":"c77e22e7-650e-4743-8cb1-9e863795da47"},{"ParentStepIdentifier":"1aea15e2-57dd-414f-9f8b-8280881bcf49","ParentWorkflowIdentifier":"6147e013-b225-4037-b002-0c19c40a6323","Name":"IntegrationInstance","Value":"AutomaticEnvironment"},{"ParentStepIdentifier":"1aea15e2-57dd-414f-9f8b-8280881bcf49","ParentWorkflowIdentifier":"6147e013-b225-4037-b002-0c19c40a6323","Name":"MessageToAssignee","Value":null},{"ParentStepIdentifier":"1aea15e2-57dd-414f-9f8b-8280881bcf49","ParentWorkflowIdentifier":"6147e013-b225-4037-b002-0c19c40a6323","Name":"PendingActionTimeout","Value":null},{"ParentStepIdentifier":"1aea15e2-57dd-414f-9f8b-8280881bcf49","ParentWorkflowIdentifier":"6147e013-b225-4037-b002-0c19c40a6323","Name":"ScriptName","Value":"Siemplify_Create Entity"},{"ParentStepIdentifier":"1aea15e2-57dd-414f-9f8b-8280881bcf49","ParentWorkflowIdentifier":"6147e013-b225-4037-b002-0c19c40a6323","Name":"ScriptParametersEntityFields","Value":"{\"Entities Identifies\":\"[Input.processes_list]\",\"Delimiter\":\",\",\"Entity Type\":\"PROCESS\",\"Is Internal\":false,\"Is Suspicious\":false}"},{"ParentStepIdentifier":"1aea15e2-57dd-414f-9f8b-8280881bcf49","ParentWorkflowIdentifier":"6147e013-b225-4037-b002-0c19c40a6323","Name":"SelectedScopeName","Value":"All entities"}],"AutoSkipOnFailure":false,"IsDebugMockData":false,"StepDebugData":null},{"Identifier":"1b1e7cb3-42a4-448b-8fce-9ede310e021f","OriginalStepIdentifier":"2e829ff7-88e0-4695-952f-3e0531ccd978","ParentWorkflowIdentifier":"6147e013-b225-4037-b002-0c19c40a6323","ParentStepIdentifiers":["61a6843b-bf9b-4967-a6d3-cc68c2d54e3e","575ce118-f578-4936-9174-a8ce96c5c080"],"ParentStepIdentifier":"61a6843b-bf9b-4967-a6d3-cc68c2d54e3e;575ce118-f578-4936-9174-a8ce96c5c080","PreviousResultCondition":"{\"575ce118-f578-4936-9174-a8ce96c5c080\":\"2\"}","InstanceName":"Are there any Processes in the case? ","IsAutomatic":true,"Name":"Condition","IsSkippable":false,"Description":"This condition determines the progress of the playbook. Conditions are built based on cases data (cases, alerts, vents, entities and environment properties) as-well as data that comes back from previous playbook steps.","ActionProvider":"Flow","ActionName":"IfFlowCondition","Type":4,"Integration":"Flow","Parameters":[{"ParentStepIdentifier":"1b1e7cb3-42a4-448b-8fce-9ede310e021f","ParentWorkflowIdentifier":"6147e013-b225-4037-b002-0c19c40a6323","Name":"AssignedUsers","Value":null},{"ParentStepIdentifier":"1b1e7cb3-42a4-448b-8fce-9ede310e021f","ParentWorkflowIdentifier":"6147e013-b225-4037-b002-0c19c40a6323","Name":"Branches","Value":"[{\"LogicalOperator\":0,\"Conditions\":[{\"Operator\":6,\"FieldName\":\"[Input.processes_list]\",\"Type\":2,\"Value\":\"GoogleChronicle_Lookup Similar Alerts\"},{\"Operator\":6,\"FieldName\":\"[Input.processes_list]\",\"Type\":2,\"Value\":\"[\"},{\"Operator\":6,\"FieldName\":\"[Input.processes_list]\",\"Type\":2,\"Value\":\"\\\"\"}],\"Order\":1,\"IsDefaultBranch\":false,\"Name\":\"Yes\"},{\"LogicalOperator\":0,\"Conditions\":[],\"Order\":2,\"IsDefaultBranch\":true,\"Name\":\"Branch\"}]"},{"ParentStepIdentifier":"1b1e7cb3-42a4-448b-8fce-9ede310e021f","ParentWorkflowIdentifier":"6147e013-b225-4037-b002-0c19c40a6323","Name":"ErrorFallbackBranch","Value":null},{"ParentStepIdentifier":"1b1e7cb3-42a4-448b-8fce-9ede310e021f","ParentWorkflowIdentifier":"6147e013-b225-4037-b002-0c19c40a6323","Name":"MessageToAssignee","Value":null},{"ParentStepIdentifier":"1b1e7cb3-42a4-448b-8fce-9ede310e021f","ParentWorkflowIdentifier":"6147e013-b225-4037-b002-0c19c40a6323","Name":"PendingActionTimeout","Value":null},{"ParentStepIdentifier":"1b1e7cb3-42a4-448b-8fce-9ede310e021f","ParentWorkflowIdentifier":"6147e013-b225-4037-b002-0c19c40a6323","Name":"SelectedScopeName","Value":"All entities"}],"AutoSkipOnFailure":false,"IsDebugMockData":false,"StepDebugData":null},{"Identifier":"217a93e0-a2c0-4ae6-9cf8-ba81ed8a2614","OriginalStepIdentifier":"2372d3a7-2e16-463b-826f-03c29bfb5d5b","ParentWorkflowIdentifier":"6147e013-b225-4037-b002-0c19c40a6323","ParentStepIdentifiers":["82281ed0-94b8-4463-b578-8415dcf1d068"],"ParentStepIdentifier":"82281ed0-94b8-4463-b578-8415dcf1d068","PreviousResultCondition":"{\"82281ed0-94b8-4463-b578-8415dcf1d068\":\"1\"}","InstanceName":"Create Users","IsAutomatic":true,"Name":"Siemplify_Create Entity","IsSkippable":false,"Description":"Creates an entity and adds to requested alert. Note - Please make sure to read our documentation regarding the differences in the delimiter’s behavior, between different Siemplify’s platform versions 5.6.0 inclusive and 5.6.2 exclusive, here: https://integrations.siemplify.co/doc/siemplify#create-entity","ActionProvider":"Scripts","ActionName":"Siemplify_Create Entity","Type":0,"Integration":"Siemplify","Parameters":[{"ParentStepIdentifier":"217a93e0-a2c0-4ae6-9cf8-ba81ed8a2614","ParentWorkflowIdentifier":"6147e013-b225-4037-b002-0c19c40a6323","Name":"AssignedUsers","Value":null},{"ParentStepIdentifier":"217a93e0-a2c0-4ae6-9cf8-ba81ed8a2614","ParentWorkflowIdentifier":"6147e013-b225-4037-b002-0c19c40a6323","Name":"FallbackIntegrationInstance","Value":"c77e22e7-650e-4743-8cb1-9e863795da47"},{"ParentStepIdentifier":"217a93e0-a2c0-4ae6-9cf8-ba81ed8a2614","ParentWorkflowIdentifier":"6147e013-b225-4037-b002-0c19c40a6323","Name":"IntegrationInstance","Value":"AutomaticEnvironment"},{"ParentStepIdentifier":"217a93e0-a2c0-4ae6-9cf8-ba81ed8a2614","ParentWorkflowIdentifier":"6147e013-b225-4037-b002-0c19c40a6323","Name":"MessageToAssignee","Value":null},{"ParentStepIdentifier":"217a93e0-a2c0-4ae6-9cf8-ba81ed8a2614","ParentWorkflowIdentifier":"6147e013-b225-4037-b002-0c19c40a6323","Name":"PendingActionTimeout","Value":null},{"ParentStepIdentifier":"217a93e0-a2c0-4ae6-9cf8-ba81ed8a2614","ParentWorkflowIdentifier":"6147e013-b225-4037-b002-0c19c40a6323","Name":"ScriptName","Value":"Siemplify_Create Entity"},{"ParentStepIdentifier":"217a93e0-a2c0-4ae6-9cf8-ba81ed8a2614","ParentWorkflowIdentifier":"6147e013-b225-4037-b002-0c19c40a6323","Name":"ScriptParametersEntityFields","Value":"{\"Entities Identifies\":\"[Input.users_list]\",\"Delimiter\":\",\",\"Entity Type\":\"USERUNIQNAME\",\"Is Internal\":false,\"Is Suspicious\":false}"},{"ParentStepIdentifier":"217a93e0-a2c0-4ae6-9cf8-ba81ed8a2614","ParentWorkflowIdentifier":"6147e013-b225-4037-b002-0c19c40a6323","Name":"SelectedScopeName","Value":"All entities"}],"AutoSkipOnFailure":false,"IsDebugMockData":false,"StepDebugData":null},{"Identifier":"32fe1a79-e662-400e-9a36-20de50cf8b25","OriginalStepIdentifier":"904c1515-dc50-43e2-ace1-4e50c4cf7d61","ParentWorkflowIdentifier":"6147e013-b225-4037-b002-0c19c40a6323","ParentStepIdentifiers":["7520a18f-8a66-4dbb-bdc6-638b4c8b9df3"],"ParentStepIdentifier":"7520a18f-8a66-4dbb-bdc6-638b4c8b9df3","PreviousResultCondition":"{\"7520a18f-8a66-4dbb-bdc6-638b4c8b9df3\":\"1\"}","InstanceName":"Create Hosts","IsAutomatic":true,"Name":"Siemplify_Create Entity","IsSkippable":false,"Description":"Creates an entity and adds to requested alert. Note - Please make sure to read our documentation regarding the differences in the delimiter’s behavior, between different Siemplify’s platform versions 5.6.0 inclusive and 5.6.2 exclusive, here: https://integrations.siemplify.co/doc/siemplify#create-entity","ActionProvider":"Scripts","ActionName":"Siemplify_Create Entity","Type":0,"Integration":"Siemplify","Parameters":[{"ParentStepIdentifier":"32fe1a79-e662-400e-9a36-20de50cf8b25","ParentWorkflowIdentifier":"6147e013-b225-4037-b002-0c19c40a6323","Name":"AssignedUsers","Value":null},{"ParentStepIdentifier":"32fe1a79-e662-400e-9a36-20de50cf8b25","ParentWorkflowIdentifier":"6147e013-b225-4037-b002-0c19c40a6323","Name":"FallbackIntegrationInstance","Value":"c77e22e7-650e-4743-8cb1-9e863795da47"},{"ParentStepIdentifier":"32fe1a79-e662-400e-9a36-20de50cf8b25","ParentWorkflowIdentifier":"6147e013-b225-4037-b002-0c19c40a6323","Name":"IntegrationInstance","Value":"AutomaticEnvironment"},{"ParentStepIdentifier":"32fe1a79-e662-400e-9a36-20de50cf8b25","ParentWorkflowIdentifier":"6147e013-b225-4037-b002-0c19c40a6323","Name":"MessageToAssignee","Value":null},{"ParentStepIdentifier":"32fe1a79-e662-400e-9a36-20de50cf8b25","ParentWorkflowIdentifier":"6147e013-b225-4037-b002-0c19c40a6323","Name":"PendingActionTimeout","Value":null},{"ParentStepIdentifier":"32fe1a79-e662-400e-9a36-20de50cf8b25","ParentWorkflowIdentifier":"6147e013-b225-4037-b002-0c19c40a6323","Name":"ScriptName","Value":"Siemplify_Create Entity"},{"ParentStepIdentifier":"32fe1a79-e662-400e-9a36-20de50cf8b25","ParentWorkflowIdentifier":"6147e013-b225-4037-b002-0c19c40a6323","Name":"ScriptParametersEntityFields","Value":"{\"Is Suspicious\":false,\"Is Internal\":false,\"Entity Type\":\"HOSTNAME\",\"Delimiter\":\",\",\"Entities Identifies\":\"[Input.hosts_list]\"}"},{"ParentStepIdentifier":"32fe1a79-e662-400e-9a36-20de50cf8b25","ParentWorkflowIdentifier":"6147e013-b225-4037-b002-0c19c40a6323","Name":"SelectedScopeName","Value":"All entities"}],"AutoSkipOnFailure":false,"IsDebugMockData":false,"StepDebugData":null},{"Identifier":"3411dae2-02ac-4bc9-b34d-3e2f0a695ab4","OriginalStepIdentifier":"f9c13275-f3fa-4d2d-8e19-0693413438dd","ParentWorkflowIdentifier":"6147e013-b225-4037-b002-0c19c40a6323","ParentStepIdentifiers":["1b1e7cb3-42a4-448b-8fce-9ede310e021f"],"ParentStepIdentifier":"1b1e7cb3-42a4-448b-8fce-9ede310e021f","PreviousResultCondition":"{\"1b1e7cb3-42a4-448b-8fce-9ede310e021f\":\"2\"}","InstanceName":"Output_2","IsAutomatic":true,"Name":"Output","IsSkippable":false,"Description":"","ActionProvider":"Flow","ActionName":"OutputAction","Type":6,"Integration":"Flow","Parameters":[{"ParentStepIdentifier":"3411dae2-02ac-4bc9-b34d-3e2f0a695ab4","ParentWorkflowIdentifier":"6147e013-b225-4037-b002-0c19c40a6323","Name":"NestedWorkflowOutput","Value":null}],"AutoSkipOnFailure":false,"IsDebugMockData":false,"StepDebugData":null},{"Identifier":"575ce118-f578-4936-9174-a8ce96c5c080","OriginalStepIdentifier":"f92df8cd-0091-496d-9107-aa44b26a9423","ParentWorkflowIdentifier":"6147e013-b225-4037-b002-0c19c40a6323","ParentStepIdentifiers":["bf84f1a1-995a-4493-827c-36a248dc5e58","179cfca4-5605-4b67-a9df-fcd672c2dffb"],"ParentStepIdentifier":"bf84f1a1-995a-4493-827c-36a248dc5e58;179cfca4-5605-4b67-a9df-fcd672c2dffb","PreviousResultCondition":"{\"179cfca4-5605-4b67-a9df-fcd672c2dffb\":\"2\"}","InstanceName":"Are there any Subjects List in the case? ","IsAutomatic":true,"Name":"Condition","IsSkippable":false,"Description":"This condition determines the progress of the playbook. Conditions are built based on cases data (cases, alerts, vents, entities and environment properties) as-well as data that comes back from previous playbook steps.","ActionProvider":"Flow","ActionName":"IfFlowCondition","Type":4,"Integration":"Flow","Parameters":[{"ParentStepIdentifier":"575ce118-f578-4936-9174-a8ce96c5c080","ParentWorkflowIdentifier":"6147e013-b225-4037-b002-0c19c40a6323","Name":"AssignedUsers","Value":null},{"ParentStepIdentifier":"575ce118-f578-4936-9174-a8ce96c5c080","ParentWorkflowIdentifier":"6147e013-b225-4037-b002-0c19c40a6323","Name":"Branches","Value":"[{\"LogicalOperator\":0,\"Conditions\":[{\"Operator\":6,\"FieldName\":\"[Input.email_subjects_list]\",\"Type\":2,\"Value\":\"GoogleChronicle_Lookup Similar Alerts\"},{\"Operator\":6,\"FieldName\":\"[Input.email_subjects_list]\",\"Type\":2,\"Value\":\"[\"},{\"Operator\":6,\"FieldName\":\"[Input.email_subjects_list]\",\"Type\":2,\"Value\":\"\\\"\"}],\"Order\":1,\"IsDefaultBranch\":false,\"Name\":\"Branch\"},{\"LogicalOperator\":0,\"Conditions\":[],\"Order\":2,\"IsDefaultBranch\":true,\"Name\":\"Branch\"}]"},{"ParentStepIdentifier":"575ce118-f578-4936-9174-a8ce96c5c080","ParentWorkflowIdentifier":"6147e013-b225-4037-b002-0c19c40a6323","Name":"ErrorFallbackBranch","Value":null},{"ParentStepIdentifier":"575ce118-f578-4936-9174-a8ce96c5c080","ParentWorkflowIdentifier":"6147e013-b225-4037-b002-0c19c40a6323","Name":"MessageToAssignee","Value":null},{"ParentStepIdentifier":"575ce118-f578-4936-9174-a8ce96c5c080","ParentWorkflowIdentifier":"6147e013-b225-4037-b002-0c19c40a6323","Name":"PendingActionTimeout","Value":null},{"ParentStepIdentifier":"575ce118-f578-4936-9174-a8ce96c5c080","ParentWorkflowIdentifier":"6147e013-b225-4037-b002-0c19c40a6323","Name":"SelectedScopeName","Value":"All entities"}],"AutoSkipOnFailure":false,"IsDebugMockData":false,"StepDebugData":null},{"Identifier":"61a6843b-bf9b-4967-a6d3-cc68c2d54e3e","OriginalStepIdentifier":"8f7adc62-bd50-4ebc-90b4-4970754f82b8","ParentWorkflowIdentifier":"6147e013-b225-4037-b002-0c19c40a6323","ParentStepIdentifiers":["575ce118-f578-4936-9174-a8ce96c5c080"],"ParentStepIdentifier":"575ce118-f578-4936-9174-a8ce96c5c080","PreviousResultCondition":"{\"575ce118-f578-4936-9174-a8ce96c5c080\":\"1\"}","InstanceName":"Create Subject Lists","IsAutomatic":true,"Name":"Siemplify_Create Entity","IsSkippable":false,"Description":"Creates an entity and adds to requested alert. Note - Please make sure to read our documentation regarding the differences in the delimiter’s behavior, between different Siemplify’s platform versions 5.6.0 inclusive and 5.6.2 exclusive, here: https://integrations.siemplify.co/doc/siemplify#create-entity","ActionProvider":"Scripts","ActionName":"Siemplify_Create Entity","Type":0,"Integration":"Siemplify","Parameters":[{"ParentStepIdentifier":"61a6843b-bf9b-4967-a6d3-cc68c2d54e3e","ParentWorkflowIdentifier":"6147e013-b225-4037-b002-0c19c40a6323","Name":"AssignedUsers","Value":null},{"ParentStepIdentifier":"61a6843b-bf9b-4967-a6d3-cc68c2d54e3e","ParentWorkflowIdentifier":"6147e013-b225-4037-b002-0c19c40a6323","Name":"FallbackIntegrationInstance","Value":"c77e22e7-650e-4743-8cb1-9e863795da47"},{"ParentStepIdentifier":"61a6843b-bf9b-4967-a6d3-cc68c2d54e3e","ParentWorkflowIdentifier":"6147e013-b225-4037-b002-0c19c40a6323","Name":"IntegrationInstance","Value":"AutomaticEnvironment"},{"ParentStepIdentifier":"61a6843b-bf9b-4967-a6d3-cc68c2d54e3e","ParentWorkflowIdentifier":"6147e013-b225-4037-b002-0c19c40a6323","Name":"MessageToAssignee","Value":null},{"ParentStepIdentifier":"61a6843b-bf9b-4967-a6d3-cc68c2d54e3e","ParentWorkflowIdentifier":"6147e013-b225-4037-b002-0c19c40a6323","Name":"PendingActionTimeout","Value":null},{"ParentStepIdentifier":"61a6843b-bf9b-4967-a6d3-cc68c2d54e3e","ParentWorkflowIdentifier":"6147e013-b225-4037-b002-0c19c40a6323","Name":"ScriptName","Value":"Siemplify_Create Entity"},{"ParentStepIdentifier":"61a6843b-bf9b-4967-a6d3-cc68c2d54e3e","ParentWorkflowIdentifier":"6147e013-b225-4037-b002-0c19c40a6323","Name":"ScriptParametersEntityFields","Value":"{\"Entities Identifies\":\"[Input.email_subjects_list]\",\"Delimiter\":\",\",\"Entity Type\":\"EMAILSUBJECT\",\"Is Internal\":false,\"Is Suspicious\":false}"},{"ParentStepIdentifier":"61a6843b-bf9b-4967-a6d3-cc68c2d54e3e","ParentWorkflowIdentifier":"6147e013-b225-4037-b002-0c19c40a6323","Name":"SelectedScopeName","Value":"All entities"}],"AutoSkipOnFailure":false,"IsDebugMockData":false,"StepDebugData":null},{"Identifier":"7520a18f-8a66-4dbb-bdc6-638b4c8b9df3","OriginalStepIdentifier":"be6cd78f-793d-4901-beb4-5dfcd031d11d","ParentWorkflowIdentifier":"6147e013-b225-4037-b002-0c19c40a6323","ParentStepIdentifiers":[],"ParentStepIdentifier":"","PreviousResultCondition":"{}","InstanceName":"Are there any Hosts in the case? ","IsAutomatic":true,"Name":"Condition","IsSkippable":false,"Description":"This condition determines the progress of the playbook. Conditions are built based on cases data (cases, alerts, vents, entities and environment properties) as-well as data that comes back from previous playbook steps.","ActionProvider":"Flow","ActionName":"IfFlowCondition","Type":4,"Integration":"Flow","Parameters":[{"ParentStepIdentifier":"7520a18f-8a66-4dbb-bdc6-638b4c8b9df3","ParentWorkflowIdentifier":"6147e013-b225-4037-b002-0c19c40a6323","Name":"AssignedUsers","Value":null},{"ParentStepIdentifier":"7520a18f-8a66-4dbb-bdc6-638b4c8b9df3","ParentWorkflowIdentifier":"6147e013-b225-4037-b002-0c19c40a6323","Name":"Branches","Value":"[{\"LogicalOperator\":0,\"Conditions\":[{\"Operator\":6,\"FieldName\":\"[Input.hosts_list]\",\"Type\":2,\"Value\":\"GoogleChronicle_Lookup Similar Alerts\"},{\"Operator\":6,\"FieldName\":\"[Input.hosts_list]\",\"Type\":2,\"Value\":\"[\"},{\"Operator\":6,\"FieldName\":\"[Input.hosts_list]\",\"Type\":2,\"Value\":\"\\\"\"}],\"Order\":1,\"IsDefaultBranch\":false,\"Name\":\"Yes\"},{\"LogicalOperator\":0,\"Conditions\":[],\"Order\":2,\"IsDefaultBranch\":true,\"Name\":\"Branch\"}]"},{"ParentStepIdentifier":"7520a18f-8a66-4dbb-bdc6-638b4c8b9df3","ParentWorkflowIdentifier":"6147e013-b225-4037-b002-0c19c40a6323","Name":"ErrorFallbackBranch","Value":null},{"ParentStepIdentifier":"7520a18f-8a66-4dbb-bdc6-638b4c8b9df3","ParentWorkflowIdentifier":"6147e013-b225-4037-b002-0c19c40a6323","Name":"MessageToAssignee","Value":null},{"ParentStepIdentifier":"7520a18f-8a66-4dbb-bdc6-638b4c8b9df3","ParentWorkflowIdentifier":"6147e013-b225-4037-b002-0c19c40a6323","Name":"PendingActionTimeout","Value":null},{"ParentStepIdentifier":"7520a18f-8a66-4dbb-bdc6-638b4c8b9df3","ParentWorkflowIdentifier":"6147e013-b225-4037-b002-0c19c40a6323","Name":"SelectedScopeName","Value":"All entities"}],"AutoSkipOnFailure":false,"IsDebugMockData":false,"StepDebugData":null},{"Identifier":"76744f18-1745-4fef-a3f4-7a8b5b73410c","OriginalStepIdentifier":"ca4b14f9-e226-41c2-99fa-74c4b125e26d","ParentWorkflowIdentifier":"6147e013-b225-4037-b002-0c19c40a6323","ParentStepIdentifiers":["94e16583-fc50-47b0-a262-90f756b3b246"],"ParentStepIdentifier":"94e16583-fc50-47b0-a262-90f756b3b246","PreviousResultCondition":"{\"94e16583-fc50-47b0-a262-90f756b3b246\":\"1\"}","InstanceName":"Create IPs","IsAutomatic":true,"Name":"Siemplify_Create Entity","IsSkippable":false,"Description":"Creates an entity and adds to requested alert. Note - Please make sure to read our documentation regarding the differences in the delimiter’s behavior, between different Siemplify’s platform versions 5.6.0 inclusive and 5.6.2 exclusive, here: https://integrations.siemplify.co/doc/siemplify#create-entity","ActionProvider":"Scripts","ActionName":"Siemplify_Create Entity","Type":0,"Integration":"Siemplify","Parameters":[{"ParentStepIdentifier":"76744f18-1745-4fef-a3f4-7a8b5b73410c","ParentWorkflowIdentifier":"6147e013-b225-4037-b002-0c19c40a6323","Name":"AssignedUsers","Value":null},{"ParentStepIdentifier":"76744f18-1745-4fef-a3f4-7a8b5b73410c","ParentWorkflowIdentifier":"6147e013-b225-4037-b002-0c19c40a6323","Name":"FallbackIntegrationInstance","Value":"c77e22e7-650e-4743-8cb1-9e863795da47"},{"ParentStepIdentifier":"76744f18-1745-4fef-a3f4-7a8b5b73410c","ParentWorkflowIdentifier":"6147e013-b225-4037-b002-0c19c40a6323","Name":"IntegrationInstance","Value":"AutomaticEnvironment"},{"ParentStepIdentifier":"76744f18-1745-4fef-a3f4-7a8b5b73410c","ParentWorkflowIdentifier":"6147e013-b225-4037-b002-0c19c40a6323","Name":"MessageToAssignee","Value":null},{"ParentStepIdentifier":"76744f18-1745-4fef-a3f4-7a8b5b73410c","ParentWorkflowIdentifier":"6147e013-b225-4037-b002-0c19c40a6323","Name":"PendingActionTimeout","Value":null},{"ParentStepIdentifier":"76744f18-1745-4fef-a3f4-7a8b5b73410c","ParentWorkflowIdentifier":"6147e013-b225-4037-b002-0c19c40a6323","Name":"ScriptName","Value":"Siemplify_Create Entity"},{"ParentStepIdentifier":"76744f18-1745-4fef-a3f4-7a8b5b73410c","ParentWorkflowIdentifier":"6147e013-b225-4037-b002-0c19c40a6323","Name":"ScriptParametersEntityFields","Value":"{\"Entities Identifies\":\"[Input.ips_list]\",\"Delimiter\":\",\",\"Entity Type\":\"ADDRESS\",\"Is Internal\":false,\"Is Suspicious\":false}"},{"ParentStepIdentifier":"76744f18-1745-4fef-a3f4-7a8b5b73410c","ParentWorkflowIdentifier":"6147e013-b225-4037-b002-0c19c40a6323","Name":"SelectedScopeName","Value":"All entities"}],"AutoSkipOnFailure":false,"IsDebugMockData":false,"StepDebugData":null},{"Identifier":"77c7c99a-43bb-4ccd-b1ad-ba47c907608c","OriginalStepIdentifier":"a44d747b-bcf6-495a-9808-89dbfa4c052c","ParentWorkflowIdentifier":"6147e013-b225-4037-b002-0c19c40a6323","ParentStepIdentifiers":["1aea15e2-57dd-414f-9f8b-8280881bcf49"],"ParentStepIdentifier":"1aea15e2-57dd-414f-9f8b-8280881bcf49","PreviousResultCondition":"{}","InstanceName":"Output_1","IsAutomatic":true,"Name":"Output","IsSkippable":false,"Description":"","ActionProvider":"Flow","ActionName":"OutputAction","Type":6,"Integration":"Flow","Parameters":[{"ParentStepIdentifier":"77c7c99a-43bb-4ccd-b1ad-ba47c907608c","ParentWorkflowIdentifier":"6147e013-b225-4037-b002-0c19c40a6323","Name":"NestedWorkflowOutput","Value":null}],"AutoSkipOnFailure":false,"IsDebugMockData":false,"StepDebugData":null},{"Identifier":"82281ed0-94b8-4463-b578-8415dcf1d068","OriginalStepIdentifier":"1a603b44-dfc3-47e6-9d58-cf7c79d89a1c","ParentWorkflowIdentifier":"6147e013-b225-4037-b002-0c19c40a6323","ParentStepIdentifiers":["76744f18-1745-4fef-a3f4-7a8b5b73410c","94e16583-fc50-47b0-a262-90f756b3b246"],"ParentStepIdentifier":"76744f18-1745-4fef-a3f4-7a8b5b73410c;94e16583-fc50-47b0-a262-90f756b3b246","PreviousResultCondition":"{\"94e16583-fc50-47b0-a262-90f756b3b246\":\"2\"}","InstanceName":"Are there any Users in the case? ","IsAutomatic":true,"Name":"Condition","IsSkippable":false,"Description":"This condition determines the progress of the playbook. Conditions are built based on cases data (cases, alerts, vents, entities and environment properties) as-well as data that comes back from previous playbook steps.","ActionProvider":"Flow","ActionName":"IfFlowCondition","Type":4,"Integration":"Flow","Parameters":[{"ParentStepIdentifier":"82281ed0-94b8-4463-b578-8415dcf1d068","ParentWorkflowIdentifier":"6147e013-b225-4037-b002-0c19c40a6323","Name":"AssignedUsers","Value":null},{"ParentStepIdentifier":"82281ed0-94b8-4463-b578-8415dcf1d068","ParentWorkflowIdentifier":"6147e013-b225-4037-b002-0c19c40a6323","Name":"Branches","Value":"[{\"LogicalOperator\":0,\"Conditions\":[{\"Operator\":6,\"FieldName\":\"[Input.users_list]\",\"Type\":2,\"Value\":\"GoogleChronicle_Lookup Similar Alerts\"},{\"Operator\":6,\"FieldName\":\"[Input.users_list]\",\"Type\":2,\"Value\":\"[\"},{\"Operator\":6,\"FieldName\":\"[Input.users_list]\",\"Type\":2,\"Value\":\"\\\"\"}],\"Order\":1,\"IsDefaultBranch\":false,\"Name\":\"Branch\"},{\"LogicalOperator\":0,\"Conditions\":[],\"Order\":2,\"IsDefaultBranch\":true,\"Name\":\"Branch\"}]"},{"ParentStepIdentifier":"82281ed0-94b8-4463-b578-8415dcf1d068","ParentWorkflowIdentifier":"6147e013-b225-4037-b002-0c19c40a6323","Name":"ErrorFallbackBranch","Value":null},{"ParentStepIdentifier":"82281ed0-94b8-4463-b578-8415dcf1d068","ParentWorkflowIdentifier":"6147e013-b225-4037-b002-0c19c40a6323","Name":"MessageToAssignee","Value":null},{"ParentStepIdentifier":"82281ed0-94b8-4463-b578-8415dcf1d068","ParentWorkflowIdentifier":"6147e013-b225-4037-b002-0c19c40a6323","Name":"PendingActionTimeout","Value":null},{"ParentStepIdentifier":"82281ed0-94b8-4463-b578-8415dcf1d068","ParentWorkflowIdentifier":"6147e013-b225-4037-b002-0c19c40a6323","Name":"SelectedScopeName","Value":"All entities"}],"AutoSkipOnFailure":false,"IsDebugMockData":false,"StepDebugData":null},{"Identifier":"94e16583-fc50-47b0-a262-90f756b3b246","OriginalStepIdentifier":"b87dfea3-2bf6-4be9-a79c-5d991c4af86f","ParentWorkflowIdentifier":"6147e013-b225-4037-b002-0c19c40a6323","ParentStepIdentifiers":["32fe1a79-e662-400e-9a36-20de50cf8b25","7520a18f-8a66-4dbb-bdc6-638b4c8b9df3"],"ParentStepIdentifier":"32fe1a79-e662-400e-9a36-20de50cf8b25;7520a18f-8a66-4dbb-bdc6-638b4c8b9df3","PreviousResultCondition":"{\"7520a18f-8a66-4dbb-bdc6-638b4c8b9df3\":\"2\"}","InstanceName":"Are there any IPs in the case? ","IsAutomatic":true,"Name":"Condition","IsSkippable":false,"Description":"This condition determines the progress of the playbook. Conditions are built based on cases data (cases, alerts, vents, entities and environment properties) as-well as data that comes back from previous playbook steps.","ActionProvider":"Flow","ActionName":"IfFlowCondition","Type":4,"Integration":"Flow","Parameters":[{"ParentStepIdentifier":"94e16583-fc50-47b0-a262-90f756b3b246","ParentWorkflowIdentifier":"6147e013-b225-4037-b002-0c19c40a6323","Name":"AssignedUsers","Value":null},{"ParentStepIdentifier":"94e16583-fc50-47b0-a262-90f756b3b246","ParentWorkflowIdentifier":"6147e013-b225-4037-b002-0c19c40a6323","Name":"Branches","Value":"[{\"LogicalOperator\":0,\"Conditions\":[{\"Operator\":6,\"FieldName\":\"[Input.ips_list]\",\"Type\":2,\"Value\":\"GoogleChronicle_Lookup Similar Alerts\"},{\"Operator\":6,\"FieldName\":\"[Input.ips_list]\",\"Type\":2,\"Value\":\"[\"},{\"Operator\":6,\"FieldName\":\"[Input.ips_list]\",\"Type\":2,\"Value\":\"\\\"\"}],\"Order\":1,\"IsDefaultBranch\":false,\"Name\":\"Branch\"},{\"LogicalOperator\":0,\"Conditions\":[],\"Order\":2,\"IsDefaultBranch\":true,\"Name\":\"Branch\"}]"},{"ParentStepIdentifier":"94e16583-fc50-47b0-a262-90f756b3b246","ParentWorkflowIdentifier":"6147e013-b225-4037-b002-0c19c40a6323","Name":"ErrorFallbackBranch","Value":null},{"ParentStepIdentifier":"94e16583-fc50-47b0-a262-90f756b3b246","ParentWorkflowIdentifier":"6147e013-b225-4037-b002-0c19c40a6323","Name":"MessageToAssignee","Value":null},{"ParentStepIdentifier":"94e16583-fc50-47b0-a262-90f756b3b246","ParentWorkflowIdentifier":"6147e013-b225-4037-b002-0c19c40a6323","Name":"PendingActionTimeout","Value":null},{"ParentStepIdentifier":"94e16583-fc50-47b0-a262-90f756b3b246","ParentWorkflowIdentifier":"6147e013-b225-4037-b002-0c19c40a6323","Name":"SelectedScopeName","Value":"All entities"}],"AutoSkipOnFailure":false,"IsDebugMockData":false,"StepDebugData":null},{"Identifier":"a596778c-c7e3-48a9-b146-47d56f474a19","OriginalStepIdentifier":"333c5590-20fd-4730-9fbe-7a6998c6ba66","ParentWorkflowIdentifier":"6147e013-b225-4037-b002-0c19c40a6323","ParentStepIdentifiers":["19e91a45-f5eb-483a-a47e-f4a9090b4d5c"],"ParentStepIdentifier":"19e91a45-f5eb-483a-a47e-f4a9090b4d5c","PreviousResultCondition":"{\"19e91a45-f5eb-483a-a47e-f4a9090b4d5c\":\"1\"}","InstanceName":"Create URLs","IsAutomatic":true,"Name":"Siemplify_Create Entity","IsSkippable":false,"Description":"Creates an entity and adds to requested alert. Note - Please make sure to read our documentation regarding the differences in the delimiter’s behavior, between different Siemplify’s platform versions 5.6.0 inclusive and 5.6.2 exclusive, here: https://integrations.siemplify.co/doc/siemplify#create-entity","ActionProvider":"Scripts","ActionName":"Siemplify_Create Entity","Type":0,"Integration":"Siemplify","Parameters":[{"ParentStepIdentifier":"a596778c-c7e3-48a9-b146-47d56f474a19","ParentWorkflowIdentifier":"6147e013-b225-4037-b002-0c19c40a6323","Name":"AssignedUsers","Value":null},{"ParentStepIdentifier":"a596778c-c7e3-48a9-b146-47d56f474a19","ParentWorkflowIdentifier":"6147e013-b225-4037-b002-0c19c40a6323","Name":"FallbackIntegrationInstance","Value":"c77e22e7-650e-4743-8cb1-9e863795da47"},{"ParentStepIdentifier":"a596778c-c7e3-48a9-b146-47d56f474a19","ParentWorkflowIdentifier":"6147e013-b225-4037-b002-0c19c40a6323","Name":"IntegrationInstance","Value":"AutomaticEnvironment"},{"ParentStepIdentifier":"a596778c-c7e3-48a9-b146-47d56f474a19","ParentWorkflowIdentifier":"6147e013-b225-4037-b002-0c19c40a6323","Name":"MessageToAssignee","Value":null},{"ParentStepIdentifier":"a596778c-c7e3-48a9-b146-47d56f474a19","ParentWorkflowIdentifier":"6147e013-b225-4037-b002-0c19c40a6323","Name":"PendingActionTimeout","Value":null},{"ParentStepIdentifier":"a596778c-c7e3-48a9-b146-47d56f474a19","ParentWorkflowIdentifier":"6147e013-b225-4037-b002-0c19c40a6323","Name":"ScriptName","Value":"Siemplify_Create Entity"},{"ParentStepIdentifier":"a596778c-c7e3-48a9-b146-47d56f474a19","ParentWorkflowIdentifier":"6147e013-b225-4037-b002-0c19c40a6323","Name":"ScriptParametersEntityFields","Value":"{\"Entities Identifies\":\"[Input.urls_list]\",\"Delimiter\":\",\",\"Entity Type\":\"DestinationURL\",\"Is Internal\":false,\"Is Suspicious\":false}"},{"ParentStepIdentifier":"a596778c-c7e3-48a9-b146-47d56f474a19","ParentWorkflowIdentifier":"6147e013-b225-4037-b002-0c19c40a6323","Name":"SelectedScopeName","Value":"All entities"}],"AutoSkipOnFailure":false,"IsDebugMockData":false,"StepDebugData":null},{"Identifier":"bf84f1a1-995a-4493-827c-36a248dc5e58","OriginalStepIdentifier":"20e72ec6-0dca-4409-95fa-006bead35c91","ParentWorkflowIdentifier":"6147e013-b225-4037-b002-0c19c40a6323","ParentStepIdentifiers":["179cfca4-5605-4b67-a9df-fcd672c2dffb"],"ParentStepIdentifier":"179cfca4-5605-4b67-a9df-fcd672c2dffb","PreviousResultCondition":"{\"179cfca4-5605-4b67-a9df-fcd672c2dffb\":\"1\"}","InstanceName":"Create Hashes","IsAutomatic":true,"Name":"Siemplify_Create Entity","IsSkippable":false,"Description":"Creates an entity and adds to requested alert. Note - Please make sure to read our documentation regarding the differences in the delimiter’s behavior, between different Siemplify’s platform versions 5.6.0 inclusive and 5.6.2 exclusive, here: https://integrations.siemplify.co/doc/siemplify#create-entity","ActionProvider":"Scripts","ActionName":"Siemplify_Create Entity","Type":0,"Integration":"Siemplify","Parameters":[{"ParentStepIdentifier":"bf84f1a1-995a-4493-827c-36a248dc5e58","ParentWorkflowIdentifier":"6147e013-b225-4037-b002-0c19c40a6323","Name":"AssignedUsers","Value":null},{"ParentStepIdentifier":"bf84f1a1-995a-4493-827c-36a248dc5e58","ParentWorkflowIdentifier":"6147e013-b225-4037-b002-0c19c40a6323","Name":"FallbackIntegrationInstance","Value":"c77e22e7-650e-4743-8cb1-9e863795da47"},{"ParentStepIdentifier":"bf84f1a1-995a-4493-827c-36a248dc5e58","ParentWorkflowIdentifier":"6147e013-b225-4037-b002-0c19c40a6323","Name":"IntegrationInstance","Value":"AutomaticEnvironment"},{"ParentStepIdentifier":"bf84f1a1-995a-4493-827c-36a248dc5e58","ParentWorkflowIdentifier":"6147e013-b225-4037-b002-0c19c40a6323","Name":"MessageToAssignee","Value":null},{"ParentStepIdentifier":"bf84f1a1-995a-4493-827c-36a248dc5e58","ParentWorkflowIdentifier":"6147e013-b225-4037-b002-0c19c40a6323","Name":"PendingActionTimeout","Value":null},{"ParentStepIdentifier":"bf84f1a1-995a-4493-827c-36a248dc5e58","ParentWorkflowIdentifier":"6147e013-b225-4037-b002-0c19c40a6323","Name":"ScriptName","Value":"Siemplify_Create Entity"},{"ParentStepIdentifier":"bf84f1a1-995a-4493-827c-36a248dc5e58","ParentWorkflowIdentifier":"6147e013-b225-4037-b002-0c19c40a6323","Name":"ScriptParametersEntityFields","Value":"{\"Entities Identifies\":\"[Input.hashes_list]\",\"Delimiter\":\",\",\"Entity Type\":\"FILEHASH\",\"Is Internal\":false,\"Is Suspicious\":false}"},{"ParentStepIdentifier":"bf84f1a1-995a-4493-827c-36a248dc5e58","ParentWorkflowIdentifier":"6147e013-b225-4037-b002-0c19c40a6323","Name":"SelectedScopeName","Value":"All entities"}],"AutoSkipOnFailure":false,"IsDebugMockData":false,"StepDebugData":null}],"Triggers":[{"Identifier":"2f173671-950a-4dc1-9186-042f5fc56a1a","IsEnabled":true,"DefinitionIdentifier":"6147e013-b225-4037-b002-0c19c40a6323","Type":11,"WorkflowName":null,"LogicalOperator":0,"Conditions":[{"FieldName":"hosts_list","Value":"\"\"","MatchType":0},{"FieldName":"ips_list","Value":"\"\"","MatchType":0},{"FieldName":"users_list","Value":"\"\"","MatchType":0},{"FieldName":"urls_list","Value":"\"\"","MatchType":0},{"FieldName":"hashes_list","Value":"\"\"","MatchType":0},{"FieldName":"email_subjects_list","Value":"\"\"","MatchType":0},{"FieldName":"processes_list","Value":"\"\"","MatchType":0}],"Environments":["*"]}],"Environments":["*"]}}